{
 "vehicle_cost_per_km": [
  5, 
  5, 
  5, 
  5, 
  5
 ], 
 "runs": [
  {
   "avg_task_cost_vs_number_of_task": [
    1621.5, 
    1080.25, 
    720.1666666666666, 
    1175.75, 
    1296.4, 
    1080.3333333333333, 
    991.2142857142857, 
    1011.0625, 
    898.7222222222222, 
    808.85, 
    780.0909090909091, 
    831.0416666666666, 
    712.0384615384615, 
    741.8214285714286, 
    617.1, 
    592.90625, 
    576.0294117647059, 
    499.6666666666667, 
    546.6052631578947, 
    557.5749999999999, 
    535.9523809523811, 
    564.7499999999999, 
    435.5, 
    590.7083333333334, 
    446.05999999999995, 
    454.49999999999994, 
    432.4259259259259, 
    459.08928571428584, 
    473.98275862068976, 
    483.2166666666665
   ], 
   "number_of_vehicles": 2
  }, 
  {
   "avg_task_cost_vs_number_of_task": [
    1315, 
    1080.25, 
    720.1666666666666, 
    1175.75, 
    1296.4, 
    1080.3333333333333, 
    991.2142857142857, 
    1072.625, 
    898.7222222222222, 
    808.85, 
    780.0909090909091, 
    831.0416666666666, 
    733.076923076923, 
    741.8214285714286, 
    599.6, 
    578.53125, 
    582.1176470588235, 
    514.25, 
    487.1842105263158, 
    543, 
    511.35714285714283, 
    419.9318181818182, 
    423.0869565217391, 
    437.37499999999994, 
    511.62, 
    420.17307692307685, 
    573.4999999999999, 
    471.55357142857144, 
    442.46551724137925, 
    456.1999999999999
   ], 
   "number_of_vehicles": 3
  }, 
  {
   "avg_task_cost_vs_number_of_task": [
    1305.5, 
    1080.25, 
    720.1666666666666, 
    1175.75, 
    1296.4, 
    1080.3333333333333, 
    1061.5714285714287, 
    1072.625, 
    898.7222222222222, 
    943.1, 
    829.6818181818181, 
    831.0416666666666, 
    691.8461538461538, 
    741.8214285714286, 
    608.4333333333333, 
    570.40625, 
    610.9117647058823, 
    486.8888888888889, 
    483, 
    461.925, 
    548.2380952380953, 
    596.1818181818182, 
    522.1739130434781, 
    527.2708333333334, 
    465.42, 
    417.6923076923077, 
    445.8888888888888, 
    445.5357142857143, 
    539.2586206896551, 
    536.2333333333333
   ], 
   "number_of_vehicles": 4
  }, 
  {
   "avg_task_cost_vs_number_of_task": [
    1108.5, 
    1068.5, 
    712.3333333333334, 
    1175.75, 
    1263.8, 
    1053.1666666666667, 
    1038.2857142857142, 
    1052.25, 
    935.3333333333334, 
    841.8, 
    855.2272727272727, 
    713.125, 
    813.923076923077, 
    640.75, 
    692.3666666666667, 
    649.09375, 
    527.6764705882352, 
    496.52777777777777, 
    461.2631578947368, 
    543, 
    523.5238095238095, 
    544.2045454545455, 
    594.9565217391305, 
    620.6666666666666, 
    411.04, 
    417.6923076923077, 
    415.64814814814815, 
    475.76785714285717, 
    637.2413793103447, 
    527.4833333333333
   ], 
   "number_of_vehicles": 5
  }
 ], 
 "vehicle_starting_positions": [
  "Portsmouth", 
  "Newcastle", 
  "Leeds", 
  "Liverpool", 
  "Sheffield", 
  "Manchester", 
  "London", 
  "Plymouth", 
  "Norwich", 
  "Birmingham", 
  "Cardiff"
 ], 
 "task_distribution": {
  "distance_matrix": [
   [
    0, 
    345, 
    477.8, 
    348, 
    209.9, 
    233, 
    246.5, 
    205.2, 
    115, 
    244.6, 
    307.8
   ], 
   [
    345, 
    0, 
    592.8, 
    463, 
    205.7, 
    348, 
    98.5, 
    139.8, 
    230, 
    171, 
    422.8
   ], 
   [
    477.8, 
    592.8, 
    0, 
    359.8, 
    457.7, 
    244.8, 
    494.3, 
    453, 
    362.8, 
    492.4, 
    170
   ], 
   [
    348, 
    463, 
    359.8, 
    0, 
    327.9, 
    115, 
    364.5, 
    323.2, 
    233, 
    362.6, 
    189.8
   ], 
   [
    209.9, 
    205.7, 
    457.7, 
    327.9, 
    0, 
    212.9, 
    107.2, 
    148.5, 
    94.9, 
    34.7, 
    287.7
   ], 
   [
    233, 
    348, 
    244.8, 
    115, 
    212.9, 
    0, 
    249.5, 
    208.2, 
    118, 
    247.6, 
    74.8
   ], 
   [
    246.5, 
    98.5, 
    494.3, 
    364.5, 
    107.2, 
    249.5, 
    0, 
    41.3, 
    131.5, 
    72.5, 
    324.3
   ], 
   [
    205.2, 
    139.8, 
    453, 
    323.2, 
    148.5, 
    208.2, 
    41.3, 
    0, 
    90.2, 
    113.8, 
    283
   ], 
   [
    115, 
    230, 
    362.8, 
    233, 
    94.9, 
    118, 
    131.5, 
    90.2, 
    0, 
    129.6, 
    192.8
   ], 
   [
    244.6, 
    171, 
    492.4, 
    362.6, 
    34.7, 
    247.6, 
    72.5, 
    113.8, 
    129.6, 
    0, 
    322.4
   ], 
   [
    307.8, 
    422.8, 
    170, 
    189.8, 
    287.7, 
    74.8, 
    324.3, 
    283, 
    192.8, 
    322.4, 
    0
   ]
  ], 
  "weight_matrix": [
   [
    0, 
    3, 
    3, 
    3, 
    3, 
    3, 
    3, 
    3, 
    3, 
    3, 
    3
   ], 
   [
    3, 
    0, 
    3, 
    3, 
    3, 
    3, 
    3, 
    3, 
    3, 
    3, 
    3
   ], 
   [
    3, 
    3, 
    0, 
    3, 
    3, 
    3, 
    3, 
    3, 
    3, 
    3, 
    3
   ], 
   [
    3, 
    3, 
    3, 
    0, 
    3, 
    3, 
    3, 
    3, 
    3, 
    3, 
    3
   ], 
   [
    3, 
    3, 
    3, 
    3, 
    0, 
    3, 
    3, 
    3, 
    3, 
    3, 
    3
   ], 
   [
    3, 
    3, 
    3, 
    3, 
    3, 
    0, 
    3, 
    3, 
    3, 
    3, 
    3
   ], 
   [
    3, 
    3, 
    3, 
    3, 
    3, 
    3, 
    0, 
    3, 
    3, 
    3, 
    3
   ], 
   [
    3, 
    3, 
    3, 
    3, 
    3, 
    3, 
    3, 
    0, 
    3, 
    3, 
    3
   ], 
   [
    3, 
    3, 
    3, 
    3, 
    3, 
    3, 
    3, 
    3, 
    0, 
    3, 
    3
   ], 
   [
    3, 
    3, 
    3, 
    3, 
    3, 
    3, 
    3, 
    3, 
    3, 
    0, 
    3
   ], 
   [
    3, 
    3, 
    3, 
    3, 
    3, 
    3, 
    3, 
    3, 
    3, 
    3, 
    0
   ]
  ], 
  "city_names": [
   "Cardiff", 
   "Newcastle", 
   "Plymouth", 
   "Norwich", 
   "Manchester", 
   "London", 
   "Leeds", 
   "Sheffield", 
   "Birmingham", 
   "Liverpool", 
   "Portsmouth"
  ], 
  "reward_matrix": [
   [
    0, 
    44455, 
    20684, 
    43918, 
    68638, 
    64503, 
    62087, 
    69479, 
    85625, 
    62427, 
    51114
   ], 
   [
    44455, 
    0, 
    100, 
    23333, 
    69390, 
    43918, 
    88578, 
    81186, 
    65040, 
    75601, 
    30529
   ], 
   [
    20684, 
    100, 
    0, 
    41806, 
    24282, 
    62391, 
    17731, 
    25123, 
    41269, 
    18071, 
    75780
   ], 
   [
    43918, 
    23333, 
    41806, 
    0, 
    47516, 
    85625, 
    40965, 
    48357, 
    64503, 
    41305, 
    72236
   ], 
   [
    68638, 
    69390, 
    24282, 
    47516, 
    0, 
    68101, 
    87021, 
    79628, 
    89223, 
    99999, 
    54712
   ], 
   [
    64503, 
    43918, 
    62391, 
    85625, 
    68101, 
    0, 
    61550, 
    68942, 
    85088, 
    61890, 
    92821
   ], 
   [
    62087, 
    88578, 
    17731, 
    40965, 
    87021, 
    61550, 
    0, 
    98817, 
    82671, 
    93232, 
    48161
   ], 
   [
    69479, 
    81186, 
    25123, 
    48357, 
    79628, 
    68942, 
    98817, 
    0, 
    90064, 
    85840, 
    55553
   ], 
   [
    85625, 
    65040, 
    41269, 
    64503, 
    89223, 
    85088, 
    82671, 
    90064, 
    0, 
    83012, 
    71699
   ], 
   [
    62427, 
    75601, 
    18071, 
    41305, 
    99999, 
    61890, 
    93232, 
    85840, 
    83012, 
    0, 
    48501
   ], 
   [
    51114, 
    30529, 
    75780, 
    72236, 
    54712, 
    92821, 
    48161, 
    55553, 
    71699, 
    48501, 
    0
   ]
  ],