{
 "vehicle_cost_per_km": [
  5, 
  5, 
  5, 
  5, 
  5
 ], 
 "runs": [
  {
   "avg_task_cost_vs_number_of_task": [
    1807, 
    1658.5000000000002, 
    1488.9999999999998, 
    1279, 
    1023.2, 
    852.6666666666666, 
    730.8571428571429, 
    639.5, 
    568.4444444444445, 
    511.6, 
    502.6363636363636, 
    556.5833333333334, 
    513.7692307692307, 
    484.14285714285717, 
    445.26666666666665, 
    524.3125, 
    546.5294117647059, 
    537.7777777777778, 
    555.7894736842105, 
    528, 
    550.2857142857143, 
    514.8181818181819, 
    557.695652173913, 
    512.9583333333334, 
    593.48, 
    511.73076923076917, 
    515.8148148148148, 
    493.42857142857144, 
    493.6206896551723, 
    488.70000000000005
   ], 
   "number_of_vehicles": 2
  }, 
  {
   "avg_task_cost_vs_number_of_task": [
    1539, 
    1658.5000000000002, 
    1488.9999999999998, 
    1279, 
    1023.2, 
    852.6666666666666, 
    730.8571428571429, 
    639.5, 
    568.4444444444445, 
    511.6, 
    511.6363636363636, 
    556.5833333333334, 
    513.7692307692307, 
    477.07142857142856, 
    451.8666666666667, 
    530.75, 
    591.5882352941177, 
    506.3333333333333, 
    461.10526315789474, 
    585.5, 
    606.4761904761903, 
    557.7272727272727, 
    524.2173913043479, 
    511.125, 
    482.52, 
    517.5, 
    498.5555555555556, 
    478.82142857142856, 
    516.655172413793, 
    508.5833333333333
   ], 
   "number_of_vehicles": 3
  }, 
  {
   "avg_task_cost_vs_number_of_task": [
    1539, 
    1658.5000000000002, 
    1488.9999999999998, 
    1279, 
    1023.2, 
    852.6666666666666, 
    730.8571428571429, 
    639.5, 
    568.4444444444445, 
    511.6, 
    502.6363636363636, 
    556.5833333333334, 
    513.7692307692307, 
    484.14285714285717, 
    445.26666666666665, 
    568, 
    547.4117647058823, 
    498, 
    484.1842105263158, 
    495.55, 
    471.95238095238096, 
    548.8181818181819, 
    505.7608695652174, 
    566.2291666666666, 
    513.9600000000002, 
    526.6923076923077, 
    540.5555555555555, 
    470.625, 
    460.58620689655174, 
    446.6
   ], 
   "number_of_vehicles": 4
  }, 
  {
   "avg_task_cost_vs_number_of_task": [
    1539, 
    1658.5000000000002, 
    1488.9999999999998, 
    1279, 
    1023.2, 
    852.6666666666666, 
    730.8571428571429, 
    639.5, 
    568.4444444444445, 
    511.6, 
    511.6363636363636, 
    556.5833333333334, 
    535.7692307692307, 
    484.14285714285717, 
    445.26666666666665, 
    560.71875, 
    527.2941176470588, 
    522.7222222222222, 
    537.2631578947369, 
    554.725, 
    561.3809523809524, 
    555.6818181818182, 
    490.39130434782606, 
    635.2083333333333, 
    520.6, 
    578.1538461538462, 
    543.574074074074, 
    492.1607142857143, 
    485.1896551724138, 
    519.9
   ], 
   "number_of_vehicles": 5
  }
 ], 
 "vehicle_starting_positions": [
  "Newcastle", 
  "Sheffield", 
  "Birmingham", 
  "Cardiff", 
  "Leeds", 
  "Liverpool", 
  "Portsmouth", 
  "Plymouth", 
  "Norwich", 
  "London", 
  "Manchester"
 ], 
 "task_distribution": {
  "distance_matrix": [
   [
    0, 
    345, 
    477.8, 
    348, 
    209.9, 
    233, 
    246.5, 
    205.2, 
    115, 
    244.6, 
    307.8
   ], 
   [
    345, 
    0, 
    592.8, 
    463, 
    205.7, 
    348, 
    98.5, 
    139.8, 
    230, 
    171, 
    422.8
   ], 
   [
    477.8, 
    592.8, 
    0, 
    359.8, 
    457.7, 
    244.8, 
    494.3, 
    453, 
    362.8, 
    492.4, 
    170
   ], 
   [
    348, 
    463, 
    359.8, 
    0, 
    327.9, 
    115, 
    364.5, 
    323.2, 
    233, 
    362.6, 
    189.8
   ], 
   [
    209.9, 
    205.7, 
    457.7, 
    327.9, 
    0, 
    212.9, 
    107.2, 
    148.5, 
    94.9, 
    34.7, 
    287.7
   ], 
   [
    233, 
    348, 
    244.8, 
    115, 
    212.9, 
    0, 
    249.5, 
    208.2, 
    118, 
    247.6, 
    74.8
   ], 
   [
    246.5, 
    98.5, 
    494.3, 
    364.5, 
    107.2, 
    249.5, 
    0, 
    41.3, 
    131.5, 
    72.5, 
    324.3
   ], 
   [
    205.2, 
    139.8, 
    453, 
    323.2, 
    148.5, 
    208.2, 
    41.3, 
    0, 
    90.2, 
    113.8, 
    283
   ], 
   [
    115, 
    230, 
    362.8, 
    233, 
    94.9, 
    118, 
    131.5, 
    90.2, 
    0, 
    129.6, 
    192.8
   ], 
   [
    244.6, 
    171, 
    492.4, 
    362.6, 
    34.7, 
    247.6, 
    72.5, 
    113.8, 
    129.6, 
    0, 
    322.4
   ], 
   [
    307.8, 
    422.8, 
    170, 
    189.8, 
    287.7, 
    74.8, 
    324.3, 
    283, 
    192.8, 
    322.4, 
    0
   ]
  ], 
  "weight_matrix": [
   [
    0, 
    3, 
    3, 
    3, 
    3, 
    3, 
    3, 
    3, 
    3, 
    3, 
    3
   ], 
   [
    3, 
    0, 
    3, 
    3, 
    3, 
    3, 
    3, 
    3, 
    3, 
    3, 
    3
   ], 
   [
    3, 
    3, 
    0, 
    3, 
    3, 
    3, 
    3, 
    3, 
    3, 
    3, 
    3
   ], 
   [
    3, 
    3, 
    3, 
    0, 
    3, 
    3, 
    3, 
    3, 
    3, 
    3, 
    3
   ], 
   [
    3, 
    3, 
    3, 
    3, 
    0, 
    3, 
    3, 
    3, 
    3, 
    3, 
    3
   ], 
   [
    3, 
    3, 
    3, 
    3, 
    3, 
    0, 
    3, 
    3, 
    3, 
    3, 
    3
   ], 
   [
    3, 
    3, 
    3, 
    3, 
    3, 
    3, 
    0, 
    3, 
    3, 
    3, 
    3
   ], 
   [
    3, 
    3, 
    3, 
    3, 
    3, 
    3, 
    3, 
    0, 
    3, 
    3, 
    3
   ], 
   [
    3, 
    3, 
    3, 
    3, 
    3, 
    3, 
    3, 
    3, 
    0, 
    3, 
    3
   ], 
   [
    3, 
    3, 
    3, 
    3, 
    3, 
    3, 
    3, 
    3, 
    3, 
    0, 
    3
   ], 
   [
    3, 
    3, 
    3, 
    3, 
    3, 
    3, 
    3, 
    3, 
    3, 
    3, 
    0
   ]
  ], 
  "city_names": [
   "Cardiff", 
   "Newcastle", 
   "Plymouth", 
   "Norwich", 
   "Manchester", 
   "London", 
   "Leeds", 
   "Sheffield", 
   "Birmingham", 
   "Liverpool", 
   "Portsmouth"
  ], 
  "reward_matrix": [
   [
    0, 
    44455, 
    20684, 
    43918, 
    68638, 
    64503, 
    62087, 
    69479, 
    85625, 
    62427, 
    51114
   ], 
   [
    44455, 
    0, 
    100, 
    23333, 
    69390, 
    43918, 
    88578, 
    81186, 
    65040, 
    75601, 
    30529
   ], 
   [
    20684, 
    100, 
    0, 
    41806, 
    24282, 
    62391, 
    17731, 
    25123, 
    41269, 
    18071, 
    75780
   ], 
   [
    43918, 
    23333, 
    41806, 
    0, 
    47516, 
    85625, 
    40965, 
    48357, 
    64503, 
    41305, 
    72236
   ], 
   [
    68638, 
    69390, 
    24282, 
    47516, 
    0, 
    68101, 
    87021, 
    79628, 
    89223, 
    99999, 
    54712
   ], 
   [
    64503, 
    43918, 
    62391, 
    85625, 
    68101, 
    0, 
    61550, 
    68942, 
    85088, 
    61890, 
    92821
   ], 
   [
    62087, 
    88578, 
    17731, 
    40965, 
    87021, 
    61550, 
    0, 
    98817, 
    82671, 
    93232, 
    48161
   ], 
   [
    69479, 
    81186, 
    25123, 
    48357, 
    79628, 
    68942, 
    98817, 
    0, 
    90064, 
    85840, 
    55553
   ], 
   [
    85625, 
    65040, 
    41269, 
    64503, 
    89223, 
    85088, 
    82671, 
    90064, 
    0, 
    83012, 
    71699
   ], 
   [
    62427, 
    75601, 
    18071, 
    41305, 
    99999, 
    61890, 
    93232, 
    85840, 
    83012, 
    0, 
    48501
   ], 
   [
    51114, 
    30529, 
    75780, 
    72236, 
    54712, 
    92821, 
    48161, 
    55553, 
    71699, 
    48501, 
    0
   ]
  ],