{
 "vehicle_cost_per_km": [
  5, 
  5, 
  5, 
  5, 
  5
 ], 
 "runs": [
  {
   "avg_task_cost_vs_number_of_task": [
    2689, 
    2494.5, 
    1663, 
    1247.25, 
    1475.6, 
    1288.4999999999998, 
    1225.857142857143, 
    1167.75, 
    953.4444444444445, 
    858.1, 
    857.3636363636364, 
    749.5, 
    660.0769230769231, 
    612.9285714285714, 
    752.2666666666667, 
    655, 
    673.6470588235294, 
    697.1666666666665, 
    671.9473684210525, 
    628.05, 
    596.3809523809523, 
    641.8181818181818, 
    539.4782608695652, 
    622.6250000000001, 
    567.0800000000002, 
    596.8846153846154, 
    526.5555555555555, 
    573.1785714285714, 
    534.7931034482758, 
    587.7
   ], 
   "number_of_vehicles": 2
  }, 
  {
   "avg_task_cost_vs_number_of_task": [
    2315, 
    2307.5, 
    1663, 
    1247.25, 
    1475.6, 
    1288.4999999999998, 
    1104.4285714285713, 
    966.3749999999999, 
    858.9999999999999, 
    943.1, 
    892.6363636363636, 
    814.8333333333334, 
    784.0769230769231, 
    754.6428571428571, 
    704.2, 
    562.125, 
    673.6470588235293, 
    636.1111111111111, 
    619.3157894736842, 
    562.6, 
    593.0952380952381, 
    629.9999999999999, 
    619.695652173913, 
    600.4583333333334, 
    546.88, 
    520.5384615384614, 
    541.5185185185185, 
    563.357142857143, 
    550.4827586206895, 
    555.8333333333334
   ], 
   "number_of_vehicles": 3
  }, 
  {
   "avg_task_cost_vs_number_of_task": [
    2315, 
    2307.5, 
    1663, 
    1247.25, 
    1475.6, 
    1288.4999999999998, 
    1142.357142857143, 
    966.3749999999999, 
    858.9999999999999, 
    980.3, 
    926.6363636363635, 
    760.5416666666666, 
    826.0384615384615, 
    810.2142857142857, 
    704.3333333333334, 
    642.28125, 
    673.6470588235294, 
    585.1666666666666, 
    583.0526315789474, 
    590.25, 
    596.3809523809524, 
    590.75, 
    658.5652173913043, 
    542.7708333333334, 
    518.18, 
    523.7884615384615, 
    560.4259259259259, 
    546.75, 
    534.6379310344828, 
    515.0833333333334
   ], 
   "number_of_vehicles": 4
  }, 
  {
   "avg_task_cost_vs_number_of_task": [
    2315, 
    2307.5, 
    1663, 
    1247.25, 
    1475.6, 
    1288.4999999999998, 
    1104.4285714285713, 
    966.3749999999999, 
    888.5, 
    1019.2999999999998, 
    839, 
    855.5, 
    806.7692307692307, 
    791.2857142857143, 
    752.2666666666667, 
    655.5, 
    631.6764705882352, 
    594.6944444444445, 
    552, 
    591.2, 
    511.95238095238096, 
    578.4545454545455, 
    532.2391304347826, 
    587.0000000000001, 
    562.34, 
    491.26923076923083, 
    415.85185185185185, 
    508.14285714285717, 
    471.51724137931035, 
    444.23333333333335
   ], 
   "number_of_vehicles": 5
  }
 ], 
 "vehicle_starting_positions": [
  "Portsmouth", 
  "Plymouth", 
  "London", 
  "Manchester", 
  "Birmingham", 
  "Norwich", 
  "Liverpool", 
  "Leeds", 
  "Cardiff", 
  "Newcastle", 
  "Sheffield"
 ], 
 "task_distribution": {
  "distance_matrix": [
   [
    0, 
    345, 
    477.8, 
    348, 
    209.9, 
    233, 
    246.5, 
    205.2, 
    115, 
    244.6, 
    307.8
   ], 
   [
    345, 
    0, 
    592.8, 
    463, 
    205.7, 
    348, 
    98.5, 
    139.8, 
    230, 
    171, 
    422.8
   ], 
   [
    477.8, 
    592.8, 
    0, 
    359.8, 
    457.7, 
    244.8, 
    494.3, 
    453, 
    362.8, 
    492.4, 
    170
   ], 
   [
    348, 
    463, 
    359.8, 
    0, 
    327.9, 
    115, 
    364.5, 
    323.2, 
    233, 
    362.6, 
    189.8
   ], 
   [
    209.9, 
    205.7, 
    457.7, 
    327.9, 
    0, 
    212.9, 
    107.2, 
    148.5, 
    94.9, 
    34.7, 
    287.7
   ], 
   [
    233, 
    348, 
    244.8, 
    115, 
    212.9, 
    0, 
    249.5, 
    208.2, 
    118, 
    247.6, 
    74.8
   ], 
   [
    246.5, 
    98.5, 
    494.3, 
    364.5, 
    107.2, 
    249.5, 
    0, 
    41.3, 
    131.5, 
    72.5, 
    324.3
   ], 
   [
    205.2, 
    139.8, 
    453, 
    323.2, 
    148.5, 
    208.2, 
    41.3, 
    0, 
    90.2, 
    113.8, 
    283
   ], 
   [
    115, 
    230, 
    362.8, 
    233, 
    94.9, 
    118, 
    131.5, 
    90.2, 
    0, 
    129.6, 
    192.8
   ], 
   [
    244.6, 
    171, 
    492.4, 
    362.6, 
    34.7, 
    247.6, 
    72.5, 
    113.8, 
    129.6, 
    0, 
    322.4
   ], 
   [
    307.8, 
    422.8, 
    170, 
    189.8, 
    287.7, 
    74.8, 
    324.3, 
    283, 
    192.8, 
    322.4, 
    0
   ]
  ], 
  "weight_matrix": [
   [
    0, 
    3, 
    3, 
    3, 
    3, 
    3, 
    3, 
    3, 
    3, 
    3, 
    3
   ], 
   [
    3, 
    0, 
    3, 
    3, 
    3, 
    3, 
    3, 
    3, 
    3, 
    3, 
    3
   ], 
   [
    3, 
    3, 
    0, 
    3, 
    3, 
    3, 
    3, 
    3, 
    3, 
    3, 
    3
   ], 
   [
    3, 
    3, 
    3, 
    0, 
    3, 
    3, 
    3, 
    3, 
    3, 
    3, 
    3
   ], 
   [
    3, 
    3, 
    3, 
    3, 
    0, 
    3, 
    3, 
    3, 
    3, 
    3, 
    3
   ], 
   [
    3, 
    3, 
    3, 
    3, 
    3, 
    0, 
    3, 
    3, 
    3, 
    3, 
    3
   ], 
   [
    3, 
    3, 
    3, 
    3, 
    3, 
    3, 
    0, 
    3, 
    3, 
    3, 
    3
   ], 
   [
    3, 
    3, 
    3, 
    3, 
    3, 
    3, 
    3, 
    0, 
    3, 
    3, 
    3
   ], 
   [
    3, 
    3, 
    3, 
    3, 
    3, 
    3, 
    3, 
    3, 
    0, 
    3, 
    3
   ], 
   [
    3, 
    3, 
    3, 
    3, 
    3, 
    3, 
    3, 
    3, 
    3, 
    0, 
    3
   ], 
   [
    3, 
    3, 
    3, 
    3, 
    3, 
    3, 
    3, 
    3, 
    3, 
    3, 
    0
   ]
  ], 
  "city_names": [
   "Cardiff", 
   "Newcastle", 
   "Plymouth", 
   "Norwich", 
   "Manchester", 
   "London", 
   "Leeds", 
   "Sheffield", 
   "Birmingham", 
   "Liverpool", 
   "Portsmouth"
  ], 
  "reward_matrix": [
   [
    0, 
    44455, 
    20684, 
    43918, 
    68638, 
    64503, 
    62087, 
    69479, 
    85625, 
    62427, 
    51114
   ], 
   [
    44455, 
    0, 
    100, 
    23333, 
    69390, 
    43918, 
    88578, 
    81186, 
    65040, 
    75601, 
    30529
   ], 
   [
    20684, 
    100, 
    0, 
    41806, 
    24282, 
    62391, 
    17731, 
    25123, 
    41269, 
    18071, 
    75780
   ], 
   [
    43918, 
    23333, 
    41806, 
    0, 
    47516, 
    85625, 
    40965, 
    48357, 
    64503, 
    41305, 
    72236
   ], 
   [
    68638, 
    69390, 
    24282, 
    47516, 
    0, 
    68101, 
    87021, 
    79628, 
    89223, 
    99999, 
    54712
   ], 
   [
    64503, 
    43918, 
    62391, 
    85625, 
    68101, 
    0, 
    61550, 
    68942, 
    85088, 
    61890, 
    92821
   ], 
   [
    62087, 
    88578, 
    17731, 
    40965, 
    87021, 
    61550, 
    0, 
    98817, 
    82671, 
    93232, 
    48161
   ], 
   [
    69479, 
    81186, 
    25123, 
    48357, 
    79628, 
    68942, 
    98817, 
    0, 
    90064, 
    85840, 
    55553
   ], 
   [
    85625, 
    65040, 
    41269, 
    64503, 
    89223, 
    85088, 
    82671, 
    90064, 
    0, 
    83012, 
    71699
   ], 
   [
    62427, 
    75601, 
    18071, 
    41305, 
    99999, 
    61890, 
    93232, 
    85840, 
    83012, 
    0, 
    48501
   ], 
   [
    51114, 
    30529, 
    75780, 
    72236, 
    54712, 
    92821, 
    48161, 
    55553, 
    71699, 
    48501, 
    0
   ]
  ],