{
 "vehicle_cost_per_km": [
  5, 
  5, 
  5, 
  5, 
  5
 ], 
 "runs": [
  {
   "avg_task_cost_vs_number_of_task": [
    2114, 
    2106.5, 
    2108.9999999999995, 
    1670, 
    1546.1999999999998, 
    1396.6666666666667, 
    1197.1428571428569, 
    1191.2499999999998, 
    1058.8888888888887, 
    952.9999999999998, 
    950.5454545454545, 
    888.2499999999999, 
    813.9230769230769, 
    746.8571428571429, 
    753.3333333333334, 
    683, 
    617.470588235294, 
    627.5277777777778, 
    601.3157894736842, 
    602.4000000000001, 
    544.9523809523808, 
    602.8181818181818, 
    565.0869565217392, 
    524.4166666666667, 
    517.64, 
    591.3846153846155, 
    576.2962962962963, 
    581.7857142857143, 
    520.896551724138, 
    439.6333333333333
   ], 
   "number_of_vehicles": 2
  }, 
  {
   "avg_task_cost_vs_number_of_task": [
    2114, 
    1901.4999999999998, 
    1972.3333333333333, 
    1567.5, 
    1434.2, 
    1328.3333333333333, 
    1145.8571428571427, 
    1191.2499999999998, 
    1058.8888888888887, 
    952.9999999999998, 
    931.7272727272725, 
    874.7499999999999, 
    797.9230769230769, 
    761.3571428571428, 
    683.2666666666665, 
    640.5624999999999, 
    617.470588235294, 
    606.1111111111111, 
    579.4210526315788, 
    539.3, 
    580.0952380952381, 
    595.3181818181819, 
    463.5652173913044, 
    441.5, 
    467.64, 
    563.5769230769231, 
    560.0000000000001, 
    445.57142857142856, 
    486.793103448276, 
    469.0333333333334
   ], 
   "number_of_vehicles": 3
  }, 
  {
   "avg_task_cost_vs_number_of_task": [
    1828, 
    1784, 
    1894, 
    1508.75, 
    1377, 
    1289.1666666666667, 
    1145.8571428571427, 
    1216.375, 
    1058.8888888888887, 
    952.9999999999998, 
    957, 
    864.4166666666666, 
    797.9230769230769, 
    755.7857142857143, 
    731.3333333333334, 
    661.3125, 
    602.8823529411764, 
    592.3333333333334, 
    539.421052631579, 
    612.95, 
    624.2380952380952, 
    628.3636363636364, 
    547.2173913043479, 
    555.7916666666666, 
    478.24, 
    540.8846153846155, 
    467.1481481481482, 
    439.9285714285715, 
    495.58620689655174, 
    516.9333333333333
   ], 
   "number_of_vehicles": 4
  }, 
  {
   "avg_task_cost_vs_number_of_task": [
    1828, 
    1784, 
    1894, 
    1459.5, 
    1337.6, 
    1289.1666666666667, 
    1145.8571428571427, 
    1220.125, 
    1084.5555555555557, 
    952.9999999999998, 
    943, 
    945.25, 
    809.4615384615385, 
    740.9285714285712, 
    691.5333333333331, 
    696.375, 
    610.1764705882352, 
    627.7777777777778, 
    572.0526315789474, 
    618.9, 
    537.5714285714284, 
    610, 
    470.60869565217394, 
    494.2083333333334, 
    473.28, 
    529.5, 
    474.8888888888888, 
    545.8214285714287, 
    503.7586206896552, 
    467.86666666666673
   ], 
   "number_of_vehicles": 5
  }
 ], 
 "vehicle_starting_positions": [
  "Portsmouth", 
  "Newcastle", 
  "Cardiff", 
  "Sheffield", 
  "Liverpool", 
  "Norwich", 
  "Leeds", 
  "Birmingham", 
  "Plymouth", 
  "London", 
  "Manchester"
 ], 
 "task_distribution": {
  "distance_matrix": [
   [
    0, 
    345, 
    477.8, 
    348, 
    209.9, 
    233, 
    246.5, 
    205.2, 
    115, 
    244.6, 
    307.8
   ], 
   [
    345, 
    0, 
    592.8, 
    463, 
    205.7, 
    348, 
    98.5, 
    139.8, 
    230, 
    171, 
    422.8
   ], 
   [
    477.8, 
    592.8, 
    0, 
    359.8, 
    457.7, 
    244.8, 
    494.3, 
    453, 
    362.8, 
    492.4, 
    170
   ], 
   [
    348, 
    463, 
    359.8, 
    0, 
    327.9, 
    115, 
    364.5, 
    323.2, 
    233, 
    362.6, 
    189.8
   ], 
   [
    209.9, 
    205.7, 
    457.7, 
    327.9, 
    0, 
    212.9, 
    107.2, 
    148.5, 
    94.9, 
    34.7, 
    287.7
   ], 
   [
    233, 
    348, 
    244.8, 
    115, 
    212.9, 
    0, 
    249.5, 
    208.2, 
    118, 
    247.6, 
    74.8
   ], 
   [
    246.5, 
    98.5, 
    494.3, 
    364.5, 
    107.2, 
    249.5, 
    0, 
    41.3, 
    131.5, 
    72.5, 
    324.3
   ], 
   [
    205.2, 
    139.8, 
    453, 
    323.2, 
    148.5, 
    208.2, 
    41.3, 
    0, 
    90.2, 
    113.8, 
    283
   ], 
   [
    115, 
    230, 
    362.8, 
    233, 
    94.9, 
    118, 
    131.5, 
    90.2, 
    0, 
    129.6, 
    192.8
   ], 
   [
    244.6, 
    171, 
    492.4, 
    362.6, 
    34.7, 
    247.6, 
    72.5, 
    113.8, 
    129.6, 
    0, 
    322.4
   ], 
   [
    307.8, 
    422.8, 
    170, 
    189.8, 
    287.7, 
    74.8, 
    324.3, 
    283, 
    192.8, 
    322.4, 
    0
   ]
  ], 
  "weight_matrix": [
   [
    0, 
    3, 
    3, 
    3, 
    3, 
    3, 
    3, 
    3, 
    3, 
    3, 
    3
   ], 
   [
    3, 
    0, 
    3, 
    3, 
    3, 
    3, 
    3, 
    3, 
    3, 
    3, 
    3
   ], 
   [
    3, 
    3, 
    0, 
    3, 
    3, 
    3, 
    3, 
    3, 
    3, 
    3, 
    3
   ], 
   [
    3, 
    3, 
    3, 
    0, 
    3, 
    3, 
    3, 
    3, 
    3, 
    3, 
    3
   ], 
   [
    3, 
    3, 
    3, 
    3, 
    0, 
    3, 
    3, 
    3, 
    3, 
    3, 
    3
   ], 
   [
    3, 
    3, 
    3, 
    3, 
    3, 
    0, 
    3, 
    3, 
    3, 
    3, 
    3
   ], 
   [
    3, 
    3, 
    3, 
    3, 
    3, 
    3, 
    0, 
    3, 
    3, 
    3, 
    3
   ], 
   [
    3, 
    3, 
    3, 
    3, 
    3, 
    3, 
    3, 
    0, 
    3, 
    3, 
    3
   ], 
   [
    3, 
    3, 
    3, 
    3, 
    3, 
    3, 
    3, 
    3, 
    0, 
    3, 
    3
   ], 
   [
    3, 
    3, 
    3, 
    3, 
    3, 
    3, 
    3, 
    3, 
    3, 
    0, 
    3
   ], 
   [
    3, 
    3, 
    3, 
    3, 
    3, 
    3, 
    3, 
    3, 
    3, 
    3, 
    0
   ]
  ], 
  "city_names": [
   "Cardiff", 
   "Newcastle", 
   "Plymouth", 
   "Norwich", 
   "Manchester", 
   "London", 
   "Leeds", 
   "Sheffield", 
   "Birmingham", 
   "Liverpool", 
   "Portsmouth"
  ], 
  "reward_matrix": [
   [
    0, 
    44455, 
    20684, 
    43918, 
    68638, 
    64503, 
    62087, 
    69479, 
    85625, 
    62427, 
    51114
   ], 
   [
    44455, 
    0, 
    100, 
    23333, 
    69390, 
    43918, 
    88578, 
    81186, 
    65040, 
    75601, 
    30529
   ], 
   [
    20684, 
    100, 
    0, 
    41806, 
    24282, 
    62391, 
    17731, 
    25123, 
    41269, 
    18071, 
    75780
   ], 
   [
    43918, 
    23333, 
    41806, 
    0, 
    47516, 
    85625, 
    40965, 
    48357, 
    64503, 
    41305, 
    72236
   ], 
   [
    68638, 
    69390, 
    24282, 
    47516, 
    0, 
    68101, 
    87021, 
    79628, 
    89223, 
    99999, 
    54712
   ], 
   [
    64503, 
    43918, 
    62391, 
    85625, 
    68101, 
    0, 
    61550, 
    68942, 
    85088, 
    61890, 
    92821
   ], 
   [
    62087, 
    88578, 
    17731, 
    40965, 
    87021, 
    61550, 
    0, 
    98817, 
    82671, 
    93232, 
    48161
   ], 
   [
    69479, 
    81186, 
    25123, 
    48357, 
    79628, 
    68942, 
    98817, 
    0, 
    90064, 
    85840, 
    55553
   ], 
   [
    85625, 
    65040, 
    41269, 
    64503, 
    89223, 
    85088, 
    82671, 
    90064, 
    0, 
    83012, 
    71699
   ], 
   [
    62427, 
    75601, 
    18071, 
    41305, 
    99999, 
    61890, 
    93232, 
    85840, 
    83012, 
    0, 
    48501
   ], 
   [
    51114, 
    30529, 
    75780, 
    72236, 
    54712, 
    92821, 
    48161, 
    55553, 
    71699, 
    48501, 
    0
   ]
  ],