{
 "vehicle_cost_per_km": [
  5, 
  5, 
  5, 
  5, 
  5
 ], 
 "runs": [
  {
   "avg_task_cost_vs_number_of_task": [
    3935, 
    6525, 
    6915, 
    7231.25, 
    6824, 
    6692.5, 
    6187.857142857143, 
    6033.125, 
    5920.555555555556, 
    5688.5, 
    6086.818181818182, 
    5579.583333333333, 
    5826.923076923077, 
    5578.571428571428, 
    5304.333333333333, 
    5125, 
    4844.705882352941, 
    4900, 
    4957.894736842105, 
    5101, 
    5115.714285714285, 
    4927.727272727273, 
    5053.478260869565, 
    4905, 
    4839.4, 
    4653.2692307692305, 
    4720.555555555556, 
    4551.964285714285, 
    4617.758620689655, 
    4496.5
   ], 
   "number_of_vehicles": 3
  }
 ], 
 "vehicle_starting_positions": [
  "Brest", 
  "Paris", 
  "Marseille", 
  "Gen\u00e8ve", 
  "Monaco", 
  "Le Havre", 
  "Bordeaux", 
  "Lyon", 
  "Strasbourg"
 ], 
 "task_distribution": {
  "distance_matrix": [
   [
    0, 
    591, 
    1373, 
    1206, 
    1598, 
    787, 
    1175, 
    1057, 
    1078
   ], 
   [
    591, 
    0, 
    782, 
    615, 
    1007, 
    196, 
    584, 
    466, 
    487
   ], 
   [
    1373, 
    782, 
    0, 
    465, 
    225, 
    978, 
    646, 
    316, 
    854
   ], 
   [
    1206, 
    615, 
    465, 
    0, 
    521, 
    811, 
    737, 
    149, 
    389
   ], 
   [
    1598, 
    1007, 
    225, 
    521, 
    0, 
    1203, 
    871, 
    541, 
    910
   ], 
   [
    787, 
    196, 
    978, 
    811, 
    1203, 
    0, 
    780, 
    662, 
    683
   ], 
   [
    1175, 
    584, 
    646, 
    737, 
    871, 
    780, 
    0, 
    588, 
    1071
   ], 
   [
    1057, 
    466, 
    316, 
    149, 
    541, 
    662, 
    588, 
    0, 
    538
   ], 
   [
    1078, 
    487, 
    854, 
    389, 
    910, 
    683, 
    1071, 
    538, 
    0
   ]
  ], 
  "weight_matrix": [
   [
    0, 
    3, 
    3, 
    3, 
    3, 
    3, 
    3, 
    3, 
    3
   ], 
   [
    3, 
    0, 
    3, 
    3, 
    3, 
    3, 
    3, 
    3, 
    3
   ], 
   [
    3, 
    3, 
    0, 
    3, 
    3, 
    3, 
    3, 
    3, 
    3
   ], 
   [
    3, 
    3, 
    3, 
    0, 
    3, 
    3, 
    3, 
    3, 
    3
   ], 
   [
    3, 
    3, 
    3, 
    3, 
    0, 
    3, 
    3, 
    3, 
    3
   ], 
   [
    3, 
    3, 
    3, 
    3, 
    3, 
    0, 
    3, 
    3, 
    3
   ], 
   [
    3, 
    3, 
    3, 
    3, 
    3, 
    3, 
    0, 
    3, 
    3
   ], 
   [
    3, 
    3, 
    3, 
    3, 
    3, 
    3, 
    3, 
    0, 
    3
   ], 
   [
    3, 
    3, 
    3, 
    3, 
    3, 
    3, 
    3, 
    3, 
    0
   ]
  ], 
  "city_names": [
   "Brest", 
   "Paris", 
   "Marseille", 
   "Gen\u00e8ve", 
   "Monaco", 
   "Le Havre", 
   "Bordeaux", 
   "Lyon", 
   "Strasbourg"
  ], 
  "reward_matrix": [
   [
    0, 
    69526, 
    15612, 
    27125, 
    100, 
    56013, 
    29263, 
    37398, 
    35950
   ], 
   [
    69526, 
    0, 
    56357, 
    67871, 
    40845, 
    96758, 
    70008, 
    78143, 
    76696
   ], 
   [
    15612, 
    56357, 
    0, 
    78212, 
    94759, 
    42844, 
    65734, 
    88485, 
    51393
   ], 
   [
    27125, 
    67871, 
    78212, 
    0, 
    74352, 
    54358, 
    59460, 
    99999, 
    83452
   ], 
   [
    100, 
    40845, 
    94759, 
    74352, 
    0, 
    27332, 
    50221, 
    72973, 
    47533
   ], 
   [
    56013, 
    96758, 
    42844, 
    54358, 
    27332, 
    0, 
    56495, 
    64631, 
    63183
   ], 
   [
    29263, 
    70008, 
    65734, 
    59460, 
    50221, 
    56495, 
    0, 
    69732, 
    36433
   ], 
   [
    37398, 
    78143, 
    88485, 
    99999, 
    72973, 
    64631, 
    69732, 
    0, 
    73180
   ], 
   [
    35950, 
    76696, 
    51393, 
    83452, 
    47533, 
    63183, 
    36433, 
    73180, 
    0
   ]
  ], 
  "probability_matrix": [
   [
    0, 
    0.07379283789593191, 
    0.12249903251715097, 
    0.08307136782152773, 
    0.007333990996678512, 
    0.21345633777409068, 
    0.2238393453221977, 
    0.21069398058221467, 
    0.0653131070902079
   ], 
   [
    0.10326238844448252, 
    0, 
    0.1393981121411018, 
    0.12943871608777874, 
    0.1765882894125769, 
    0.13030373933036035, 
    0.11000927330431767, 
    0.04463726946996349, 
    0.16636221180941851
   ], 
   [
    0.055410896341894236, 
    0.18677689834686953, 
    0, 
    0.14676995697238152, 
    0.00782007551535803, 
    0.12249065299625787, 
    0.21027034698386055, 
    0.12560569036380295, 
    0.14485548247957525
   ], 
   [
    0.18815661495898975, 
    0.11166649503381405, 
    0.20990329657155601, 
    0, 
    0.053378228927528894, 
    0.07419997366136388, 
    0.07573695606834208, 
    0.13541933519109434, 
    0.15153909958731113
   ], 
   [
    0.18498850349480714, 
    0.013475232816690143, 
    0.06003843503362363, 
    0.1588418011390015, 
    0, 
    0.11259185743885045, 
    0.21869310256561905, 
    0.18870018942116704, 
    0.06267087809024108
   ], 
   [
    0.2128337731994079, 
    0.08718261214271492, 
    0.23612375172007916, 
    0.022970686174866008, 
    0.20120212432144596, 
    0, 
    0.004033087461153068, 
    0.037361429893861604, 
    0.19829253508647138
   ], 
   [
    0.13620632566757968, 
    0.2911323151052661, 
    0.1631019227713936, 
    0.06798684769351576, 
    0.03173668425190226, 
    0.031680493627903185, 
    0, 
    0.23900865684226852, 
    0.039146754040170983
   ], 
   [
    0.2954353873573438, 
    0.23929918386601168, 
    0.16254461397006872, 
    0.012116991409877119, 
    0.06022971591713158, 
    0.032650997568585124, 
    0.19155063210962955, 
    0, 
    0.006172477801352416
   ], 
   [
    0.13866403579681605, 
    0.19391710369536436, 
    0.055626235828899244, 
    0.02069530598753869, 
    0.13049747632733577, 
    0.12052436098781484, 
    0.17298889590147593, 
    0.16708658547475527, 
    0
   ]
  ]
 }, 
 "vehicle_capacities": [
  5, 
  5, 
  5, 
  30, 
  30, 
  30, 
  30, 
  30, 
  30
 ]
}