{
 "vehicle_cost_per_km": [
  15, 
  5, 
  5, 
  5, 
  5, 
  5, 
  5, 
  5, 
  5
 ], 
 "runs": [
  {
   "avg_task_cost_vs_number_of_task": [
    3160, 
    3715, 
    5258.333333333333, 
    4797.5, 
    4909, 
    4740.833333333333, 
    4676.428571428572, 
    4578.125, 
    4235, 
    4277.5, 
    3922.2727272727275, 
    4043.75, 
    3751.923076923077, 
    3644.6428571428573, 
    3612.3333333333335, 
    3738.4375, 
    3843.529411764706, 
    3858.8888888888887, 
    3655.7894736842104, 
    3706, 
    3662.6190476190477, 
    3955, 
    3985.217391304348, 
    4065.4166666666665, 
    4217.6, 
    4055.3846153846152, 
    4122.962962962963, 
    4098.928571428572, 
    4125, 
    4109.166666666667
   ], 
   "number_of_vehicles": 3
  }
 ], 
 "vehicle_starting_positions": [
  "Brest", 
  "Paris", 
  "Marseille", 
  "Gen\u00c3\u00a8ve", 
  "Monaco", 
  "Le Havre", 
  "Bordeaux", 
  "Lyon", 
  "Strasbourg"
 ], 
 "task_distribution": {
  "distance_matrix": [
   [
    0, 
    591, 
    1373, 
    1206, 
    1598, 
    787, 
    1175, 
    1057, 
    1078
   ], 
   [
    591, 
    0, 
    782, 
    615, 
    1007, 
    196, 
    584, 
    466, 
    487
   ], 
   [
    1373, 
    782, 
    0, 
    465, 
    225, 
    978, 
    646, 
    316, 
    854
   ], 
   [
    1206, 
    615, 
    465, 
    0, 
    521, 
    811, 
    737, 
    149, 
    389
   ], 
   [
    1598, 
    1007, 
    225, 
    521, 
    0, 
    1203, 
    871, 
    541, 
    910
   ], 
   [
    787, 
    196, 
    978, 
    811, 
    1203, 
    0, 
    780, 
    662, 
    683
   ], 
   [
    1175, 
    584, 
    646, 
    737, 
    871, 
    780, 
    0, 
    588, 
    1071
   ], 
   [
    1057, 
    466, 
    316, 
    149, 
    541, 
    662, 
    588, 
    0, 
    538
   ], 
   [
    1078, 
    487, 
    854, 
    389, 
    910, 
    683, 
    1071, 
    538, 
    0
   ]
  ], 
  "weight_matrix": [
   [
    0, 
    3, 
    3, 
    3, 
    3, 
    3, 
    3, 
    3, 
    3
   ], 
   [
    3, 
    0, 
    3, 
    3, 
    3, 
    3, 
    3, 
    3, 
    3
   ], 
   [
    3, 
    3, 
    0, 
    3, 
    3, 
    3, 
    3, 
    3, 
    3
   ], 
   [
    3, 
    3, 
    3, 
    0, 
    3, 
    3, 
    3, 
    3, 
    3
   ], 
   [
    3, 
    3, 
    3, 
    3, 
    0, 
    3, 
    3, 
    3, 
    3
   ], 
   [
    3, 
    3, 
    3, 
    3, 
    3, 
    0, 
    3, 
    3, 
    3
   ], 
   [
    3, 
    3, 
    3, 
    3, 
    3, 
    3, 
    0, 
    3, 
    3
   ], 
   [
    3, 
    3, 
    3, 
    3, 
    3, 
    3, 
    3, 
    0, 
    3
   ], 
   [
    3, 
    3, 
    3, 
    3, 
    3, 
    3, 
    3, 
    3, 
    0
   ]
  ], 
  "city_names": [
   "Brest", 
   "Paris", 
   "Marseille", 
   "Gen\u00c3\u00a8ve", 
   "Monaco", 
   "Le Havre", 
   "Bordeaux", 
   "Lyon", 
   "Strasbourg"
  ], 
  "reward_matrix": [
   [
    0, 
    69526, 
    15612, 
    27125, 
    100, 
    56013, 
    29263, 
    37398, 
    35950
   ], 
   [
    69526, 
    0, 
    56357, 
    67871, 
    40845, 
    96758, 
    70008, 
    78143, 
    76696
   ], 
   [
    15612, 
    56357, 
    0, 
    78212, 
    94759, 
    42844, 
    65734, 
    88485, 
    51393
   ], 
   [
    27125, 
    67871, 
    78212, 
    0, 
    74352, 
    54358, 
    59460, 
    99999, 
    83452
   ], 
   [
    100, 
    40845, 
    94759, 
    74352, 
    0, 
    27332, 
    50221, 
    72973, 
    47533
   ], 
   [
    56013, 
    96758, 
    42844, 
    54358, 
    27332, 
    0, 
    56495, 
    64631, 
    63183
   ], 
   [
    29263, 
    70008, 
    65734, 
    59460, 
    50221, 
    56495, 
    0, 
    69732, 
    36433
   ], 
   [
    37398, 
    78143, 
    88485, 
    99999, 
    72973, 
    64631, 
    69732, 
    0, 
    73180
   ], 
   [
    35950, 
    76696, 
    51393, 
    83452, 
    47533, 
    63183, 
    36433, 
    73180, 
    0
   ]
  ], 
  "probability_matrix": [
   [
    0, 
    0.2027152490709415, 
    0.2208374536512416, 
    0.035245749271097186, 
    0.0015007312620159891, 
    0.12787109314381467, 
    0.0010938045999036089, 
    0.09079710352966786, 
    0.3199388154713175
   ], 
   [
    0.15950013309282862, 
    0, 
    0.17490968824496414, 
    0.017259508557285756, 
    0.03871636991157262, 
    0.1665834945215843, 
    0.24356446151418742, 
    0.12355288461534746, 
    0.07591345954222956
   ], 
   [
    0.12375107323833832, 
    0.14992749096647692, 
    0, 
    0.19645525828504304, 
    0.06930247430568179, 
    0.07294718052247831, 
    0.018862917497394445, 
    0.18435282352233912, 
    0.1844007816622482
   ], 
   [
    0.12013195238756182, 
    0.1290779128134517, 
    0.10698322382466753, 
    0, 
    0.13297003371203844, 
    0.152113946146312, 
    0.12977445717805, 
    0.1357975778003768, 
    0.09315089613754164
   ], 
   [
    0.2430048074848283, 
    0.027520784829360916, 
    0.09742443512771601, 
    0.1274300281434755, 
    0, 
    0.07234856875204605, 
    0.038123146970209305, 
    0.21690091954316354, 
    0.17724730914920034
   ], 
   [
    0.1170024706753797, 
    0.13868113793359949, 
    0.12704400168558375, 
    0.1691249046078325, 
    0.16177667315235925, 
    0, 
    0.06646548626043271, 
    0.004740872566467526, 
    0.21516445311834512
   ], 
   [
    0.1989868561133761, 
    0.2781956833836773, 
    0.07445332572519775, 
    0.13792647250045048, 
    0.23007105631548488, 
    0.013225061206165161, 
    0, 
    0.06041545548620658, 
    0.006726089269442013
   ], 
   [
    0.0395165931379203, 
    0.17171013575456048, 
    0.08715398419531468, 
    0.055613840023083734, 
    0.18960538811478134, 
    0.08440402610700859, 
    0.18596861678760568, 
    0, 
    0.18602741587972502
   ], 
   [
    0.08924588086588603, 
    0.02745670235940092, 
    0.2701910768403265, 
    0.25732491727295503, 
    0.04542653624270924, 
    0.09042648690340375, 
    0.13508093258252155, 
    0.08484746693279716, 
    0
   ]
  ]
 }, 
 "vehicle_capacities": [
  5, 
  5, 
  5, 
  30, 
  30, 
  30, 
  30, 
  30, 
  30
 ]
}