{
 "vehicle_cost_per_km": [
  5, 
  5, 
  5, 
  5, 
  5
 ], 
 "runs": [
  {
   "avg_task_cost_vs_number_of_task": [
    9115, 
    4557.5, 
    3970, 
    4515, 
    3763, 
    3502.5, 
    3337.8571428571427, 
    2928.75, 
    2596.1111111111113, 
    2343, 
    2249.090909090909, 
    2241.25, 
    2338.846153846154, 
    1962.857142857143, 
    2017, 
    2090.625, 
    1582.0588235294117, 
    1494.1666666666667, 
    1783.421052631579, 
    1772.25, 
    1673.8095238095239, 
    1627.9545454545455, 
    1470.4347826086957, 
    1790.4166666666667, 
    1614.8, 
    1589.2307692307693, 
    1531.111111111111, 
    1462.5, 
    1511.2068965517242, 
    1661
   ], 
   "number_of_vehicles": 3
  }
 ], 
 "vehicle_starting_positions": [
  "Brest", 
  "Paris", 
  "Marseille", 
  "Gen\u00e8ve", 
  "Monaco", 
  "Le Havre", 
  "Bordeaux", 
  "Lyon", 
  "Strasbourg"
 ], 
 "task_distribution": {
  "distance_matrix": [
   [
    0, 
    591, 
    1373, 
    1206, 
    1598, 
    787, 
    1175, 
    1057, 
    1078
   ], 
   [
    591, 
    0, 
    782, 
    615, 
    1007, 
    196, 
    584, 
    466, 
    487
   ], 
   [
    1373, 
    782, 
    0, 
    465, 
    225, 
    978, 
    646, 
    316, 
    854
   ], 
   [
    1206, 
    615, 
    465, 
    0, 
    521, 
    811, 
    737, 
    149, 
    389
   ], 
   [
    1598, 
    1007, 
    225, 
    521, 
    0, 
    1203, 
    871, 
    541, 
    910
   ], 
   [
    787, 
    196, 
    978, 
    811, 
    1203, 
    0, 
    780, 
    662, 
    683
   ], 
   [
    1175, 
    584, 
    646, 
    737, 
    871, 
    780, 
    0, 
    588, 
    1071
   ], 
   [
    1057, 
    466, 
    316, 
    149, 
    541, 
    662, 
    588, 
    0, 
    538
   ], 
   [
    1078, 
    487, 
    854, 
    389, 
    910, 
    683, 
    1071, 
    538, 
    0
   ]
  ], 
  "weight_matrix": [
   [
    0, 
    3, 
    3, 
    3, 
    3, 
    3, 
    3, 
    3, 
    3
   ], 
   [
    3, 
    0, 
    3, 
    3, 
    3, 
    3, 
    3, 
    3, 
    3
   ], 
   [
    3, 
    3, 
    0, 
    3, 
    3, 
    3, 
    3, 
    3, 
    3
   ], 
   [
    3, 
    3, 
    3, 
    0, 
    3, 
    3, 
    3, 
    3, 
    3
   ], 
   [
    3, 
    3, 
    3, 
    3, 
    0, 
    3, 
    3, 
    3, 
    3
   ], 
   [
    3, 
    3, 
    3, 
    3, 
    3, 
    0, 
    3, 
    3, 
    3
   ], 
   [
    3, 
    3, 
    3, 
    3, 
    3, 
    3, 
    0, 
    3, 
    3
   ], 
   [
    3, 
    3, 
    3, 
    3, 
    3, 
    3, 
    3, 
    0, 
    3
   ], 
   [
    3, 
    3, 
    3, 
    3, 
    3, 
    3, 
    3, 
    3, 
    0
   ]
  ], 
  "city_names": [
   "Brest", 
   "Paris", 
   "Marseille", 
   "Gen\u00e8ve", 
   "Monaco", 
   "Le Havre", 
   "Bordeaux", 
   "Lyon", 
   "Strasbourg"
  ], 
  "reward_matrix": [
   [
    0, 
    69526, 
    15612, 
    27125, 
    100, 
    56013, 
    29263, 
    37398, 
    35950
   ], 
   [
    69526, 
    0, 
    56357, 
    67871, 
    40845, 
    96758, 
    70008, 
    78143, 
    76696
   ], 
   [
    15612, 
    56357, 
    0, 
    78212, 
    94759, 
    42844, 
    65734, 
    88485, 
    51393
   ], 
   [
    27125, 
    67871, 
    78212, 
    0, 
    74352, 
    54358, 
    59460, 
    99999, 
    83452
   ], 
   [
    100, 
    40845, 
    94759, 
    74352, 
    0, 
    27332, 
    50221, 
    72973, 
    47533
   ], 
   [
    56013, 
    96758, 
    42844, 
    54358, 
    27332, 
    0, 
    56495, 
    64631, 
    63183
   ], 
   [
    29263, 
    70008, 
    65734, 
    59460, 
    50221, 
    56495, 
    0, 
    69732, 
    36433
   ], 
   [
    37398, 
    78143, 
    88485, 
    99999, 
    72973, 
    64631, 
    69732, 
    0, 
    73180
   ], 
   [
    35950, 
    76696, 
    51393, 
    83452, 
    47533, 
    63183, 
    36433, 
    73180, 
    0
   ]
  ], 
  "probability_matrix": [
   [
    0, 
    0.05454467301693559, 
    0.052646076037606536, 
    0.299480251665997, 
    0.11797425893065733, 
    0.0391584344796226, 
    0.3064929372210965, 
    0.12385153301513752, 
    0.005851835632946918
   ], 
   [
    0.1151482906725976, 
    0, 
    0.06560247253696742, 
    0.20714109238315884, 
    0.1672813547409638, 
    0.07689513063944965, 
    0.203250208333903, 
    0.14191780811757732, 
    0.022763642575382124
   ], 
   [
    0.1026222881598402, 
    0.06808572458181049, 
    0, 
    0.09179930763349221, 
    0.14209205861013652, 
    0.1784392212666965, 
    0.17622018209634102, 
    0.12677880798046648, 
    0.11396240967121656
   ], 
   [
    0.18709392373585118, 
    0.11297294681025889, 
    0.09980882070120177, 
    0, 
    0.059864807449974695, 
    0.13491676661341592, 
    0.12830381587037815, 
    0.178410002226125, 
    0.09862891659279435
   ], 
   [
    0.23988591715778132, 
    0.047938900231315494, 
    0.12986685401939047, 
    0.11788217420812014, 
    0, 
    0.026271279763976176, 
    0.178873306926148, 
    0.18314784621284083, 
    0.07613372148042746
   ], 
   [
    0.03436882695855121, 
    0.07296423120118155, 
    0.15349731308336814, 
    0.12789690672166443, 
    0.18290617540965692, 
    0, 
    0.27164182059834924, 
    0.07231270406840046, 
    0.08441202195882806
   ], 
   [
    0.015633197589322568, 
    0.18345590751529658, 
    0.1324123857452686, 
    0.026389886463047484, 
    0.14319390156209152, 
    0.14336462658182866, 
    0, 
    0.17200142443914943, 
    0.18354867010399523
   ], 
   [
    0.13063531771926895, 
    0.043369599152568834, 
    0.14721006422438568, 
    0.14106642141073975, 
    0.12097692068218081, 
    0.17859271637610596, 
    0.18509118209445027, 
    0, 
    0.053057778340299885
   ], 
   [
    0.033369027125111354, 
    0.03727706064650304, 
    0.1655063687881991, 
    0.04093544345908317, 
    0.26385385525555805, 
    0.245331214076764, 
    0.2024515454507269, 
    0.011275485198054368, 
    0
   ]
  ]
 }, 
 "vehicle_capacities": [
  15, 
  15, 
  15, 
  30, 
  30, 
  30, 
  30, 
  30, 
  30
 ]
}