{
 "vehicle_cost_per_km": [
  5, 
  5, 
  5, 
  5, 
  5, 
  5, 
  5, 
  5, 
  5
 ], 
 "runs": [
  {
   "avg_task_cost_vs_number_of_task": [
    3070, 
    3680, 
    3530, 
    3703.75, 
    3161, 
    2871.6666666666665, 
    2975.714285714286, 
    2638.75, 
    2345.5555555555557, 
    2111, 
    1995.909090909091, 
    2050.8333333333335, 
    2053.846153846154, 
    1867.5, 
    1750.3333333333333, 
    1668.75, 
    1631.4705882352941, 
    1452.5, 
    1405.2631578947369, 
    1581.25, 
    1617.857142857143, 
    1530.4545454545455, 
    1511.304347826087, 
    1509.7916666666667, 
    1454, 
    1681.3461538461538, 
    1749.8148148148148, 
    1710, 
    1841.3793103448277, 
    1576
   ], 
   "number_of_vehicles": 3
  }
 ], 
 "vehicle_starting_positions": [
  "Brest", 
  "Paris", 
  "Marseille", 
  "Gen\u00c3\u00a8ve", 
  "Monaco", 
  "Le Havre", 
  "Bordeaux", 
  "Lyon", 
  "Strasbourg"
 ], 
 "task_distribution": {
  "distance_matrix": [
   [
    0, 
    591, 
    1373, 
    1206, 
    1598, 
    787, 
    1175, 
    1057, 
    1078
   ], 
   [
    591, 
    0, 
    782, 
    615, 
    1007, 
    196, 
    584, 
    466, 
    487
   ], 
   [
    1373, 
    782, 
    0, 
    465, 
    225, 
    978, 
    646, 
    316, 
    854
   ], 
   [
    1206, 
    615, 
    465, 
    0, 
    521, 
    811, 
    737, 
    149, 
    389
   ], 
   [
    1598, 
    1007, 
    225, 
    521, 
    0, 
    1203, 
    871, 
    541, 
    910
   ], 
   [
    787, 
    196, 
    978, 
    811, 
    1203, 
    0, 
    780, 
    662, 
    683
   ], 
   [
    1175, 
    584, 
    646, 
    737, 
    871, 
    780, 
    0, 
    588, 
    1071
   ], 
   [
    1057, 
    466, 
    316, 
    149, 
    541, 
    662, 
    588, 
    0, 
    538
   ], 
   [
    1078, 
    487, 
    854, 
    389, 
    910, 
    683, 
    1071, 
    538, 
    0
   ]
  ], 
  "weight_matrix": [
   [
    0, 
    3, 
    3, 
    3, 
    3, 
    3, 
    3, 
    3, 
    3
   ], 
   [
    3, 
    0, 
    3, 
    3, 
    3, 
    3, 
    3, 
    3, 
    3
   ], 
   [
    3, 
    3, 
    0, 
    3, 
    3, 
    3, 
    3, 
    3, 
    3
   ], 
   [
    3, 
    3, 
    3, 
    0, 
    3, 
    3, 
    3, 
    3, 
    3
   ], 
   [
    3, 
    3, 
    3, 
    3, 
    0, 
    3, 
    3, 
    3, 
    3
   ], 
   [
    3, 
    3, 
    3, 
    3, 
    3, 
    0, 
    3, 
    3, 
    3
   ], 
   [
    3, 
    3, 
    3, 
    3, 
    3, 
    3, 
    0, 
    3, 
    3
   ], 
   [
    3, 
    3, 
    3, 
    3, 
    3, 
    3, 
    3, 
    0, 
    3
   ], 
   [
    3, 
    3, 
    3, 
    3, 
    3, 
    3, 
    3, 
    3, 
    0
   ]
  ], 
  "city_names": [
   "Brest", 
   "Paris", 
   "Marseille", 
   "Gen\u00c3\u00a8ve", 
   "Monaco", 
   "Le Havre", 
   "Bordeaux", 
   "Lyon", 
   "Strasbourg"
  ], 
  "reward_matrix": [
   [
    0, 
    69526, 
    15612, 
    27125, 
    100, 
    56013, 
    29263, 
    37398, 
    35950
   ], 
   [
    69526, 
    0, 
    56357, 
    67871, 
    40845, 
    96758, 
    70008, 
    78143, 
    76696
   ], 
   [
    15612, 
    56357, 
    0, 
    78212, 
    94759, 
    42844, 
    65734, 
    88485, 
    51393
   ], 
   [
    27125, 
    67871, 
    78212, 
    0, 
    74352, 
    54358, 
    59460, 
    99999, 
    83452
   ], 
   [
    100, 
    40845, 
    94759, 
    74352, 
    0, 
    27332, 
    50221, 
    72973, 
    47533
   ], 
   [
    56013, 
    96758, 
    42844, 
    54358, 
    27332, 
    0, 
    56495, 
    64631, 
    63183
   ], 
   [
    29263, 
    70008, 
    65734, 
    59460, 
    50221, 
    56495, 
    0, 
    69732, 
    36433
   ], 
   [
    37398, 
    78143, 
    88485, 
    99999, 
    72973, 
    64631, 
    69732, 
    0, 
    73180
   ], 
   [
    35950, 
    76696, 
    51393, 
    83452, 
    47533, 
    63183, 
    36433, 
    73180, 
    0
   ]
  ], 
  "probability_matrix": [
   [
    0, 
    0.030496823459321927, 
    0.14750239022737283, 
    0.1753517480030527, 
    0.08256196245566887, 
    0.15764675343558784, 
    0.20060524677615438, 
    0.17152764802356008, 
    0.0343074276192812
   ], 
   [
    0.193532501818833, 
    0, 
    0.05628643861852846, 
    0.24840929487216562, 
    0.030119330482972922, 
    0.039883767236845336, 
    0.06397820531076179, 
    0.2426122478625848, 
    0.12517821379730795
   ], 
   [
    0.0882525371714406, 
    0.19933429156339763, 
    0, 
    0.10428611855734032, 
    0.07921104699688636, 
    0.2008359609274614, 
    0.21567401427255464, 
    0.03397511740569188, 
    0.0784309131052272
   ], 
   [
    0.09122269066194541, 
    0.0736057088791173, 
    0.18181302557814713, 
    0, 
    0.10775407420594472, 
    0.0034026480805359025, 
    0.2619497946735735, 
    0.08230429842408188, 
    0.1979477594966541
   ], 
   [
    0.13005839213202405, 
    0.311549700517883, 
    0.09065168880863143, 
    0.10501427258139116, 
    0, 
    0.009975815601776607, 
    0.007741381125133402, 
    0.23260704425039727, 
    0.1124017049827631
   ], 
   [
    0.14881935810699712, 
    0.16864371365503772, 
    0.20059896064162155, 
    0.08491553306425924, 
    0.12725999222009907, 
    0, 
    0.1687124545892506, 
    0.06503301159644202, 
    0.036016976126292656
   ], 
   [
    0.03969150962427298, 
    0.156819399724518, 
    0.2237366451630759, 
    0.14683219157381155, 
    0.014156184641595113, 
    0.016497118835867627, 
    0, 
    0.13561141692862796, 
    0.2666555335082309
   ], 
   [
    0.17113958150851372, 
    0.18333628682920947, 
    0.10338568446344842, 
    0.04345534816971409, 
    0.17234644099180574, 
    0.17010418902622887, 
    0.13954412591743046, 
    0, 
    0.01668834309364928
   ], 
   [
    0.10758622474113144, 
    0.18728832126342884, 
    0.1472116606302044, 
    0.12286095114972809, 
    0.12390897835244175, 
    0.18724928752110287, 
    0.062339227899742534, 
    0.061555348442219986, 
    0
   ]
  ]
 }, 
 "vehicle_capacities": [
  15, 
  15, 
  15, 
  30, 
  30, 
  30, 
  30, 
  30, 
  30
 ]
}