{
 "vehicle_cost_per_km": [
  5, 
  5, 
  5, 
  5, 
  5
 ], 
 "runs": [
  {
   "avg_task_cost_vs_number_of_task": [
    8240, 
    4120, 
    5200, 
    4456.25, 
    3565, 
    3219.1666666666665, 
    3034.285714285714, 
    2935, 
    2714.4444444444443, 
    2443, 
    2388.6363636363635, 
    2260, 
    2009.6153846153845, 
    1981.4285714285713, 
    1921, 
    1850, 
    1663.5294117647059, 
    1487.2222222222222, 
    1706.842105263158, 
    1515, 
    1564.047619047619, 
    1586.8181818181818, 
    1345.6521739130435, 
    1427.7083333333333, 
    1339.8, 
    1525.576923076923, 
    1550.1851851851852, 
    1294.4642857142858, 
    1290.6896551724137, 
    1550.1666666666667
   ], 
   "number_of_vehicles": 2
  }, 
  {
   "avg_task_cost_vs_number_of_task": [
    8240, 
    4120, 
    4638.333333333333, 
    4456.25, 
    3565, 
    3219.1666666666665, 
    3034.285714285714, 
    2935, 
    2757.777777777778, 
    2410, 
    2190.909090909091, 
    2177.0833333333335, 
    2133.846153846154, 
    2026.0714285714287, 
    1692.6666666666667, 
    1695.625, 
    1631.764705882353, 
    1634.4444444444443, 
    1473.421052631579, 
    1535, 
    1493.5714285714287, 
    1378.409090909091, 
    1466.5217391304348, 
    1468.5416666666667, 
    1484.2, 
    1396.5384615384614, 
    1512.4074074074074, 
    1445.1785714285713, 
    1314.8275862068965, 
    1421.3333333333333
   ], 
   "number_of_vehicles": 3
  }, 
  {
   "avg_task_cost_vs_number_of_task": [
    2955, 
    4120, 
    4638.333333333333, 
    4456.25, 
    3565, 
    2988.3333333333335, 
    2841.4285714285716, 
    2871.875, 
    2714.4444444444443, 
    2443, 
    2257.7272727272725, 
    2260.8333333333335, 
    2133.846153846154, 
    1973.9285714285713, 
    1692.6666666666667, 
    1586.875, 
    1695, 
    1446.388888888889, 
    1434.2105263157894, 
    1536, 
    1470.952380952381, 
    1518.409090909091, 
    1477.391304347826, 
    1388.5416666666667, 
    1358, 
    1328.4615384615386, 
    1450.7407407407406, 
    1311.7857142857142, 
    1393.9655172413793, 
    1329
   ], 
   "number_of_vehicles": 4
  }, 
  {
   "avg_task_cost_vs_number_of_task": [
    2955, 
    4120, 
    4638.333333333333, 
    4456.25, 
    3565, 
    2988.3333333333335, 
    2841.4285714285716, 
    2728.75, 
    2879.4444444444443, 
    2471.5, 
    2325.909090909091, 
    2251.25, 
    2147.3076923076924, 
    1981.4285714285713, 
    1692.6666666666667, 
    1779.6875, 
    1595.8823529411766, 
    1575, 
    1663.9473684210527, 
    1649.25, 
    1596.1904761904761, 
    1396.3636363636363, 
    1426.7391304347825, 
    1375.4166666666667, 
    1347.8, 
    1474.6153846153845, 
    1462.962962962963, 
    1271.7857142857142, 
    1399.655172413793, 
    1358.1666666666667
   ], 
   "number_of_vehicles": 5
  }
 ], 
 "vehicle_starting_positions": [
  "Strasbourg", 
  "Lyon", 
  "Marseille", 
  "Brest", 
  "Bordeaux", 
  "Paris", 
  "Monaco", 
  "Gen\u00e8ve", 
  "Le Havre"
 ], 
 "task_distribution": {
  "distance_matrix": [
   [
    0, 
    591, 
    1373, 
    1206, 
    1598, 
    787, 
    1175, 
    1057, 
    1078
   ], 
   [
    591, 
    0, 
    782, 
    615, 
    1007, 
    196, 
    584, 
    466, 
    487
   ], 
   [
    1373, 
    782, 
    0, 
    465, 
    225, 
    978, 
    646, 
    316, 
    854
   ], 
   [
    1206, 
    615, 
    465, 
    0, 
    521, 
    811, 
    737, 
    149, 
    389
   ], 
   [
    1598, 
    1007, 
    225, 
    521, 
    0, 
    1203, 
    871, 
    541, 
    910
   ], 
   [
    787, 
    196, 
    978, 
    811, 
    1203, 
    0, 
    780, 
    662, 
    683
   ], 
   [
    1175, 
    584, 
    646, 
    737, 
    871, 
    780, 
    0, 
    588, 
    1071
   ], 
   [
    1057, 
    466, 
    316, 
    149, 
    541, 
    662, 
    588, 
    0, 
    538
   ], 
   [
    1078, 
    487, 
    854, 
    389, 
    910, 
    683, 
    1071, 
    538, 
    0
   ]
  ], 
  "weight_matrix": [
   [
    0, 
    3, 
    3, 
    3, 
    3, 
    3, 
    3, 
    3, 
    3
   ], 
   [
    3, 
    0, 
    3, 
    3, 
    3, 
    3, 
    3, 
    3, 
    3
   ], 
   [
    3, 
    3, 
    0, 
    3, 
    3, 
    3, 
    3, 
    3, 
    3
   ], 
   [
    3, 
    3, 
    3, 
    0, 
    3, 
    3, 
    3, 
    3, 
    3
   ], 
   [
    3, 
    3, 
    3, 
    3, 
    0, 
    3, 
    3, 
    3, 
    3
   ], 
   [
    3, 
    3, 
    3, 
    3, 
    3, 
    0, 
    3, 
    3, 
    3
   ], 
   [
    3, 
    3, 
    3, 
    3, 
    3, 
    3, 
    0, 
    3, 
    3
   ], 
   [
    3, 
    3, 
    3, 
    3, 
    3, 
    3, 
    3, 
    0, 
    3
   ], 
   [
    3, 
    3, 
    3, 
    3, 
    3, 
    3, 
    3, 
    3, 
    0
   ]
  ], 
  "city_names": [
   "Brest", 
   "Paris", 
   "Marseille", 
   "Gen\u00e8ve", 
   "Monaco", 
   "Le Havre", 
   "Bordeaux", 
   "Lyon", 
   "Strasbourg"
  ], 
  "reward_matrix": [
   [
    0, 
    69526, 
    15612, 
    27125, 
    100, 
    56013, 
    29263, 
    37398, 
    35950
   ], 
   [
    69526, 
    0, 
    56357, 
    67871, 
    40845, 
    96758, 
    70008, 
    78143, 
    76696
   ], 
   [
    15612, 
    56357, 
    0, 
    78212, 
    94759, 
    42844, 
    65734, 
    88485, 
    51393
   ], 
   [
    27125, 
    67871, 
    78212, 
    0, 
    74352, 
    54358, 
    59460, 
    99999, 
    83452
   ], 
   [
    100, 
    40845, 
    94759, 
    74352, 
    0, 
    27332, 
    50221, 
    72973, 
    47533
   ], 
   [
    56013, 
    96758, 
    42844, 
    54358, 
    27332, 
    0, 
    56495, 
    64631, 
    63183
   ], 
   [
    29263, 
    70008, 
    65734, 
    59460, 
    50221, 
    56495, 
    0, 
    69732, 
    36433
   ], 
   [
    37398, 
    78143, 
    88485, 
    99999, 
    72973, 
    64631, 
    69732, 
    0, 
    73180
   ], 
   [
    35950, 
    76696, 
    51393, 
    83452, 
    47533, 
    63183, 
    36433, 
    73180, 
    0
   ]
  ], 
  "probability_matrix": [
   [
    0, 
    0.2103700178863408, 
    0.16930743345312244, 
    0.15097159913976563, 
    0.057607946522634554, 
    0.09892679542332224, 
    0.17607759156816016, 
    0.08768527480623298, 
    0.04905334120042125
   ], 
   [
    0.012699282186971503, 
    0, 
    0.19527826012123456, 
    0.13502218505664793, 
    0.15190674087493403, 
    0.20658993668492162, 
    0.07628944190617397, 
    0.17213694998250126, 
    0.05007720318661515
   ], 
   [
    0.20519369480700286, 
    0.043034504591742205, 
    0, 
    0.049760306203506924, 
    0.1629933327525837, 
    0.13320975647855765, 
    0.17115393434338447, 
    0.14885238311294363, 
    0.08580208771027856
   ], 
   [
    0.16937657900316055, 
    0.16451802963776616, 
    0.1981417484447664, 
    0, 
    0.1960340809040352, 
    0.09928979169702615, 
    0.13648283048236315, 
    0.03180125138780871, 
    0.00435568844307377
   ], 
   [
    0.12489027287239557, 
    0.12050780181396246, 
    0.07563213772312388, 
    0.11557533853583561, 
    0, 
    0.12852158398907404, 
    0.15472847283687646, 
    0.1517104751058071, 
    0.12843391712292487
   ], 
   [
    0.248524780577016, 
    0.023482407432320787, 
    0.04774333510860203, 
    0.039269193309703854, 
    0.19370886957697175, 
    0, 
    0.2877416812075275, 
    0.11606059655597255, 
    0.04346913623188564
   ], 
   [
    0.11977814854093004, 
    0.05548217477116164, 
    0.181495446094295, 
    0.18882701695251808, 
    0.1421070760101575, 
    0.032538899347584825, 
    0, 
    0.1564212925874872, 
    0.12334994569586569
   ], 
   [
    0.1158466706381636, 
    0.1607345275035395, 
    0.14368797839273373, 
    0.1162602467387007, 
    0.14032648609601872, 
    0.05906958509401185, 
    0.03654566231333493, 
    0, 
    0.22752884322349684
   ], 
   [
    0.11802714650988788, 
    0.16488176155616713, 
    0.13961618830728445, 
    0.09734585018697609, 
    0.06187981356703821, 
    0.16601061926656677, 
    0.07333470903450567, 
    0.1789039115715738, 
    0
   ]
  ]
 },