{
 "vehicle_cost_per_km": [
  15, 
  5, 
  5, 
  5, 
  5, 
  5, 
  5, 
  5, 
  5
 ], 
 "runs": [
  {
   "avg_task_cost_vs_number_of_task": [
    9115, 
    8957.5, 
    8875, 
    7803.75, 
    7418, 
    6647.5, 
    7140, 
    7321.875, 
    6758.333333333333, 
    6429, 
    6390.909090909091, 
    6091.25, 
    5721.923076923077, 
    5405.357142857143, 
    5329.666666666667, 
    4996.5625, 
    4817.941176470588, 
    5009.166666666667, 
    5301.8421052631575, 
    5036.75, 
    5023.809523809524, 
    4897.727272727273, 
    4911.304347826087, 
    4921.666666666667, 
    5156, 
    5260.384615384615, 
    5417.222222222223, 
    5267.142857142857, 
    5223.275862068966, 
    5401.5
   ], 
   "number_of_vehicles": 3
  }
 ], 
 "vehicle_starting_positions": [
  "Brest", 
  "Paris", 
  "Marseille", 
  "Gen\u00c3\u00a8ve", 
  "Monaco", 
  "Le Havre", 
  "Bordeaux", 
  "Lyon", 
  "Strasbourg"
 ], 
 "task_distribution": {
  "distance_matrix": [
   [
    0, 
    591, 
    1373, 
    1206, 
    1598, 
    787, 
    1175, 
    1057, 
    1078
   ], 
   [
    591, 
    0, 
    782, 
    615, 
    1007, 
    196, 
    584, 
    466, 
    487
   ], 
   [
    1373, 
    782, 
    0, 
    465, 
    225, 
    978, 
    646, 
    316, 
    854
   ], 
   [
    1206, 
    615, 
    465, 
    0, 
    521, 
    811, 
    737, 
    149, 
    389
   ], 
   [
    1598, 
    1007, 
    225, 
    521, 
    0, 
    1203, 
    871, 
    541, 
    910
   ], 
   [
    787, 
    196, 
    978, 
    811, 
    1203, 
    0, 
    780, 
    662, 
    683
   ], 
   [
    1175, 
    584, 
    646, 
    737, 
    871, 
    780, 
    0, 
    588, 
    1071
   ], 
   [
    1057, 
    466, 
    316, 
    149, 
    541, 
    662, 
    588, 
    0, 
    538
   ], 
   [
    1078, 
    487, 
    854, 
    389, 
    910, 
    683, 
    1071, 
    538, 
    0
   ]
  ], 
  "weight_matrix": [
   [
    0, 
    3, 
    3, 
    3, 
    3, 
    3, 
    3, 
    3, 
    3
   ], 
   [
    3, 
    0, 
    3, 
    3, 
    3, 
    3, 
    3, 
    3, 
    3
   ], 
   [
    3, 
    3, 
    0, 
    3, 
    3, 
    3, 
    3, 
    3, 
    3
   ], 
   [
    3, 
    3, 
    3, 
    0, 
    3, 
    3, 
    3, 
    3, 
    3
   ], 
   [
    3, 
    3, 
    3, 
    3, 
    0, 
    3, 
    3, 
    3, 
    3
   ], 
   [
    3, 
    3, 
    3, 
    3, 
    3, 
    0, 
    3, 
    3, 
    3
   ], 
   [
    3, 
    3, 
    3, 
    3, 
    3, 
    3, 
    0, 
    3, 
    3
   ], 
   [
    3, 
    3, 
    3, 
    3, 
    3, 
    3, 
    3, 
    0, 
    3
   ], 
   [
    3, 
    3, 
    3, 
    3, 
    3, 
    3, 
    3, 
    3, 
    0
   ]
  ], 
  "city_names": [
   "Brest", 
   "Paris", 
   "Marseille", 
   "Gen\u00c3\u00a8ve", 
   "Monaco", 
   "Le Havre", 
   "Bordeaux", 
   "Lyon", 
   "Strasbourg"
  ], 
  "reward_matrix": [
   [
    0, 
    69526, 
    15612, 
    27125, 
    100, 
    56013, 
    29263, 
    37398, 
    35950
   ], 
   [
    69526, 
    0, 
    56357, 
    67871, 
    40845, 
    96758, 
    70008, 
    78143, 
    76696
   ], 
   [
    15612, 
    56357, 
    0, 
    78212, 
    94759, 
    42844, 
    65734, 
    88485, 
    51393
   ], 
   [
    27125, 
    67871, 
    78212, 
    0, 
    74352, 
    54358, 
    59460, 
    99999, 
    83452
   ], 
   [
    100, 
    40845, 
    94759, 
    74352, 
    0, 
    27332, 
    50221, 
    72973, 
    47533
   ], 
   [
    56013, 
    96758, 
    42844, 
    54358, 
    27332, 
    0, 
    56495, 
    64631, 
    63183
   ], 
   [
    29263, 
    70008, 
    65734, 
    59460, 
    50221, 
    56495, 
    0, 
    69732, 
    36433
   ], 
   [
    37398, 
    78143, 
    88485, 
    99999, 
    72973, 
    64631, 
    69732, 
    0, 
    73180
   ], 
   [
    35950, 
    76696, 
    51393, 
    83452, 
    47533, 
    63183, 
    36433, 
    73180, 
    0
   ]
  ], 
  "probability_matrix": [
   [
    0, 
    0.044098283642882305, 
    0.045744592686865065, 
    0.2718534884564472, 
    0.08160018948752136, 
    0.23471642892009423, 
    0.03820544678694418, 
    0.14555995682109424, 
    0.13822161319815154
   ], 
   [
    0.1177920109430096, 
    0, 
    0.10354398056707009, 
    0.13179403576624796, 
    0.11599145489153856, 
    0.28982907411579334, 
    0.025818938977373494, 
    0.025040183833272774, 
    0.19019032090569418
   ], 
   [
    0.19723212625782002, 
    0.02065730275933744, 
    0, 
    0.1222847333804178, 
    0.14516646724573934, 
    0.3578066147104158, 
    0.011233790356395334, 
    0.12443655268423857, 
    0.021182412605635605
   ], 
   [
    0.2866410065430397, 
    0.09313252465933441, 
    0.21069899572424236, 
    0, 
    0.0971898190305655, 
    0.007921920297121993, 
    0.056075032766954615, 
    0.1902659155028221, 
    0.05807478547591939
   ], 
   [
    0.0847776946939229, 
    0.13724071927926118, 
    0.14924653416981012, 
    0.15246825050522755, 
    0, 
    0.03114645300265757, 
    0.21994934122797336, 
    0.09747601857839258, 
    0.12769498854275477
   ], 
   [
    0.09026174597724285, 
    0.20571734977956765, 
    0.09833951508473622, 
    0.20738789981389893, 
    0.13906070134343979, 
    0, 
    0.014995142385237682, 
    0.1471121745427007, 
    0.09712547107317626
   ], 
   [
    0.139130495284212, 
    0.1791015937548109, 
    0.10157952010685573, 
    0.14995321100850997, 
    0.09130951586739004, 
    0.020411084220366676, 
    0, 
    0.13041509952071317, 
    0.18809948023714146
   ], 
   [
    0.14194775464928183, 
    0.11283559470287396, 
    0.1854279260283664, 
    0.061671353960713375, 
    0.17214785568433857, 
    0.0370291979333035, 
    0.18584548289016334, 
    0, 
    0.10309483415095909
   ], 
   [
    0.15864651375505096, 
    0.1546881168611984, 
    0.06216686070219849, 
    0.1529542731020667, 
    0.043943539261267664, 
    0.10420579499294381, 
    0.16266562283054375, 
    0.16072927849473018, 
    0
   ]
  ]
 }, 
 "vehicle_capacities": [
  5, 
  5, 
  5, 
  30, 
  30, 
  30, 
  30, 
  30, 
  30
 ]
}