{
 "vehicle_cost_per_km": [
  5, 
  5, 
  5, 
  5, 
  5
 ], 
 "runs": [
  {
   "avg_task_cost_vs_number_of_task": [
    8355, 
    7487.5, 
    5645, 
    4233.75, 
    3387, 
    3587.5, 
    3195.714285714286, 
    2796.25, 
    2813.8888888888887, 
    2273.5, 
    2066.818181818182, 
    2110.8333333333335, 
    2175.769230769231, 
    1890.357142857143, 
    1819.3333333333333, 
    1654.0625, 
    1828.8235294117646, 
    1578.611111111111, 
    1818.6842105263158, 
    1732.5, 
    1716.4285714285713, 
    1556.590909090909, 
    1674.1304347826087, 
    1836.6666666666667, 
    1743.8, 
    1665.3846153846155, 
    1612.2222222222222, 
    1636.0714285714287, 
    1597.0689655172414, 
    1598.8333333333333
   ], 
   "number_of_vehicles": 3
  }
 ], 
 "vehicle_starting_positions": [
  "Brest", 
  "Paris", 
  "Marseille", 
  "Gen\u00e8ve", 
  "Monaco", 
  "Le Havre", 
  "Bordeaux", 
  "Lyon", 
  "Strasbourg"
 ], 
 "task_distribution": {
  "distance_matrix": [
   [
    0, 
    591, 
    1373, 
    1206, 
    1598, 
    787, 
    1175, 
    1057, 
    1078
   ], 
   [
    591, 
    0, 
    782, 
    615, 
    1007, 
    196, 
    584, 
    466, 
    487
   ], 
   [
    1373, 
    782, 
    0, 
    465, 
    225, 
    978, 
    646, 
    316, 
    854
   ], 
   [
    1206, 
    615, 
    465, 
    0, 
    521, 
    811, 
    737, 
    149, 
    389
   ], 
   [
    1598, 
    1007, 
    225, 
    521, 
    0, 
    1203, 
    871, 
    541, 
    910
   ], 
   [
    787, 
    196, 
    978, 
    811, 
    1203, 
    0, 
    780, 
    662, 
    683
   ], 
   [
    1175, 
    584, 
    646, 
    737, 
    871, 
    780, 
    0, 
    588, 
    1071
   ], 
   [
    1057, 
    466, 
    316, 
    149, 
    541, 
    662, 
    588, 
    0, 
    538
   ], 
   [
    1078, 
    487, 
    854, 
    389, 
    910, 
    683, 
    1071, 
    538, 
    0
   ]
  ], 
  "weight_matrix": [
   [
    0, 
    3, 
    3, 
    3, 
    3, 
    3, 
    3, 
    3, 
    3
   ], 
   [
    3, 
    0, 
    3, 
    3, 
    3, 
    3, 
    3, 
    3, 
    3
   ], 
   [
    3, 
    3, 
    0, 
    3, 
    3, 
    3, 
    3, 
    3, 
    3
   ], 
   [
    3, 
    3, 
    3, 
    0, 
    3, 
    3, 
    3, 
    3, 
    3
   ], 
   [
    3, 
    3, 
    3, 
    3, 
    0, 
    3, 
    3, 
    3, 
    3
   ], 
   [
    3, 
    3, 
    3, 
    3, 
    3, 
    0, 
    3, 
    3, 
    3
   ], 
   [
    3, 
    3, 
    3, 
    3, 
    3, 
    3, 
    0, 
    3, 
    3
   ], 
   [
    3, 
    3, 
    3, 
    3, 
    3, 
    3, 
    3, 
    0, 
    3
   ], 
   [
    3, 
    3, 
    3, 
    3, 
    3, 
    3, 
    3, 
    3, 
    0
   ]
  ], 
  "city_names": [
   "Brest", 
   "Paris", 
   "Marseille", 
   "Gen\u00e8ve", 
   "Monaco", 
   "Le Havre", 
   "Bordeaux", 
   "Lyon", 
   "Strasbourg"
  ], 
  "reward_matrix": [
   [
    0, 
    69526, 
    15612, 
    27125, 
    100, 
    56013, 
    29263, 
    37398, 
    35950
   ], 
   [
    69526, 
    0, 
    56357, 
    67871, 
    40845, 
    96758, 
    70008, 
    78143, 
    76696
   ], 
   [
    15612, 
    56357, 
    0, 
    78212, 
    94759, 
    42844, 
    65734, 
    88485, 
    51393
   ], 
   [
    27125, 
    67871, 
    78212, 
    0, 
    74352, 
    54358, 
    59460, 
    99999, 
    83452
   ], 
   [
    100, 
    40845, 
    94759, 
    74352, 
    0, 
    27332, 
    50221, 
    72973, 
    47533
   ], 
   [
    56013, 
    96758, 
    42844, 
    54358, 
    27332, 
    0, 
    56495, 
    64631, 
    63183
   ], 
   [
    29263, 
    70008, 
    65734, 
    59460, 
    50221, 
    56495, 
    0, 
    69732, 
    36433
   ], 
   [
    37398, 
    78143, 
    88485, 
    99999, 
    72973, 
    64631, 
    69732, 
    0, 
    73180
   ], 
   [
    35950, 
    76696, 
    51393, 
    83452, 
    47533, 
    63183, 
    36433, 
    73180, 
    0
   ]
  ], 
  "probability_matrix": [
   [
    0, 
    0.002396192906567911, 
    0.03398409292695826, 
    0.21204207625875932, 
    0.22097055153795334, 
    0.21425306768692035, 
    0.09614392811298991, 
    0.20826225282749203, 
    0.011947837742358901
   ], 
   [
    0.14521074167912013, 
    0, 
    0.15477646598832007, 
    0.0048830636837902865, 
    0.09940912812418827, 
    0.06573474076866621, 
    0.08166049195922451, 
    0.2517025734619746, 
    0.19662279433471583
   ], 
   [
    0.10277551897947214, 
    0.16222555428794957, 
    0, 
    0.09326279831227734, 
    0.1622299932260084, 
    0.16939784906289906, 
    0.15132691808200913, 
    0.139827416853306, 
    0.01895395119607845
   ], 
   [
    0.11152016844509915, 
    0.039868700258630464, 
    0.14795827802736067, 
    0, 
    0.13917165649818536, 
    0.07200599650277371, 
    0.16146657134454112, 
    0.16566105599168277, 
    0.16234757293172666
   ], 
   [
    0.12174409750340866, 
    0.10784693809890473, 
    0.0830480190260507, 
    0.14964778288991654, 
    0, 
    0.11798686815386775, 
    0.0532344533167402, 
    0.10938200844469967, 
    0.25710983256641173
   ], 
   [
    0.10771255936332831, 
    0.1737261030172603, 
    0.16214075696199406, 
    0.006530890870932097, 
    0.19928662711767828, 
    0, 
    0.018181578935103738, 
    0.039225070109959355, 
    0.293196413623744
   ], 
   [
    0.18433254479059216, 
    0.04705496241865902, 
    0.07255796505999217, 
    0.09757629918830626, 
    0.03310384989156126, 
    0.0867102722556541, 
    0, 
    0.25147425037919546, 
    0.22718985601603953
   ], 
   [
    0.12960293633397785, 
    0.14327016884857702, 
    0.20136170421518473, 
    0.13685735838087074, 
    0.09561445997013243, 
    0.2480437329811259, 
    0.03546407282416661, 
    0, 
    0.009785566445964743
   ], 
   [
    0.2552009894191741, 
    0.0403692353397309, 
    0.022911353241611362, 
    0.050954204137264494, 
    0.20803511264650812, 
    0.057802182053478486, 
    0.11586224255092972, 
    0.2488646806113029, 
    0
   ]
  ]
 }, 
 "vehicle_capacities": [
  15, 
  15, 
  15, 
  30, 
  30, 
  30, 
  30, 
  30, 
  30
 ]
}