{
 "vehicle_cost_per_km": [
  5, 
  5, 
  10, 
  5, 
  5, 
  5, 
  5, 
  5, 
  5
 ], 
 "runs": [
  {
   "avg_task_cost_vs_number_of_task": [
    4915, 
    7492.5, 
    5210, 
    3907.5, 
    3574, 
    2978.3333333333335, 
    2552.8571428571427, 
    2747.5, 
    2511.6666666666665, 
    2620.5, 
    2233.181818181818, 
    2100.8333333333335, 
    2053.846153846154, 
    2217.8571428571427, 
    2227.3333333333335, 
    1987.5, 
    1946.4705882352941, 
    1918.0555555555557, 
    1815.7894736842106, 
    1734.5, 
    1674.2857142857142, 
    2065, 
    1827.8260869565217, 
    1867.7083333333333, 
    1972, 
    1845.1923076923076, 
    1795.9259259259259, 
    1883.392857142857, 
    1758.103448275862, 
    1760.5
   ], 
   "number_of_vehicles": 3
  }
 ], 
 "vehicle_starting_positions": [
  "Brest", 
  "Paris", 
  "Marseille", 
  "Gen\u00c3\u00a8ve", 
  "Monaco", 
  "Le Havre", 
  "Bordeaux", 
  "Lyon", 
  "Strasbourg"
 ], 
 "task_distribution": {
  "distance_matrix": [
   [
    0, 
    591, 
    1373, 
    1206, 
    1598, 
    787, 
    1175, 
    1057, 
    1078
   ], 
   [
    591, 
    0, 
    782, 
    615, 
    1007, 
    196, 
    584, 
    466, 
    487
   ], 
   [
    1373, 
    782, 
    0, 
    465, 
    225, 
    978, 
    646, 
    316, 
    854
   ], 
   [
    1206, 
    615, 
    465, 
    0, 
    521, 
    811, 
    737, 
    149, 
    389
   ], 
   [
    1598, 
    1007, 
    225, 
    521, 
    0, 
    1203, 
    871, 
    541, 
    910
   ], 
   [
    787, 
    196, 
    978, 
    811, 
    1203, 
    0, 
    780, 
    662, 
    683
   ], 
   [
    1175, 
    584, 
    646, 
    737, 
    871, 
    780, 
    0, 
    588, 
    1071
   ], 
   [
    1057, 
    466, 
    316, 
    149, 
    541, 
    662, 
    588, 
    0, 
    538
   ], 
   [
    1078, 
    487, 
    854, 
    389, 
    910, 
    683, 
    1071, 
    538, 
    0
   ]
  ], 
  "weight_matrix": [
   [
    0, 
    3, 
    3, 
    3, 
    3, 
    3, 
    3, 
    3, 
    3
   ], 
   [
    3, 
    0, 
    3, 
    3, 
    3, 
    3, 
    3, 
    3, 
    3
   ], 
   [
    3, 
    3, 
    0, 
    3, 
    3, 
    3, 
    3, 
    3, 
    3
   ], 
   [
    3, 
    3, 
    3, 
    0, 
    3, 
    3, 
    3, 
    3, 
    3
   ], 
   [
    3, 
    3, 
    3, 
    3, 
    0, 
    3, 
    3, 
    3, 
    3
   ], 
   [
    3, 
    3, 
    3, 
    3, 
    3, 
    0, 
    3, 
    3, 
    3
   ], 
   [
    3, 
    3, 
    3, 
    3, 
    3, 
    3, 
    0, 
    3, 
    3
   ], 
   [
    3, 
    3, 
    3, 
    3, 
    3, 
    3, 
    3, 
    0, 
    3
   ], 
   [
    3, 
    3, 
    3, 
    3, 
    3, 
    3, 
    3, 
    3, 
    0
   ]
  ], 
  "city_names": [
   "Brest", 
   "Paris", 
   "Marseille", 
   "Gen\u00c3\u00a8ve", 
   "Monaco", 
   "Le Havre", 
   "Bordeaux", 
   "Lyon", 
   "Strasbourg"
  ], 
  "reward_matrix": [
   [
    0, 
    69526, 
    15612, 
    27125, 
    100, 
    56013, 
    29263, 
    37398, 
    35950
   ], 
   [
    69526, 
    0, 
    56357, 
    67871, 
    40845, 
    96758, 
    70008, 
    78143, 
    76696
   ], 
   [
    15612, 
    56357, 
    0, 
    78212, 
    94759, 
    42844, 
    65734, 
    88485, 
    51393
   ], 
   [
    27125, 
    67871, 
    78212, 
    0, 
    74352, 
    54358, 
    59460, 
    99999, 
    83452
   ], 
   [
    100, 
    40845, 
    94759, 
    74352, 
    0, 
    27332, 
    50221, 
    72973, 
    47533
   ], 
   [
    56013, 
    96758, 
    42844, 
    54358, 
    27332, 
    0, 
    56495, 
    64631, 
    63183
   ], 
   [
    29263, 
    70008, 
    65734, 
    59460, 
    50221, 
    56495, 
    0, 
    69732, 
    36433
   ], 
   [
    37398, 
    78143, 
    88485, 
    99999, 
    72973, 
    64631, 
    69732, 
    0, 
    73180
   ], 
   [
    35950, 
    76696, 
    51393, 
    83452, 
    47533, 
    63183, 
    36433, 
    73180, 
    0
   ]
  ], 
  "probability_matrix": [
   [
    0, 
    0.12430279979111389, 
    0.14818878683682998, 
    0.09352463639997372, 
    0.0368918747229693, 
    0.2056778547893221, 
    0.07097359777177562, 
    0.08642710916894111, 
    0.23401334051907433
   ], 
   [
    0.013616027678076018, 
    0, 
    0.05517301188333702, 
    0.19558389401516954, 
    0.13100126345034854, 
    0.14874137510022656, 
    0.19719996175021784, 
    0.21439259954723325, 
    0.044291866575391206
   ], 
   [
    0.04112847803223467, 
    0.14668919399242125, 
    0, 
    0.14786059840634355, 
    0.14945409357381223, 
    0.1379927353473282, 
    0.10539426297531779, 
    0.17589229172834236, 
    0.09558834594420003
   ], 
   [
    0.11657167693543312, 
    0.08535402323714002, 
    0.14461962074836188, 
    0, 
    0.19415250561418274, 
    0.16745556359052313, 
    0.06906587346951468, 
    0.1019501347896923, 
    0.12083060161515219
   ], 
   [
    0.250598184517178, 
    0.08863777128874141, 
    0.002535163792056849, 
    0.19762362294804756, 
    0, 
    0.03697336204509723, 
    0.04238341989262625, 
    0.06759481387229242, 
    0.3136536616439602
   ], 
   [
    0.1281305127162992, 
    0.14308997151910696, 
    0.08065307688148009, 
    0.13775141091432977, 
    0.18052578609305084, 
    0, 
    0.042479349860207655, 
    0.20139014208379327, 
    0.08597974993173214
   ], 
   [
    0.11931493864947883, 
    0.12760069752836534, 
    0.03840584434444596, 
    0.182864977514986, 
    0.22123196988719415, 
    0.1155067146909531, 
    0, 
    0.05285472888031069, 
    0.14222012850426602
   ], 
   [
    0.09410715926084089, 
    0.06301101494506671, 
    0.02642959798183669, 
    0.18230326352249326, 
    0.12524746619137117, 
    0.20509382171161347, 
    0.17773686957008003, 
    0, 
    0.12607080681669797
   ], 
   [
    0.19440401674565272, 
    0.059342367894494666, 
    0.11335253955424812, 
    0.11641279814806244, 
    0.18407553967192072, 
    0.045280352326787836, 
    0.19822554285053823, 
    0.08890684280829515, 
    0
   ]
  ]
 }, 
 "vehicle_capacities": [
  15, 
  15, 
  15, 
  30, 
  30, 
  30, 
  30, 
  30, 
  30
 ]
}