{
 "vehicle_cost_per_km": [
  5, 
  5, 
  5, 
  5, 
  5
 ], 
 "runs": [
  {
   "avg_task_cost_vs_number_of_task": [
    7825, 
    4830, 
    3688.3333333333335, 
    3348.75, 
    3220, 
    3010, 
    2647.1428571428573, 
    2757.5, 
    2711.6666666666665, 
    2524.5, 
    2384.090909090909, 
    2185.4166666666665, 
    2200.769230769231, 
    1873.2142857142858, 
    1946.6666666666667, 
    1807.8125, 
    1838.8235294117646, 
    1752.5, 
    1897.1052631578948, 
    1911, 
    1889.2857142857142, 
    1738.8636363636363, 
    1732.608695652174, 
    1825.4166666666667, 
    1643.6, 
    1755.1923076923076, 
    1609.8148148148148, 
    1759.2857142857142, 
    1633.448275862069, 
    1652.3333333333333
   ], 
   "number_of_vehicles": 3
  }
 ], 
 "vehicle_starting_positions": [
  "Brest", 
  "Paris", 
  "Marseille", 
  "Gen\u00e8ve", 
  "Monaco", 
  "Le Havre", 
  "Bordeaux", 
  "Lyon", 
  "Strasbourg"
 ], 
 "task_distribution": {
  "distance_matrix": [
   [
    0, 
    591, 
    1373, 
    1206, 
    1598, 
    787, 
    1175, 
    1057, 
    1078
   ], 
   [
    591, 
    0, 
    782, 
    615, 
    1007, 
    196, 
    584, 
    466, 
    487
   ], 
   [
    1373, 
    782, 
    0, 
    465, 
    225, 
    978, 
    646, 
    316, 
    854
   ], 
   [
    1206, 
    615, 
    465, 
    0, 
    521, 
    811, 
    737, 
    149, 
    389
   ], 
   [
    1598, 
    1007, 
    225, 
    521, 
    0, 
    1203, 
    871, 
    541, 
    910
   ], 
   [
    787, 
    196, 
    978, 
    811, 
    1203, 
    0, 
    780, 
    662, 
    683
   ], 
   [
    1175, 
    584, 
    646, 
    737, 
    871, 
    780, 
    0, 
    588, 
    1071
   ], 
   [
    1057, 
    466, 
    316, 
    149, 
    541, 
    662, 
    588, 
    0, 
    538
   ], 
   [
    1078, 
    487, 
    854, 
    389, 
    910, 
    683, 
    1071, 
    538, 
    0
   ]
  ], 
  "weight_matrix": [
   [
    0, 
    3, 
    3, 
    3, 
    3, 
    3, 
    3, 
    3, 
    3
   ], 
   [
    3, 
    0, 
    3, 
    3, 
    3, 
    3, 
    3, 
    3, 
    3
   ], 
   [
    3, 
    3, 
    0, 
    3, 
    3, 
    3, 
    3, 
    3, 
    3
   ], 
   [
    3, 
    3, 
    3, 
    0, 
    3, 
    3, 
    3, 
    3, 
    3
   ], 
   [
    3, 
    3, 
    3, 
    3, 
    0, 
    3, 
    3, 
    3, 
    3
   ], 
   [
    3, 
    3, 
    3, 
    3, 
    3, 
    0, 
    3, 
    3, 
    3
   ], 
   [
    3, 
    3, 
    3, 
    3, 
    3, 
    3, 
    0, 
    3, 
    3
   ], 
   [
    3, 
    3, 
    3, 
    3, 
    3, 
    3, 
    3, 
    0, 
    3
   ], 
   [
    3, 
    3, 
    3, 
    3, 
    3, 
    3, 
    3, 
    3, 
    0
   ]
  ], 
  "city_names": [
   "Brest", 
   "Paris", 
   "Marseille", 
   "Gen\u00e8ve", 
   "Monaco", 
   "Le Havre", 
   "Bordeaux", 
   "Lyon", 
   "Strasbourg"
  ], 
  "reward_matrix": [
   [
    0, 
    69526, 
    15612, 
    27125, 
    100, 
    56013, 
    29263, 
    37398, 
    35950
   ], 
   [
    69526, 
    0, 
    56357, 
    67871, 
    40845, 
    96758, 
    70008, 
    78143, 
    76696
   ], 
   [
    15612, 
    56357, 
    0, 
    78212, 
    94759, 
    42844, 
    65734, 
    88485, 
    51393
   ], 
   [
    27125, 
    67871, 
    78212, 
    0, 
    74352, 
    54358, 
    59460, 
    99999, 
    83452
   ], 
   [
    100, 
    40845, 
    94759, 
    74352, 
    0, 
    27332, 
    50221, 
    72973, 
    47533
   ], 
   [
    56013, 
    96758, 
    42844, 
    54358, 
    27332, 
    0, 
    56495, 
    64631, 
    63183
   ], 
   [
    29263, 
    70008, 
    65734, 
    59460, 
    50221, 
    56495, 
    0, 
    69732, 
    36433
   ], 
   [
    37398, 
    78143, 
    88485, 
    99999, 
    72973, 
    64631, 
    69732, 
    0, 
    73180
   ], 
   [
    35950, 
    76696, 
    51393, 
    83452, 
    47533, 
    63183, 
    36433, 
    73180, 
    0
   ]
  ], 
  "probability_matrix": [
   [
    0, 
    0.15034814414890085, 
    0.22367855907649362, 
    0.22533740867986723, 
    0.029443316652466408, 
    0.10756922586945906, 
    0.20755756290111554, 
    0.006809469126079743, 
    0.04925631354561736
   ], 
   [
    0.10786449757533156, 
    0, 
    0.03144762346851886, 
    0.10948484741718364, 
    0.15706124571195967, 
    0.0003647724947773286, 
    0.04100147103183849, 
    0.22938885223635086, 
    0.3233866900640394
   ], 
   [
    0.08835874436355862, 
    0.15546054771476467, 
    0, 
    0.09472306830778747, 
    0.16295819767105912, 
    0.21181075383969375, 
    0.16191376714689362, 
    0.09913149623667215, 
    0.025643424719570516
   ], 
   [
    0.036722863265002216, 
    0.045887089981206414, 
    0.08782042767457036, 
    0, 
    0.035292576842657415, 
    0.28703523064638126, 
    0.16114160723004958, 
    0.051736523757008525, 
    0.2943636806031242
   ], 
   [
    0.005545613740237315, 
    0.11515677368121184, 
    0.025689434037858446, 
    0.22533555245768436, 
    0, 
    0.23428306637425106, 
    0.03342782389814359, 
    0.11427191423402935, 
    0.24628982157658386
   ], 
   [
    0.0938215664405684, 
    0.16230805122036637, 
    0.03206558635083512, 
    0.1389301493896085, 
    0.0819488161566869, 
    0, 
    0.12993470581619082, 
    0.16982317276665912, 
    0.19116795185908492
   ], 
   [
    0.026960010101969887, 
    0.08037775666586033, 
    0.21720780519614025, 
    0.17157513017211307, 
    0.053207092546879595, 
    0.17321795531749098, 
    0, 
    0.21647271262747447, 
    0.06098153737207121
   ], 
   [
    0.16289478132804405, 
    0.033639168160810314, 
    0.04628966721119262, 
    0.08973094538563049, 
    0.18607592361675304, 
    0.16676591036841748, 
    0.07308799393033323, 
    0, 
    0.2415156099988188
   ], 
   [
    0.19212083344327438, 
    0.017868182404910088, 
    0.06319650662896051, 
    0.2569805091585881, 
    0.18621685969455487, 
    0.05319507421886728, 
    0.19658001537499256, 
    0.033842019075852145, 
    0
   ]
  ]
 }, 
 "vehicle_capacities": [
  15, 
  15, 
  15, 
  30, 
  30, 
  30, 
  30, 
  30, 
  30
 ]
}