{
 "vehicle_cost_per_km": [
  10, 
  5, 
  10, 
  5, 
  5, 
  5, 
  5, 
  5, 
  5
 ], 
 "runs": [
  {
   "avg_task_cost_vs_number_of_task": [
    1960, 
    3680, 
    4423.333333333333, 
    3598.75, 
    2879, 
    3590, 
    3322.8571428571427, 
    3152.5, 
    2967.777777777778, 
    2671, 
    2545.4545454545455, 
    2684.1666666666665, 
    2665.769230769231, 
    2428.5714285714284, 
    2415.6666666666665, 
    2489.0625, 
    2342.0588235294117, 
    2560, 
    2466.5789473684213, 
    2599.75, 
    2417.3809523809523, 
    2525.681818181818, 
    2681.304347826087, 
    2725.8333333333335, 
    2415, 
    2609.0384615384614, 
    2676.8518518518517, 
    2509.8214285714284, 
    2523.103448275862, 
    2881
   ], 
   "number_of_vehicles": 3
  }
 ], 
 "vehicle_starting_positions": [
  "Brest", 
  "Paris", 
  "Marseille", 
  "Gen\u00c3\u00a8ve", 
  "Monaco", 
  "Le Havre", 
  "Bordeaux", 
  "Lyon", 
  "Strasbourg"
 ], 
 "task_distribution": {
  "distance_matrix": [
   [
    0, 
    591, 
    1373, 
    1206, 
    1598, 
    787, 
    1175, 
    1057, 
    1078
   ], 
   [
    591, 
    0, 
    782, 
    615, 
    1007, 
    196, 
    584, 
    466, 
    487
   ], 
   [
    1373, 
    782, 
    0, 
    465, 
    225, 
    978, 
    646, 
    316, 
    854
   ], 
   [
    1206, 
    615, 
    465, 
    0, 
    521, 
    811, 
    737, 
    149, 
    389
   ], 
   [
    1598, 
    1007, 
    225, 
    521, 
    0, 
    1203, 
    871, 
    541, 
    910
   ], 
   [
    787, 
    196, 
    978, 
    811, 
    1203, 
    0, 
    780, 
    662, 
    683
   ], 
   [
    1175, 
    584, 
    646, 
    737, 
    871, 
    780, 
    0, 
    588, 
    1071
   ], 
   [
    1057, 
    466, 
    316, 
    149, 
    541, 
    662, 
    588, 
    0, 
    538
   ], 
   [
    1078, 
    487, 
    854, 
    389, 
    910, 
    683, 
    1071, 
    538, 
    0
   ]
  ], 
  "weight_matrix": [
   [
    0, 
    3, 
    3, 
    3, 
    3, 
    3, 
    3, 
    3, 
    3
   ], 
   [
    3, 
    0, 
    3, 
    3, 
    3, 
    3, 
    3, 
    3, 
    3
   ], 
   [
    3, 
    3, 
    0, 
    3, 
    3, 
    3, 
    3, 
    3, 
    3
   ], 
   [
    3, 
    3, 
    3, 
    0, 
    3, 
    3, 
    3, 
    3, 
    3
   ], 
   [
    3, 
    3, 
    3, 
    3, 
    0, 
    3, 
    3, 
    3, 
    3
   ], 
   [
    3, 
    3, 
    3, 
    3, 
    3, 
    0, 
    3, 
    3, 
    3
   ], 
   [
    3, 
    3, 
    3, 
    3, 
    3, 
    3, 
    0, 
    3, 
    3
   ], 
   [
    3, 
    3, 
    3, 
    3, 
    3, 
    3, 
    3, 
    0, 
    3
   ], 
   [
    3, 
    3, 
    3, 
    3, 
    3, 
    3, 
    3, 
    3, 
    0
   ]
  ], 
  "city_names": [
   "Brest", 
   "Paris", 
   "Marseille", 
   "Gen\u00c3\u00a8ve", 
   "Monaco", 
   "Le Havre", 
   "Bordeaux", 
   "Lyon", 
   "Strasbourg"
  ], 
  "reward_matrix": [
   [
    0, 
    69526, 
    15612, 
    27125, 
    100, 
    56013, 
    29263, 
    37398, 
    35950
   ], 
   [
    69526, 
    0, 
    56357, 
    67871, 
    40845, 
    96758, 
    70008, 
    78143, 
    76696
   ], 
   [
    15612, 
    56357, 
    0, 
    78212, 
    94759, 
    42844, 
    65734, 
    88485, 
    51393
   ], 
   [
    27125, 
    67871, 
    78212, 
    0, 
    74352, 
    54358, 
    59460, 
    99999, 
    83452
   ], 
   [
    100, 
    40845, 
    94759, 
    74352, 
    0, 
    27332, 
    50221, 
    72973, 
    47533
   ], 
   [
    56013, 
    96758, 
    42844, 
    54358, 
    27332, 
    0, 
    56495, 
    64631, 
    63183
   ], 
   [
    29263, 
    70008, 
    65734, 
    59460, 
    50221, 
    56495, 
    0, 
    69732, 
    36433
   ], 
   [
    37398, 
    78143, 
    88485, 
    99999, 
    72973, 
    64631, 
    69732, 
    0, 
    73180
   ], 
   [
    35950, 
    76696, 
    51393, 
    83452, 
    47533, 
    63183, 
    36433, 
    73180, 
    0
   ]
  ], 
  "probability_matrix": [
   [
    0, 
    0.07142477396469327, 
    0.24119393980225953, 
    0.15334046352892924, 
    0.005140813796115037, 
    0.13203360537315492, 
    0.2571342558668482, 
    0.11508224441545956, 
    0.024649903252540132
   ], 
   [
    0.005091373063186503, 
    0, 
    0.2175730323724598, 
    0.09067015670512414, 
    0.2147531176461595, 
    0.09783373312463857, 
    0.16771375873130706, 
    0.0829500490001709, 
    0.12341477935695344
   ], 
   [
    0.06292061960919833, 
    0.22599869464840547, 
    0, 
    0.04641709817088922, 
    0.14453640342980476, 
    0.10697532512126881, 
    0.027413738965585844, 
    0.23296330239235463, 
    0.15277481766249296
   ], 
   [
    0.02428854078569381, 
    0.07447903798080825, 
    0.18628350112854158, 
    0, 
    0.07216735435982523, 
    0.020829222884825797, 
    0.21977849396145027, 
    0.1925629094988711, 
    0.2096109393999839
   ], 
   [
    0.19419627523208347, 
    0.06171557411021367, 
    0.11658989302171481, 
    0.12335700434693406, 
    0, 
    0.11591968416635491, 
    0.046362489114369874, 
    0.17164865603110976, 
    0.17021042397721933
   ], 
   [
    0.1600469155099871, 
    0.2111784643384245, 
    0.009369584222356257, 
    0.1732879537210166, 
    0.23651820561153794, 
    0, 
    0.052021774846043006, 
    0.03154553557094607, 
    0.12603156617968844
   ], 
   [
    0.13456451856934584, 
    0.13200037293343156, 
    0.12616634756820172, 
    0.13538877574643127, 
    0.07347493107058842, 
    0.11840795913754579, 
    0, 
    0.15768479037924407, 
    0.12231230459521135
   ], 
   [
    0.059764844402505256, 
    0.10877128664556007, 
    0.07506154433781033, 
    0.10129088400070946, 
    0.17615517982965065, 
    0.11661681646845827, 
    0.18298282019429526, 
    0, 
    0.17935662412101078
   ], 
   [
    0.2672792849535103, 
    0.06563983910776588, 
    0.23537343707335445, 
    0.06765107193068692, 
    0.07295285660089387, 
    0.013466037777430096, 
    0.2266480795803575, 
    0.050989392976001094, 
    0
   ]
  ]
 }, 
 "vehicle_capacities": [
  10, 
  10, 
  10, 
  30, 
  30, 
  30, 
  30, 
  30, 
  30
 ]
}