{
 "vehicle_cost_per_km": [
  5, 
  15, 
  15, 
  5, 
  5, 
  5, 
  5, 
  5, 
  5
 ], 
 "runs": [
  {
   "avg_task_cost_vs_number_of_task": [
    9940, 
    7112.5, 
    7118.333333333333, 
    6238.75, 
    6194, 
    6191.666666666667, 
    6551.428571428572, 
    5974.375, 
    5710.555555555556, 
    5643, 
    5460, 
    5295.833333333333, 
    5597.692307692308, 
    5517.142857142857, 
    5715.666666666667, 
    5893.4375, 
    5456.470588235294, 
    5550, 
    5401.578947368421, 
    5151.75, 
    5364.523809523809, 
    5715, 
    5489.782608695652, 
    5191.041666666667, 
    5273.8, 
    4950.192307692308, 
    5381.111111111111, 
    5439.107142857143, 
    5445.172413793103, 
    5488.333333333333
   ], 
   "number_of_vehicles": 3
  }
 ], 
 "vehicle_starting_positions": [
  "Brest", 
  "Paris", 
  "Marseille", 
  "Gen\u00c3\u00a8ve", 
  "Monaco", 
  "Le Havre", 
  "Bordeaux", 
  "Lyon", 
  "Strasbourg"
 ], 
 "task_distribution": {
  "distance_matrix": [
   [
    0, 
    591, 
    1373, 
    1206, 
    1598, 
    787, 
    1175, 
    1057, 
    1078
   ], 
   [
    591, 
    0, 
    782, 
    615, 
    1007, 
    196, 
    584, 
    466, 
    487
   ], 
   [
    1373, 
    782, 
    0, 
    465, 
    225, 
    978, 
    646, 
    316, 
    854
   ], 
   [
    1206, 
    615, 
    465, 
    0, 
    521, 
    811, 
    737, 
    149, 
    389
   ], 
   [
    1598, 
    1007, 
    225, 
    521, 
    0, 
    1203, 
    871, 
    541, 
    910
   ], 
   [
    787, 
    196, 
    978, 
    811, 
    1203, 
    0, 
    780, 
    662, 
    683
   ], 
   [
    1175, 
    584, 
    646, 
    737, 
    871, 
    780, 
    0, 
    588, 
    1071
   ], 
   [
    1057, 
    466, 
    316, 
    149, 
    541, 
    662, 
    588, 
    0, 
    538
   ], 
   [
    1078, 
    487, 
    854, 
    389, 
    910, 
    683, 
    1071, 
    538, 
    0
   ]
  ], 
  "weight_matrix": [
   [
    0, 
    3, 
    3, 
    3, 
    3, 
    3, 
    3, 
    3, 
    3
   ], 
   [
    3, 
    0, 
    3, 
    3, 
    3, 
    3, 
    3, 
    3, 
    3
   ], 
   [
    3, 
    3, 
    0, 
    3, 
    3, 
    3, 
    3, 
    3, 
    3
   ], 
   [
    3, 
    3, 
    3, 
    0, 
    3, 
    3, 
    3, 
    3, 
    3
   ], 
   [
    3, 
    3, 
    3, 
    3, 
    0, 
    3, 
    3, 
    3, 
    3
   ], 
   [
    3, 
    3, 
    3, 
    3, 
    3, 
    0, 
    3, 
    3, 
    3
   ], 
   [
    3, 
    3, 
    3, 
    3, 
    3, 
    3, 
    0, 
    3, 
    3
   ], 
   [
    3, 
    3, 
    3, 
    3, 
    3, 
    3, 
    3, 
    0, 
    3
   ], 
   [
    3, 
    3, 
    3, 
    3, 
    3, 
    3, 
    3, 
    3, 
    0
   ]
  ], 
  "city_names": [
   "Brest", 
   "Paris", 
   "Marseille", 
   "Gen\u00c3\u00a8ve", 
   "Monaco", 
   "Le Havre", 
   "Bordeaux", 
   "Lyon", 
   "Strasbourg"
  ], 
  "reward_matrix": [
   [
    0, 
    69526, 
    15612, 
    27125, 
    100, 
    56013, 
    29263, 
    37398, 
    35950
   ], 
   [
    69526, 
    0, 
    56357, 
    67871, 
    40845, 
    96758, 
    70008, 
    78143, 
    76696
   ], 
   [
    15612, 
    56357, 
    0, 
    78212, 
    94759, 
    42844, 
    65734, 
    88485, 
    51393
   ], 
   [
    27125, 
    67871, 
    78212, 
    0, 
    74352, 
    54358, 
    59460, 
    99999, 
    83452
   ], 
   [
    100, 
    40845, 
    94759, 
    74352, 
    0, 
    27332, 
    50221, 
    72973, 
    47533
   ], 
   [
    56013, 
    96758, 
    42844, 
    54358, 
    27332, 
    0, 
    56495, 
    64631, 
    63183
   ], 
   [
    29263, 
    70008, 
    65734, 
    59460, 
    50221, 
    56495, 
    0, 
    69732, 
    36433
   ], 
   [
    37398, 
    78143, 
    88485, 
    99999, 
    72973, 
    64631, 
    69732, 
    0, 
    73180
   ], 
   [
    35950, 
    76696, 
    51393, 
    83452, 
    47533, 
    63183, 
    36433, 
    73180, 
    0
   ]
  ], 
  "probability_matrix": [
   [
    0, 
    0.06548240362453418, 
    0.1528211923232836, 
    0.07130065442987898, 
    0.09380764076496642, 
    0.15914759389817446, 
    0.2233187772651606, 
    0.14997082863456213, 
    0.08415090905943959
   ], 
   [
    0.08510657329575172, 
    0, 
    0.049138873899713616, 
    0.08486606182986131, 
    0.048245912724453256, 
    0.0010236814498989853, 
    0.156510527296937, 
    0.27392863585076177, 
    0.3011797336526223
   ], 
   [
    0.02537539917585518, 
    0.08865765033567875, 
    0, 
    0.17074013031377397, 
    0.2111021091534362, 
    0.17193482681131786, 
    0.1755168052788661, 
    0.1477392651531273, 
    0.008933813777944668
   ], 
   [
    0.28012364254249317, 
    0.01829005489675147, 
    0.05154564097840849, 
    0, 
    0.059925129771217264, 
    0.12698184062618123, 
    0.04087370423041276, 
    0.29543925080487476, 
    0.1268207361496609
   ], 
   [
    0.32942271774378923, 
    0.07269575502957165, 
    0.03328922997628702, 
    0.20465885603049977, 
    0, 
    0.06160844100653186, 
    0.14839729890284772, 
    0.022800333865127902, 
    0.12712736744534484
   ], 
   [
    0.029938183357882293, 
    0.20364795441212208, 
    0.15566157707109576, 
    0.2041881147915295, 
    0.06145790850186773, 
    0, 
    0.022165658409554943, 
    0.12734965207476423, 
    0.19559095138118351
   ], 
   [
    0.015406889957913587, 
    0.1121553764006417, 
    0.13948222629968196, 
    0.044192646517092864, 
    0.303661819041075, 
    0.2686083139611927, 
    0, 
    0.11519332533883768, 
    0.0012994024835646207
   ], 
   [
    0.17009906979912856, 
    0.18704018249909074, 
    0.05849174239546249, 
    0.17912104273116705, 
    0.03175013433424962, 
    0.024929771137982542, 
    0.23763686867569608, 
    0, 
    0.11093118842722305
   ], 
   [
    0.05479403086205391, 
    0.11696176999167725, 
    0.05913900101363334, 
    0.051958255224139736, 
    0.21306275803039607, 
    0.18492282299190002, 
    0.09282415837903414, 
    0.22633720350716555, 
    0
   ]
  ]
 }, 
 "vehicle_capacities": [
  5, 
  5, 
  5, 
  30, 
  30, 
  30, 
  30, 
  30, 
  30
 ]
}