{
 "vehicle_cost_per_km": [
  5, 
  15, 
  15, 
  5, 
  5, 
  5, 
  5, 
  5, 
  5
 ], 
 "runs": [
  {
   "avg_task_cost_vs_number_of_task": [
    5390, 
    5205, 
    3470, 
    4303.75, 
    3579, 
    2982.5, 
    2720, 
    2380, 
    2165, 
    1904, 
    1730.909090909091, 
    1586.6666666666667, 
    1464.6153846153845, 
    1631.0714285714287, 
    1874.6666666666667, 
    2054.0625, 
    2372.6470588235293, 
    2304.4444444444443, 
    2461.842105263158, 
    2249.25, 
    2540.714285714286, 
    2069.5454545454545, 
    2660, 
    2438.5416666666665, 
    2362.2, 
    2677.6923076923076, 
    2318.1481481481483, 
    2549.464285714286, 
    2637.0689655172414, 
    2391.6666666666665
   ], 
   "number_of_vehicles": 3
  }
 ], 
 "vehicle_starting_positions": [
  "Brest", 
  "Paris", 
  "Marseille", 
  "Gen\u00c3\u00a8ve", 
  "Monaco", 
  "Le Havre", 
  "Bordeaux", 
  "Lyon", 
  "Strasbourg"
 ], 
 "task_distribution": {
  "distance_matrix": [
   [
    0, 
    591, 
    1373, 
    1206, 
    1598, 
    787, 
    1175, 
    1057, 
    1078
   ], 
   [
    591, 
    0, 
    782, 
    615, 
    1007, 
    196, 
    584, 
    466, 
    487
   ], 
   [
    1373, 
    782, 
    0, 
    465, 
    225, 
    978, 
    646, 
    316, 
    854
   ], 
   [
    1206, 
    615, 
    465, 
    0, 
    521, 
    811, 
    737, 
    149, 
    389
   ], 
   [
    1598, 
    1007, 
    225, 
    521, 
    0, 
    1203, 
    871, 
    541, 
    910
   ], 
   [
    787, 
    196, 
    978, 
    811, 
    1203, 
    0, 
    780, 
    662, 
    683
   ], 
   [
    1175, 
    584, 
    646, 
    737, 
    871, 
    780, 
    0, 
    588, 
    1071
   ], 
   [
    1057, 
    466, 
    316, 
    149, 
    541, 
    662, 
    588, 
    0, 
    538
   ], 
   [
    1078, 
    487, 
    854, 
    389, 
    910, 
    683, 
    1071, 
    538, 
    0
   ]
  ], 
  "weight_matrix": [
   [
    0, 
    3, 
    3, 
    3, 
    3, 
    3, 
    3, 
    3, 
    3
   ], 
   [
    3, 
    0, 
    3, 
    3, 
    3, 
    3, 
    3, 
    3, 
    3
   ], 
   [
    3, 
    3, 
    0, 
    3, 
    3, 
    3, 
    3, 
    3, 
    3
   ], 
   [
    3, 
    3, 
    3, 
    0, 
    3, 
    3, 
    3, 
    3, 
    3
   ], 
   [
    3, 
    3, 
    3, 
    3, 
    0, 
    3, 
    3, 
    3, 
    3
   ], 
   [
    3, 
    3, 
    3, 
    3, 
    3, 
    0, 
    3, 
    3, 
    3
   ], 
   [
    3, 
    3, 
    3, 
    3, 
    3, 
    3, 
    0, 
    3, 
    3
   ], 
   [
    3, 
    3, 
    3, 
    3, 
    3, 
    3, 
    3, 
    0, 
    3
   ], 
   [
    3, 
    3, 
    3, 
    3, 
    3, 
    3, 
    3, 
    3, 
    0
   ]
  ], 
  "city_names": [
   "Brest", 
   "Paris", 
   "Marseille", 
   "Gen\u00c3\u00a8ve", 
   "Monaco", 
   "Le Havre", 
   "Bordeaux", 
   "Lyon", 
   "Strasbourg"
  ], 
  "reward_matrix": [
   [
    0, 
    69526, 
    15612, 
    27125, 
    100, 
    56013, 
    29263, 
    37398, 
    35950
   ], 
   [
    69526, 
    0, 
    56357, 
    67871, 
    40845, 
    96758, 
    70008, 
    78143, 
    76696
   ], 
   [
    15612, 
    56357, 
    0, 
    78212, 
    94759, 
    42844, 
    65734, 
    88485, 
    51393
   ], 
   [
    27125, 
    67871, 
    78212, 
    0, 
    74352, 
    54358, 
    59460, 
    99999, 
    83452
   ], 
   [
    100, 
    40845, 
    94759, 
    74352, 
    0, 
    27332, 
    50221, 
    72973, 
    47533
   ], 
   [
    56013, 
    96758, 
    42844, 
    54358, 
    27332, 
    0, 
    56495, 
    64631, 
    63183
   ], 
   [
    29263, 
    70008, 
    65734, 
    59460, 
    50221, 
    56495, 
    0, 
    69732, 
    36433
   ], 
   [
    37398, 
    78143, 
    88485, 
    99999, 
    72973, 
    64631, 
    69732, 
    0, 
    73180
   ], 
   [
    35950, 
    76696, 
    51393, 
    83452, 
    47533, 
    63183, 
    36433, 
    73180, 
    0
   ]
  ], 
  "probability_matrix": [
   [
    0, 
    0.2258050183570899, 
    0.0969430403825379, 
    0.0015838071945159253, 
    0.03486237539089154, 
    0.17073698405402443, 
    0.17694359671901969, 
    0.19895071074585835, 
    0.09417446715606224
   ], 
   [
    0.22108074424775023, 
    0, 
    0.11152218212580697, 
    0.12058735670064158, 
    0.2036046515798067, 
    0.2128939266437076, 
    0.049306764828530775, 
    0.07070939595500422, 
    0.010294977918751887
   ], 
   [
    0.10398861830289234, 
    0.08410317996515751, 
    0, 
    0.10034262694576292, 
    0.16709513682807042, 
    0.12664441731973283, 
    0.1346060263697145, 
    0.11143459177137857, 
    0.17178540249729068
   ], 
   [
    0.1486506029446819, 
    0.04231044076162884, 
    0.1123812690643896, 
    0, 
    0.20648874494093597, 
    0.17866124152997848, 
    0.08239505852008307, 
    0.12308534749892286, 
    0.10602729473937932
   ], 
   [
    0.15798633295699668, 
    0.11869055502342583, 
    0.06613004697966214, 
    0.09634565194023323, 
    0, 
    0.1644691753499885, 
    0.16554757280754323, 
    0.16972040362785432, 
    0.06111026131429598
   ], 
   [
    0.07278009256152643, 
    0.018706972311712602, 
    0.07184806540841869, 
    0.2244809494481725, 
    0.17834755054215518, 
    0, 
    0.1575506709189612, 
    0.05380135495450964, 
    0.22248434385454383
   ], 
   [
    0.10956271570610296, 
    0.18677370157779252, 
    0.007558430181246658, 
    0.19383242212740073, 
    0.0983582729162129, 
    0.09381904344583332, 
    0, 
    0.13209153077959418, 
    0.17800388326581676
   ], 
   [
    0.1917953338033051, 
    0.10295047885093471, 
    0.09064607963644523, 
    0.02621291667509748, 
    0.16482052166267713, 
    0.17644010403782376, 
    0.09018864064223768, 
    0, 
    0.15694592469147897
   ], 
   [
    0.29464235497598373, 
    0.038802610194480655, 
    0.15614726579144414, 
    0.19882084847239445, 
    0.15577250010015162, 
    0.0014726456707620417, 
    0.07040745222731386, 
    0.0839343225674696, 
    0
   ]
  ]
 }, 
 "vehicle_capacities": [
  15, 
  15, 
  15, 
  30, 
  30, 
  30, 
  30, 
  30, 
  30
 ]
}