{
 "vehicle_cost_per_km": [
  5, 
  5, 
  5, 
  5, 
  5, 
  5, 
  5, 
  5, 
  5
 ], 
 "runs": [
  {
   "avg_task_cost_vs_number_of_task": [
    2250, 
    3825, 
    3535, 
    3998.75, 
    3591, 
    3378.3333333333335, 
    3215.714285714286, 
    2813.75, 
    2696.1111111111113, 
    2426.5, 
    2341.3636363636365, 
    2214.5833333333335, 
    2167.3076923076924, 
    2148.5714285714284, 
    2005.3333333333333, 
    1880, 
    1810.2941176470588, 
    1818.611111111111, 
    1943.157894736842, 
    1886.25, 
    2012.142857142857, 
    1873.6363636363637, 
    1865.4347826086957, 
    1817.7083333333333, 
    1775.2, 
    1707.3076923076924, 
    1727.4074074074074, 
    1610.5357142857142, 
    1835.8620689655172, 
    1877.6666666666667
   ], 
   "number_of_vehicles": 3
  }
 ], 
 "vehicle_starting_positions": [
  "Brest", 
  "Paris", 
  "Marseille", 
  "Gen\u00c3\u00a8ve", 
  "Monaco", 
  "Le Havre", 
  "Bordeaux", 
  "Lyon", 
  "Strasbourg"
 ], 
 "task_distribution": {
  "distance_matrix": [
   [
    0, 
    591, 
    1373, 
    1206, 
    1598, 
    787, 
    1175, 
    1057, 
    1078
   ], 
   [
    591, 
    0, 
    782, 
    615, 
    1007, 
    196, 
    584, 
    466, 
    487
   ], 
   [
    1373, 
    782, 
    0, 
    465, 
    225, 
    978, 
    646, 
    316, 
    854
   ], 
   [
    1206, 
    615, 
    465, 
    0, 
    521, 
    811, 
    737, 
    149, 
    389
   ], 
   [
    1598, 
    1007, 
    225, 
    521, 
    0, 
    1203, 
    871, 
    541, 
    910
   ], 
   [
    787, 
    196, 
    978, 
    811, 
    1203, 
    0, 
    780, 
    662, 
    683
   ], 
   [
    1175, 
    584, 
    646, 
    737, 
    871, 
    780, 
    0, 
    588, 
    1071
   ], 
   [
    1057, 
    466, 
    316, 
    149, 
    541, 
    662, 
    588, 
    0, 
    538
   ], 
   [
    1078, 
    487, 
    854, 
    389, 
    910, 
    683, 
    1071, 
    538, 
    0
   ]
  ], 
  "weight_matrix": [
   [
    0, 
    3, 
    3, 
    3, 
    3, 
    3, 
    3, 
    3, 
    3
   ], 
   [
    3, 
    0, 
    3, 
    3, 
    3, 
    3, 
    3, 
    3, 
    3
   ], 
   [
    3, 
    3, 
    0, 
    3, 
    3, 
    3, 
    3, 
    3, 
    3
   ], 
   [
    3, 
    3, 
    3, 
    0, 
    3, 
    3, 
    3, 
    3, 
    3
   ], 
   [
    3, 
    3, 
    3, 
    3, 
    0, 
    3, 
    3, 
    3, 
    3
   ], 
   [
    3, 
    3, 
    3, 
    3, 
    3, 
    0, 
    3, 
    3, 
    3
   ], 
   [
    3, 
    3, 
    3, 
    3, 
    3, 
    3, 
    0, 
    3, 
    3
   ], 
   [
    3, 
    3, 
    3, 
    3, 
    3, 
    3, 
    3, 
    0, 
    3
   ], 
   [
    3, 
    3, 
    3, 
    3, 
    3, 
    3, 
    3, 
    3, 
    0
   ]
  ], 
  "city_names": [
   "Brest", 
   "Paris", 
   "Marseille", 
   "Gen\u00c3\u00a8ve", 
   "Monaco", 
   "Le Havre", 
   "Bordeaux", 
   "Lyon", 
   "Strasbourg"
  ], 
  "reward_matrix": [
   [
    0, 
    69526, 
    15612, 
    27125, 
    100, 
    56013, 
    29263, 
    37398, 
    35950
   ], 
   [
    69526, 
    0, 
    56357, 
    67871, 
    40845, 
    96758, 
    70008, 
    78143, 
    76696
   ], 
   [
    15612, 
    56357, 
    0, 
    78212, 
    94759, 
    42844, 
    65734, 
    88485, 
    51393
   ], 
   [
    27125, 
    67871, 
    78212, 
    0, 
    74352, 
    54358, 
    59460, 
    99999, 
    83452
   ], 
   [
    100, 
    40845, 
    94759, 
    74352, 
    0, 
    27332, 
    50221, 
    72973, 
    47533
   ], 
   [
    56013, 
    96758, 
    42844, 
    54358, 
    27332, 
    0, 
    56495, 
    64631, 
    63183
   ], 
   [
    29263, 
    70008, 
    65734, 
    59460, 
    50221, 
    56495, 
    0, 
    69732, 
    36433
   ], 
   [
    37398, 
    78143, 
    88485, 
    99999, 
    72973, 
    64631, 
    69732, 
    0, 
    73180
   ], 
   [
    35950, 
    76696, 
    51393, 
    83452, 
    47533, 
    63183, 
    36433, 
    73180, 
    0
   ]
  ], 
  "probability_matrix": [
   [
    0, 
    0.17568123310977188, 
    0.06625769895744194, 
    0.117088420378868, 
    0.049955488346765234, 
    0.1559945922057189, 
    0.16050721813619376, 
    0.1750974024422771, 
    0.09941794642296309
   ], 
   [
    0.12910559279411812, 
    0, 
    0.2584960916877879, 
    0.2623660348198476, 
    0.053797604477480485, 
    0.017730173368442237, 
    0.14784423492798154, 
    0.054388445328064, 
    0.07627182259627803
   ], 
   [
    0.1563006033908337, 
    0.11166610294232764, 
    0, 
    0.19619925625996942, 
    0.05685120299090831, 
    0.18165995786393693, 
    0.15548764411058724, 
    0.03486528849874401, 
    0.10696994394269292
   ], 
   [
    0.17578030041312687, 
    0.07829273254510374, 
    0.09571373586747953, 
    0, 
    0.21209405889688662, 
    0.029633852599786268, 
    0.3287851899098308, 
    0.012635402492246211, 
    0.06706472727553996
   ], 
   [
    0.2527936577007498, 
    0.131353273423214, 
    0.07088442063349393, 
    0.1415875036397632, 
    0, 
    0.07689053924180263, 
    0.18124805031144223, 
    0.07601703835587999, 
    0.0692255166936543
   ], 
   [
    0.17923719130140622, 
    0.15816120194511105, 
    0.12200736018811113, 
    0.15203523156631008, 
    0.14218973120282472, 
    0, 
    0.016433053575063063, 
    0.0481438140007376, 
    0.18179241622043607
   ], 
   [
    0.155960651770527, 
    0.05901585924627054, 
    0.1330229747910422, 
    0.12128284019814857, 
    0.17825488990034458, 
    0.05750597631297963, 
    0, 
    0.17142025586561455, 
    0.12353655191507296
   ], 
   [
    0.16481765951112834, 
    0.08074417985967251, 
    0.17744694427080787, 
    0.09253065712252553, 
    0.13365583158334363, 
    0.06373519339954414, 
    0.10607633045758114, 
    0, 
    0.18099320379539696
   ], 
   [
    0.14199040127813048, 
    0.16346482181719027, 
    0.05491358445587313, 
    0.12034025325292719, 
    0.0811842863481799, 
    0.21681393253304826, 
    0.10884861422800239, 
    0.1124441060866484, 
    0
   ]
  ]
 }, 
 "vehicle_capacities": [
  15, 
  15, 
  15, 
  30, 
  30, 
  30, 
  30, 
  30, 
  30
 ]
}