{
 "vehicle_cost_per_km": [
  10, 
  5, 
  5, 
  5, 
  5, 
  5, 
  5, 
  5, 
  5
 ], 
 "runs": [
  {
   "avg_task_cost_vs_number_of_task": [
    9820, 
    4910, 
    4858.333333333333, 
    3643.75, 
    3491, 
    3589.1666666666665, 
    3076.4285714285716, 
    2748.75, 
    2443.3333333333335, 
    2807, 
    2764.5454545454545, 
    2648.3333333333335, 
    2568.846153846154, 
    2235.714285714286, 
    2086.6666666666665, 
    2026.5625, 
    1922.9411764705883, 
    2066.3888888888887, 
    2002.3684210526317, 
    2014.25, 
    1998.095238095238, 
    1899.3181818181818, 
    1787.8260869565217, 
    1838.3333333333333, 
    1992, 
    1993.6538461538462, 
    1958.5185185185185, 
    1758.5714285714287, 
    2026.7241379310344, 
    2085.8333333333335
   ], 
   "number_of_vehicles": 3
  }
 ], 
 "vehicle_starting_positions": [
  "Brest", 
  "Paris", 
  "Marseille", 
  "Gen\u00c3\u00a8ve", 
  "Monaco", 
  "Le Havre", 
  "Bordeaux", 
  "Lyon", 
  "Strasbourg"
 ], 
 "task_distribution": {
  "distance_matrix": [
   [
    0, 
    591, 
    1373, 
    1206, 
    1598, 
    787, 
    1175, 
    1057, 
    1078
   ], 
   [
    591, 
    0, 
    782, 
    615, 
    1007, 
    196, 
    584, 
    466, 
    487
   ], 
   [
    1373, 
    782, 
    0, 
    465, 
    225, 
    978, 
    646, 
    316, 
    854
   ], 
   [
    1206, 
    615, 
    465, 
    0, 
    521, 
    811, 
    737, 
    149, 
    389
   ], 
   [
    1598, 
    1007, 
    225, 
    521, 
    0, 
    1203, 
    871, 
    541, 
    910
   ], 
   [
    787, 
    196, 
    978, 
    811, 
    1203, 
    0, 
    780, 
    662, 
    683
   ], 
   [
    1175, 
    584, 
    646, 
    737, 
    871, 
    780, 
    0, 
    588, 
    1071
   ], 
   [
    1057, 
    466, 
    316, 
    149, 
    541, 
    662, 
    588, 
    0, 
    538
   ], 
   [
    1078, 
    487, 
    854, 
    389, 
    910, 
    683, 
    1071, 
    538, 
    0
   ]
  ], 
  "weight_matrix": [
   [
    0, 
    3, 
    3, 
    3, 
    3, 
    3, 
    3, 
    3, 
    3
   ], 
   [
    3, 
    0, 
    3, 
    3, 
    3, 
    3, 
    3, 
    3, 
    3
   ], 
   [
    3, 
    3, 
    0, 
    3, 
    3, 
    3, 
    3, 
    3, 
    3
   ], 
   [
    3, 
    3, 
    3, 
    0, 
    3, 
    3, 
    3, 
    3, 
    3
   ], 
   [
    3, 
    3, 
    3, 
    3, 
    0, 
    3, 
    3, 
    3, 
    3
   ], 
   [
    3, 
    3, 
    3, 
    3, 
    3, 
    0, 
    3, 
    3, 
    3
   ], 
   [
    3, 
    3, 
    3, 
    3, 
    3, 
    3, 
    0, 
    3, 
    3
   ], 
   [
    3, 
    3, 
    3, 
    3, 
    3, 
    3, 
    3, 
    0, 
    3
   ], 
   [
    3, 
    3, 
    3, 
    3, 
    3, 
    3, 
    3, 
    3, 
    0
   ]
  ], 
  "city_names": [
   "Brest", 
   "Paris", 
   "Marseille", 
   "Gen\u00c3\u00a8ve", 
   "Monaco", 
   "Le Havre", 
   "Bordeaux", 
   "Lyon", 
   "Strasbourg"
  ], 
  "reward_matrix": [
   [
    0, 
    69526, 
    15612, 
    27125, 
    100, 
    56013, 
    29263, 
    37398, 
    35950
   ], 
   [
    69526, 
    0, 
    56357, 
    67871, 
    40845, 
    96758, 
    70008, 
    78143, 
    76696
   ], 
   [
    15612, 
    56357, 
    0, 
    78212, 
    94759, 
    42844, 
    65734, 
    88485, 
    51393
   ], 
   [
    27125, 
    67871, 
    78212, 
    0, 
    74352, 
    54358, 
    59460, 
    99999, 
    83452
   ], 
   [
    100, 
    40845, 
    94759, 
    74352, 
    0, 
    27332, 
    50221, 
    72973, 
    47533
   ], 
   [
    56013, 
    96758, 
    42844, 
    54358, 
    27332, 
    0, 
    56495, 
    64631, 
    63183
   ], 
   [
    29263, 
    70008, 
    65734, 
    59460, 
    50221, 
    56495, 
    0, 
    69732, 
    36433
   ], 
   [
    37398, 
    78143, 
    88485, 
    99999, 
    72973, 
    64631, 
    69732, 
    0, 
    73180
   ], 
   [
    35950, 
    76696, 
    51393, 
    83452, 
    47533, 
    63183, 
    36433, 
    73180, 
    0
   ]
  ], 
  "probability_matrix": [
   [
    0, 
    0.055701443308870266, 
    0.09918310348731842, 
    0.17255987086706542, 
    0.18700504070881274, 
    0.06197513788188333, 
    0.15348383538772067, 
    0.14504274894281666, 
    0.12504881941551232
   ], 
   [
    0.022703121795927872, 
    0, 
    0.1589214794878651, 
    0.05045378284158833, 
    0.08827092698245728, 
    0.11777909790175019, 
    0.2333919630380682, 
    0.2587204893411603, 
    0.0697591386111826
   ], 
   [
    0.15427519359304423, 
    0.15286321859762006, 
    0, 
    0.14485026821098385, 
    0.10731279198730435, 
    0.13824079646131202, 
    0.03134666520287739, 
    0.1694987057541646, 
    0.1016123601926936
   ], 
   [
    0.22854817356514456, 
    0.06735831755372582, 
    0.1624157661676389, 
    0, 
    0.02063404092259955, 
    0.06375509346312044, 
    0.16747756474246678, 
    0.19311306998042171, 
    0.09669797360488218
   ], 
   [
    0.16705120896995304, 
    0.12517427563781994, 
    0.06654398134406304, 
    0.1600067362981499, 
    0, 
    0.09187510365477257, 
    0.22510611288094232, 
    0.14828228314959382, 
    0.015960298064705367
   ], 
   [
    0.015415470169174078, 
    0.17272766469238252, 
    0.1887420599296978, 
    0.051506634982833144, 
    0.20084461583783111, 
    0, 
    0.15227026997016327, 
    0.0725561204645567, 
    0.14593716395336145
   ], 
   [
    0.03297726727536977, 
    0.23904479141313037, 
    0.09579778292366908, 
    0.07619446976091199, 
    0.22893721989730886, 
    0.10210339579992983, 
    0, 
    0.08773720156828299, 
    0.13720787136139712
   ], 
   [
    0.20731132994854565, 
    0.18220133315639658, 
    0.08843169870609395, 
    0.08368965018115489, 
    0.2173665848813837, 
    0.04377623471000769, 
    0.08549753280993823, 
    0, 
    0.09172563560647932
   ], 
   [
    0.015309867396639936, 
    0.15899716415552484, 
    0.06462863142215025, 
    0.09297088220374558, 
    0.1671470119434034, 
    0.11407068674601216, 
    0.20455039718303183, 
    0.182325358949492, 
    0
   ]
  ]
 }, 
 "vehicle_capacities": [
  15, 
  15, 
  15, 
  30, 
  30, 
  30, 
  30, 
  30, 
  30
 ]
}