{
 "vehicle_cost_per_km": [
  5, 
  5, 
  5, 
  5, 
  5
 ], 
 "runs": [
  {
   "avg_task_cost_vs_number_of_task": [
    3075, 
    2700, 
    2726.6666666666665, 
    2330, 
    1864, 
    1739.1666666666667, 
    2615, 
    2550, 
    2266.6666666666665, 
    2040, 
    1943.6363636363637, 
    1781.6666666666667, 
    1644.6153846153845, 
    1527.142857142857, 
    1490.6666666666667, 
    1336.25, 
    1381.764705882353, 
    1482.7777777777778, 
    1428.157894736842, 
    1245.5, 
    1414.7619047619048, 
    1317.0454545454545, 
    1301.304347826087, 
    1234.7916666666667, 
    1253.4, 
    1326.3461538461538, 
    1290, 
    1287.5, 
    1404.1379310344828, 
    1429.8333333333333
   ], 
   "number_of_vehicles": 2
  }, 
  {
   "avg_task_cost_vs_number_of_task": [
    1490, 
    2700, 
    2726.6666666666665, 
    2330, 
    1864, 
    1739.1666666666667, 
    2615, 
    2513.75, 
    2234.4444444444443, 
    2040, 
    1943.1818181818182, 
    1781.25, 
    1644.2307692307693, 
    1526.7857142857142, 
    1425.3333333333333, 
    1335.9375, 
    1257.3529411764705, 
    1311.9444444444443, 
    1404.7368421052631, 
    1302.5, 
    1278.8095238095239, 
    1335.4545454545455, 
    1245.2173913043478, 
    1207.7083333333333, 
    1150.4, 
    1205.1923076923076, 
    1136.6666666666667, 
    1266.7857142857142, 
    1176.0344827586207, 
    958.6666666666666
   ], 
   "number_of_vehicles": 3
  }, 
  {
   "avg_task_cost_vs_number_of_task": [
    1490, 
    2700, 
    2726.6666666666665, 
    2330, 
    1864, 
    1692.5, 
    2575, 
    2515, 
    2337.777777777778, 
    2040, 
    1943.6363636363637, 
    1781.25, 
    1644.6153846153845, 
    1526.7857142857142, 
    1425, 
    1335.9375, 
    1257.6470588235295, 
    1311.9444444444443, 
    1514.7368421052631, 
    1319.75, 
    1435, 
    1283.6363636363637, 
    1167.608695652174, 
    1413.5416666666667, 
    1270.2, 
    1213.076923076923, 
    1192.4074074074074, 
    1199.642857142857, 
    1212.0689655172414, 
    1220
   ], 
   "number_of_vehicles": 4
  }, 
  {
   "avg_task_cost_vs_number_of_task": [
    1490, 
    2700, 
    2726.6666666666665, 
    2330, 
    1988, 
    1692.5, 
    2575, 
    2515, 
    2343.3333333333335, 
    2040, 
    1943.1818181818182, 
    1781.25, 
    1644.6153846153845, 
    1526.7857142857142, 
    1425, 
    1335.9375, 
    1257.3529411764705, 
    1501.111111111111, 
    1318.9473684210527, 
    1253.25, 
    1352.142857142857, 
    1409.7727272727273, 
    1234.5652173913043, 
    1183.125, 
    1300, 
    1205.1923076923076, 
    1282.037037037037, 
    1165.7142857142858, 
    1263.9655172413793, 
    1235.5
   ], 
   "number_of_vehicles": 5
  }
 ], 
 "vehicle_starting_positions": [
  "Le Havre", 
  "Paris", 
  "Gen\u00e8ve", 
  "Marseille", 
  "Bordeaux", 
  "Brest", 
  "Lyon", 
  "Strasbourg", 
  "Monaco"
 ], 
 "task_distribution": {
  "distance_matrix": [
   [
    0, 
    591, 
    1373, 
    1206, 
    1598, 
    787, 
    1175, 
    1057, 
    1078
   ], 
   [
    591, 
    0, 
    782, 
    615, 
    1007, 
    196, 
    584, 
    466, 
    487
   ], 
   [
    1373, 
    782, 
    0, 
    465, 
    225, 
    978, 
    646, 
    316, 
    854
   ], 
   [
    1206, 
    615, 
    465, 
    0, 
    521, 
    811, 
    737, 
    149, 
    389
   ], 
   [
    1598, 
    1007, 
    225, 
    521, 
    0, 
    1203, 
    871, 
    541, 
    910
   ], 
   [
    787, 
    196, 
    978, 
    811, 
    1203, 
    0, 
    780, 
    662, 
    683
   ], 
   [
    1175, 
    584, 
    646, 
    737, 
    871, 
    780, 
    0, 
    588, 
    1071
   ], 
   [
    1057, 
    466, 
    316, 
    149, 
    541, 
    662, 
    588, 
    0, 
    538
   ], 
   [
    1078, 
    487, 
    854, 
    389, 
    910, 
    683, 
    1071, 
    538, 
    0
   ]
  ], 
  "weight_matrix": [
   [
    0, 
    3, 
    3, 
    3, 
    3, 
    3, 
    3, 
    3, 
    3
   ], 
   [
    3, 
    0, 
    3, 
    3, 
    3, 
    3, 
    3, 
    3, 
    3
   ], 
   [
    3, 
    3, 
    0, 
    3, 
    3, 
    3, 
    3, 
    3, 
    3
   ], 
   [
    3, 
    3, 
    3, 
    0, 
    3, 
    3, 
    3, 
    3, 
    3
   ], 
   [
    3, 
    3, 
    3, 
    3, 
    0, 
    3, 
    3, 
    3, 
    3
   ], 
   [
    3, 
    3, 
    3, 
    3, 
    3, 
    0, 
    3, 
    3, 
    3
   ], 
   [
    3, 
    3, 
    3, 
    3, 
    3, 
    3, 
    0, 
    3, 
    3
   ], 
   [
    3, 
    3, 
    3, 
    3, 
    3, 
    3, 
    3, 
    0, 
    3
   ], 
   [
    3, 
    3, 
    3, 
    3, 
    3, 
    3, 
    3, 
    3, 
    0
   ]
  ], 
  "city_names": [
   "Brest", 
   "Paris", 
   "Marseille", 
   "Gen\u00e8ve", 
   "Monaco", 
   "Le Havre", 
   "Bordeaux", 
   "Lyon", 
   "Strasbourg"
  ], 
  "reward_matrix": [
   [
    0, 
    69526, 
    15612, 
    27125, 
    100, 
    56013, 
    29263, 
    37398, 
    35950
   ], 
   [
    69526, 
    0, 
    56357, 
    67871, 
    40845, 
    96758, 
    70008, 
    78143, 
    76696
   ], 
   [
    15612, 
    56357, 
    0, 
    78212, 
    94759, 
    42844, 
    65734, 
    88485, 
    51393
   ], 
   [
    27125, 
    67871, 
    78212, 
    0, 
    74352, 
    54358, 
    59460, 
    99999, 
    83452
   ], 
   [
    100, 
    40845, 
    94759, 
    74352, 
    0, 
    27332, 
    50221, 
    72973, 
    47533
   ], 
   [
    56013, 
    96758, 
    42844, 
    54358, 
    27332, 
    0, 
    56495, 
    64631, 
    63183
   ], 
   [
    29263, 
    70008, 
    65734, 
    59460, 
    50221, 
    56495, 
    0, 
    69732, 
    36433
   ], 
   [
    37398, 
    78143, 
    88485, 
    99999, 
    72973, 
    64631, 
    69732, 
    0, 
    73180
   ], 
   [
    35950, 
    76696, 
    51393, 
    83452, 
    47533, 
    63183, 
    36433, 
    73180, 
    0
   ]
  ], 
  "probability_matrix": [
   [
    0, 
    0.19980676984165321, 
    0.20948811709662277, 
    0.10935592205402393, 
    0.16285971070711, 
    0.0715544710568705, 
    0.05239855916305496, 
    0.04087802964737953, 
    0.1536584204332851
   ], 
   [
    0.010808497517911164, 
    0, 
    0.16638656604769597, 
    0.17277446537080454, 
    0.1857586465432595, 
    0.16820032874065738, 
    0.09405288290928177, 
    0.07973696002869966, 
    0.12228165284169
   ], 
   [
    0.04668407537635917, 
    0.1323852937316364, 
    0, 
    0.11961730000549523, 
    0.12407158522179548, 
    0.09791275946161031, 
    0.09457834460075676, 
    0.18785205842787184, 
    0.19689858317447462
   ], 
   [
    0.10080616309386342, 
    0.18013743110071886, 
    0.1563226262336535, 
    0, 
    0.17973400810091253, 
    0.15628656701215593, 
    0.1268283525823875, 
    0.009631278144440626, 
    0.0902535737318676
   ], 
   [
    0.2527686624995458, 
    0.023624530523149202, 
    0.14182827954946198, 
    0.12798411443819938, 
    0, 
    0.08555004697592637, 
    0.054886479729501975, 
    0.15676405535954607, 
    0.15659383092466916
   ], 
   [
    0.22727251704660872, 
    0.0965306775820969, 
    0.09563810181830416, 
    0.12319376847938514, 
    0.033826447013805765, 
    0, 
    0.08772819655481506, 
    0.05843988088538994, 
    0.2773704106195944
   ], 
   [
    0.014414945166918674, 
    0.18489432841649603, 
    0.14110589018710826, 
    0.32599947288794917, 
    0.06948705917413317, 
    0.026648042197287107, 
    0, 
    0.005133015772737285, 
    0.23231724619737054
   ], 
   [
    0.057565307333180875, 
    0.2287889303354913, 
    0.2127852802404876, 
    0.16114676578498408, 
    0.14352432746499594, 
    0.01910031386872121, 
    0.04645588691160046, 
    0, 
    0.13063318806053836
   ], 
   [
    0.10902067698114219, 
    0.19620021893914452, 
    0.10678703291205234, 
    0.08888670779451392, 
    0.09196306210018726, 
    0.008265392300254082, 
    0.16809255646554472, 
    0.2307843525071609, 
    0
   ]
  ]
 }, 
 "vehicle_capacities": [
  30, 
  30, 
  30, 
  30, 
  30
 ]
}