{
 "vehicle_cost_per_km": [
  5, 
  5, 
  5, 
  5, 
  5
 ], 
 "runs": [
  {
   "avg_task_cost_vs_number_of_task": [
    5480, 
    5197.5, 
    4110, 
    4590, 
    3672, 
    3277.5, 
    3076.4285714285716, 
    2691.875, 
    2392.777777777778, 
    2368.5, 
    2292.7272727272725, 
    2424.5833333333335, 
    2433.076923076923, 
    2292.5, 
    2331, 
    2287.5, 
    2185.5882352941176, 
    2220.8333333333335, 
    2224.7368421052633, 
    2102.75, 
    2106.190476190476, 
    1925.4545454545455, 
    2018.4782608695652, 
    1979.7916666666667, 
    2089.6, 
    2111.5384615384614, 
    2027.5925925925926, 
    2003.392857142857, 
    2202.2413793103447, 
    2285.8333333333335
   ], 
   "number_of_vehicles": 3
  }
 ], 
 "vehicle_starting_positions": [
  "Brest", 
  "Paris", 
  "Marseille", 
  "Gen\u00e8ve", 
  "Monaco", 
  "Le Havre", 
  "Bordeaux", 
  "Lyon", 
  "Strasbourg"
 ], 
 "task_distribution": {
  "distance_matrix": [
   [
    0, 
    591, 
    1373, 
    1206, 
    1598, 
    787, 
    1175, 
    1057, 
    1078
   ], 
   [
    591, 
    0, 
    782, 
    615, 
    1007, 
    196, 
    584, 
    466, 
    487
   ], 
   [
    1373, 
    782, 
    0, 
    465, 
    225, 
    978, 
    646, 
    316, 
    854
   ], 
   [
    1206, 
    615, 
    465, 
    0, 
    521, 
    811, 
    737, 
    149, 
    389
   ], 
   [
    1598, 
    1007, 
    225, 
    521, 
    0, 
    1203, 
    871, 
    541, 
    910
   ], 
   [
    787, 
    196, 
    978, 
    811, 
    1203, 
    0, 
    780, 
    662, 
    683
   ], 
   [
    1175, 
    584, 
    646, 
    737, 
    871, 
    780, 
    0, 
    588, 
    1071
   ], 
   [
    1057, 
    466, 
    316, 
    149, 
    541, 
    662, 
    588, 
    0, 
    538
   ], 
   [
    1078, 
    487, 
    854, 
    389, 
    910, 
    683, 
    1071, 
    538, 
    0
   ]
  ], 
  "weight_matrix": [
   [
    0, 
    3, 
    3, 
    3, 
    3, 
    3, 
    3, 
    3, 
    3
   ], 
   [
    3, 
    0, 
    3, 
    3, 
    3, 
    3, 
    3, 
    3, 
    3
   ], 
   [
    3, 
    3, 
    0, 
    3, 
    3, 
    3, 
    3, 
    3, 
    3
   ], 
   [
    3, 
    3, 
    3, 
    0, 
    3, 
    3, 
    3, 
    3, 
    3
   ], 
   [
    3, 
    3, 
    3, 
    3, 
    0, 
    3, 
    3, 
    3, 
    3
   ], 
   [
    3, 
    3, 
    3, 
    3, 
    3, 
    0, 
    3, 
    3, 
    3
   ], 
   [
    3, 
    3, 
    3, 
    3, 
    3, 
    3, 
    0, 
    3, 
    3
   ], 
   [
    3, 
    3, 
    3, 
    3, 
    3, 
    3, 
    3, 
    0, 
    3
   ], 
   [
    3, 
    3, 
    3, 
    3, 
    3, 
    3, 
    3, 
    3, 
    0
   ]
  ], 
  "city_names": [
   "Brest", 
   "Paris", 
   "Marseille", 
   "Gen\u00e8ve", 
   "Monaco", 
   "Le Havre", 
   "Bordeaux", 
   "Lyon", 
   "Strasbourg"
  ], 
  "reward_matrix": [
   [
    0, 
    69526, 
    15612, 
    27125, 
    100, 
    56013, 
    29263, 
    37398, 
    35950
   ], 
   [
    69526, 
    0, 
    56357, 
    67871, 
    40845, 
    96758, 
    70008, 
    78143, 
    76696
   ], 
   [
    15612, 
    56357, 
    0, 
    78212, 
    94759, 
    42844, 
    65734, 
    88485, 
    51393
   ], 
   [
    27125, 
    67871, 
    78212, 
    0, 
    74352, 
    54358, 
    59460, 
    99999, 
    83452
   ], 
   [
    100, 
    40845, 
    94759, 
    74352, 
    0, 
    27332, 
    50221, 
    72973, 
    47533
   ], 
   [
    56013, 
    96758, 
    42844, 
    54358, 
    27332, 
    0, 
    56495, 
    64631, 
    63183
   ], 
   [
    29263, 
    70008, 
    65734, 
    59460, 
    50221, 
    56495, 
    0, 
    69732, 
    36433
   ], 
   [
    37398, 
    78143, 
    88485, 
    99999, 
    72973, 
    64631, 
    69732, 
    0, 
    73180
   ], 
   [
    35950, 
    76696, 
    51393, 
    83452, 
    47533, 
    63183, 
    36433, 
    73180, 
    0
   ]
  ], 
  "probability_matrix": [
   [
    0, 
    0.18262789469096097, 
    0.013773697126742214, 
    0.24643360033650263, 
    0.08441936390495716, 
    0.0702898669815242, 
    0.17740630588515205, 
    0.11812929743109565, 
    0.10691997364306498
   ], 
   [
    0.06259034656148989, 
    0, 
    0.14985870530625198, 
    0.18836013040358912, 
    0.1587314002459342, 
    0.1178085264941219, 
    0.17323230924445654, 
    0.12319279505329266, 
    0.026225786690863746
   ], 
   [
    0.12629367065042874, 
    0.12013383785059521, 
    0, 
    0.07752757483023642, 
    0.10864068945317404, 
    0.047682854095220904, 
    0.16813677398490642, 
    0.21458626370820433, 
    0.13699833542723386
   ], 
   [
    0.015119017628905763, 
    0.07207577804181908, 
    0.23351590710093495, 
    0, 
    0.2759915740751385, 
    0.009197093365423714, 
    0.11105922104334671, 
    0.051799708506216915, 
    0.2312417002382143
   ], 
   [
    0.18930951477068622, 
    0.07997386433552708, 
    0.165423514616096, 
    0.1842239188426383, 
    0, 
    0.017899750506848493, 
    0.12394535671411921, 
    0.10149584733605549, 
    0.137728232878029
   ], 
   [
    0.07320030993953289, 
    0.08270847585835339, 
    0.13947429428696695, 
    0.17458548635901944, 
    0.27970521772291057, 
    0, 
    0.157971157899309, 
    0.06746854599255535, 
    0.02488651194135257
   ], 
   [
    0.12410741873826614, 
    0.037673545018379065, 
    0.018237660230598845, 
    0.22909375118961928, 
    0.12566170175376026, 
    0.1668053328574141, 
    0, 
    0.21488189527289614, 
    0.0835386949390663
   ], 
   [
    0.26100929821113517, 
    0.12473038404542151, 
    0.04425799577826729, 
    0.04252354030711262, 
    0.08055505068014664, 
    0.2044921274709866, 
    0.13574465054799165, 
    0, 
    0.1066869529589385
   ], 
   [
    0.037084424991952816, 
    0.0667992706568324, 
    0.040508313067705665, 
    0.26607952435454957, 
    0.23856839063669422, 
    0.2355925033769842, 
    0.005201141608041189, 
    0.1101664313072399, 
    0
   ]
  ]
 }, 
 "vehicle_capacities": [
  10, 
  10, 
  10, 
  30, 
  30, 
  30, 
  30, 
  30, 
  30
 ]
}