{
 "vehicle_cost_per_km": [
  5, 
  5, 
  5, 
  5, 
  5
 ], 
 "runs": [
  {
   "avg_task_cost_vs_number_of_task": [
    2920, 
    4617.5, 
    5693.333333333333, 
    4923.75, 
    3939, 
    3674.1666666666665, 
    3149.285714285714, 
    2755.625, 
    2584.4444444444443, 
    2326, 
    2225.4545454545455, 
    2045.8333333333333, 
    2075.769230769231, 
    1948.2142857142858, 
    1823, 
    1767.5, 
    1701.764705882353, 
    1601.111111111111, 
    1543.157894736842, 
    1466, 
    1591.904761904762, 
    1442.7272727272727, 
    1521.0869565217392, 
    1391.4583333333333, 
    1529.6, 
    1546.1538461538462, 
    1339.8148148148148, 
    1260.5357142857142, 
    1427.2413793103449, 
    1561.1666666666667
   ], 
   "number_of_vehicles": 2
  }, 
  {
   "avg_task_cost_vs_number_of_task": [
    2920, 
    4617.5, 
    5693.333333333333, 
    4923.75, 
    3939, 
    3674.1666666666665, 
    3149.285714285714, 
    2755.625, 
    2720, 
    2326, 
    2231.818181818182, 
    2045.8333333333333, 
    2103.4615384615386, 
    1953.2142857142858, 
    1850.6666666666667, 
    1737.5, 
    1761.4705882352941, 
    1584.7222222222222, 
    1541.578947368421, 
    1511.25, 
    1559.2857142857142, 
    1477.9545454545455, 
    1338.9130434782608, 
    1422.9166666666667, 
    1531.8, 
    1244.8076923076924, 
    1613.888888888889, 
    1225.1785714285713, 
    1197.0689655172414, 
    1206.3333333333333
   ], 
   "number_of_vehicles": 3
  }, 
  {
   "avg_task_cost_vs_number_of_task": [
    2920, 
    4617.5, 
    5693.333333333333, 
    4923.75, 
    3939, 
    4080, 
    3149.285714285714, 
    2755.625, 
    2678.3333333333335, 
    2326, 
    2231.818181818182, 
    2045.8333333333333, 
    2103.4615384615386, 
    1953.2142857142858, 
    1794.3333333333333, 
    1761.875, 
    1774.4117647058824, 
    1675.8333333333333, 
    1697.6315789473683, 
    1626.75, 
    1567.6190476190477, 
    1618.6363636363637, 
    1497.391304347826, 
    1383.75, 
    1633.6, 
    1438.2692307692307, 
    1554.2592592592594, 
    1392.5, 
    1431.0344827586207, 
    1337.3333333333333
   ], 
   "number_of_vehicles": 4
  }, 
  {
   "avg_task_cost_vs_number_of_task": [
    2920, 
    4127.5, 
    5163.333333333333, 
    4678.75, 
    3743, 
    3510.8333333333335, 
    3149.285714285714, 
    2755.625, 
    2475.5555555555557, 
    2228, 
    2225.4545454545455, 
    2045.8333333333333, 
    2078.076923076923, 
    1883.2142857142858, 
    1757.6666666666667, 
    1802.1875, 
    1778.235294117647, 
    1519.1666666666667, 
    1564.4736842105262, 
    1577.75, 
    1635.952380952381, 
    1422.5, 
    1436.0869565217392, 
    1506.875, 
    1508.6, 
    1549.8076923076924, 
    1482.037037037037, 
    1292.6785714285713, 
    1655, 
    1187.6666666666667
   ], 
   "number_of_vehicles": 5
  }
 ], 
 "vehicle_starting_positions": [
  "Paris", 
  "Strasbourg", 
  "Bordeaux", 
  "Gen\u00e8ve", 
  "Le Havre", 
  "Monaco", 
  "Lyon", 
  "Brest", 
  "Marseille"
 ], 
 "task_distribution": {
  "distance_matrix": [
   [
    0, 
    591, 
    1373, 
    1206, 
    1598, 
    787, 
    1175, 
    1057, 
    1078
   ], 
   [
    591, 
    0, 
    782, 
    615, 
    1007, 
    196, 
    584, 
    466, 
    487
   ], 
   [
    1373, 
    782, 
    0, 
    465, 
    225, 
    978, 
    646, 
    316, 
    854
   ], 
   [
    1206, 
    615, 
    465, 
    0, 
    521, 
    811, 
    737, 
    149, 
    389
   ], 
   [
    1598, 
    1007, 
    225, 
    521, 
    0, 
    1203, 
    871, 
    541, 
    910
   ], 
   [
    787, 
    196, 
    978, 
    811, 
    1203, 
    0, 
    780, 
    662, 
    683
   ], 
   [
    1175, 
    584, 
    646, 
    737, 
    871, 
    780, 
    0, 
    588, 
    1071
   ], 
   [
    1057, 
    466, 
    316, 
    149, 
    541, 
    662, 
    588, 
    0, 
    538
   ], 
   [
    1078, 
    487, 
    854, 
    389, 
    910, 
    683, 
    1071, 
    538, 
    0
   ]
  ], 
  "weight_matrix": [
   [
    0, 
    3, 
    3, 
    3, 
    3, 
    3, 
    3, 
    3, 
    3
   ], 
   [
    3, 
    0, 
    3, 
    3, 
    3, 
    3, 
    3, 
    3, 
    3
   ], 
   [
    3, 
    3, 
    0, 
    3, 
    3, 
    3, 
    3, 
    3, 
    3
   ], 
   [
    3, 
    3, 
    3, 
    0, 
    3, 
    3, 
    3, 
    3, 
    3
   ], 
   [
    3, 
    3, 
    3, 
    3, 
    0, 
    3, 
    3, 
    3, 
    3
   ], 
   [
    3, 
    3, 
    3, 
    3, 
    3, 
    0, 
    3, 
    3, 
    3
   ], 
   [
    3, 
    3, 
    3, 
    3, 
    3, 
    3, 
    0, 
    3, 
    3
   ], 
   [
    3, 
    3, 
    3, 
    3, 
    3, 
    3, 
    3, 
    0, 
    3
   ], 
   [
    3, 
    3, 
    3, 
    3, 
    3, 
    3, 
    3, 
    3, 
    0
   ]
  ], 
  "city_names": [
   "Brest", 
   "Paris", 
   "Marseille", 
   "Gen\u00e8ve", 
   "Monaco", 
   "Le Havre", 
   "Bordeaux", 
   "Lyon", 
   "Strasbourg"
  ], 
  "reward_matrix": [
   [
    0, 
    69526, 
    15612, 
    27125, 
    100, 
    56013, 
    29263, 
    37398, 
    35950
   ], 
   [
    69526, 
    0, 
    56357, 
    67871, 
    40845, 
    96758, 
    70008, 
    78143, 
    76696
   ], 
   [
    15612, 
    56357, 
    0, 
    78212, 
    94759, 
    42844, 
    65734, 
    88485, 
    51393
   ], 
   [
    27125, 
    67871, 
    78212, 
    0, 
    74352, 
    54358, 
    59460, 
    99999, 
    83452
   ], 
   [
    100, 
    40845, 
    94759, 
    74352, 
    0, 
    27332, 
    50221, 
    72973, 
    47533
   ], 
   [
    56013, 
    96758, 
    42844, 
    54358, 
    27332, 
    0, 
    56495, 
    64631, 
    63183
   ], 
   [
    29263, 
    70008, 
    65734, 
    59460, 
    50221, 
    56495, 
    0, 
    69732, 
    36433
   ], 
   [
    37398, 
    78143, 
    88485, 
    99999, 
    72973, 
    64631, 
    69732, 
    0, 
    73180
   ], 
   [
    35950, 
    76696, 
    51393, 
    83452, 
    47533, 
    63183, 
    36433, 
    73180, 
    0
   ]
  ], 
  "probability_matrix": [
   [
    0, 
    0.10237377224222571, 
    0.14041700963132553, 
    0.2303715342137813, 
    0.2920252916339733, 
    0.0032347238811305523, 
    0.025137543977332734, 
    0.040196156631201296, 
    0.1662439677890297
   ], 
   [
    0.09502411911077951, 
    0, 
    0.02835134829186059, 
    0.10470740053714202, 
    0.0779502736030514, 
    0.12556539895396884, 
    0.27105297082258106, 
    0.22882617004253888, 
    0.0685223186380778
   ], 
   [
    0.07187040213353359, 
    0.17863827515490519, 
    0, 
    0.06610635778093897, 
    0.007062296281606399, 
    0.2522481863495773, 
    0.028253901333195153, 
    0.10137512627321622, 
    0.294445454693027
   ], 
   [
    0.10787389341240845, 
    0.13916709745897562, 
    0.07793190070531748, 
    0, 
    0.2008970413735281, 
    0.12185301837981669, 
    0.14192218934529569, 
    0.2031917150952314, 
    0.007163144229426491
   ], 
   [
    0.05836877894923472, 
    0.2519091859761891, 
    0.19424147852534132, 
    0.11661052241406408, 
    0, 
    0.014340697025665457, 
    0.1646992824047921, 
    0.17927845986450733, 
    0.02055159484020587
   ], 
   [
    0.1301431861928472, 
    0.12483010368786547, 
    0.07031662946131499, 
    0.16374500426916158, 
    0.19878728682673416, 
    0, 
    0.012760321626587558, 
    0.19280188594075212, 
    0.1066155819947367
   ], 
   [
    0.062378172435150904, 
    0.059355352160535606, 
    0.057493506890871, 
    0.20249363945587787, 
    0.13227516152648477, 
    0.22093612402520185, 
    0, 
    0.04015697209553798, 
    0.22491107141033995
   ], 
   [
    0.04724164628098323, 
    0.03697869640202973, 
    0.2997233675782498, 
    0.0723755368371945, 
    0.027938429059970096, 
    0.1261168128650668, 
    0.09666320858790631, 
    0, 
    0.2929623023885995
   ], 
   [
    0.16045160419680976, 
    0.1250856663630768, 
    0.041621806351251796, 
    0.19606588324827215, 
    0.2328973087051315, 
    0.020007075916467786, 
    0.06716310303416781, 
    0.15670755218482227, 
    0
   ]
  ]
 },