{
 "vehicle_cost_per_km": [
  5, 
  5, 
  5, 
  5, 
  5
 ], 
 "runs": [
  {
   "avg_task_cost_vs_number_of_task": [
    560, 
    648.75, 
    625.8333333333334, 
    469.375, 
    417.5, 
    347.9166666666667, 
    447.57142857142856, 
    391.625, 
    442.72222222222223, 
    409.65, 
    372.40909090909093, 
    341.375, 
    319, 
    313.25, 
    311.6333333333334, 
    288.28125000000006, 
    252.2941176470588, 
    264.1388888888889, 
    241.68421052631578, 
    240.575, 
    223.92857142857147, 
    216.3409090909091, 
    222.43478260869568, 
    234.77083333333334, 
    268.44000000000005, 
    226.67307692307693, 
    261.22222222222223, 
    192.33928571428578, 
    200.48275862068968, 
    192.04999999999998
   ], 
   "number_of_vehicles": 2
  }, 
  {
   "avg_task_cost_vs_number_of_task": [
    560, 
    620.5, 
    625.8333333333334, 
    469.375, 
    417.5, 
    347.9166666666667, 
    447.57142857142856, 
    391.625, 
    448.8333333333333, 
    409.65, 
    374.5909090909092, 
    355.625, 
    340.1923076923077, 
    306.35714285714283, 
    311.6333333333334, 
    292.15625000000006, 
    281.5588235294118, 
    283.4722222222223, 
    267.81578947368416, 
    246.725, 
    245.8571428571429, 
    232.15909090909096, 
    215.34782608695656, 
    204.39583333333337, 
    202.02000000000004, 
    253.69230769230765, 
    221.64814814814815, 
    191.96428571428572, 
    199.31034482758625, 
    201.40000000000006
   ], 
   "number_of_vehicles": 3
  }, 
  {
   "avg_task_cost_vs_number_of_task": [
    560, 
    620.5, 
    530.6666666666666, 
    398, 
    360.4, 
    300.3333333333333, 
    404.71428571428567, 
    375.1875, 
    409.8333333333333, 
    368.85, 
    356.04545454545456, 
    326.375, 
    326.34615384615387, 
    294.75000000000006, 
    296.43333333333334, 
    277.90625, 
    273.47058823529414, 
    247.88888888888889, 
    262.44736842105266, 
    235.3, 
    221.38095238095238, 
    225.6818181818182, 
    213.95652173913044, 
    214.14583333333334, 
    203.30000000000004, 
    199.8846153846154, 
    214.07407407407408, 
    208.8571428571429, 
    182.32758620689654, 
    189.3
   ], 
   "number_of_vehicles": 4
  }, 
  {
   "avg_task_cost_vs_number_of_task": [
    560, 
    620.5, 
    530.6666666666666, 
    398, 
    360.4, 
    300.3333333333333, 
    404.71428571428567, 
    375.1875, 
    409.8333333333333, 
    368.85, 
    356.04545454545456, 
    326.375, 
    317.423076923077, 
    291.85714285714283, 
    298.4, 
    283.5625, 
    273.47058823529414, 
    274.1388888888889, 
    272.55263157894734, 
    222.125, 
    221.38095238095238, 
    214.9090909090909, 
    210.30434782608697, 
    225.7083333333333, 
    240.62, 
    194.07692307692307, 
    197.74074074074073, 
    223.44642857142858, 
    183.13793103448276, 
    232.08333333333334
   ], 
   "number_of_vehicles": 5
  }
 ], 
 "vehicle_starting_positions": [
  "Amsterdam", 
  "Utrecht", 
  "Eindhoven", 
  "Nijmegen", 
  "Apeldoorn", 
  "Den Haag", 
  "Groningen", 
  "Breda", 
  "Rotterdam", 
  "Almere"
 ], 
 "task_distribution": {
  "distance_matrix": [
   [
    0, 
    90.6, 
    65.2, 
    45.6, 
    137.5, 
    31.9, 
    185.9, 
    132, 
    119.1, 
    90.2
   ], 
   [
    90.6, 
    0, 
    25.4, 
    62.3, 
    110.8, 
    105.6, 
    259.6, 
    112, 
    48.6, 
    129.3
   ], 
   [
    65.2, 
    25.4, 
    0, 
    87.7, 
    136.2, 
    97.1, 
    251.1, 
    137.4, 
    74, 
    154.7
   ], 
   [
    45.6, 
    62.3, 
    87.7, 
    0, 
    91.9, 
    43.3, 
    197.3, 
    86.4, 
    73.5, 
    67
   ], 
   [
    137.5, 
    110.8, 
    136.2, 
    91.9, 
    0, 
    135.2, 
    268.3, 
    70.2, 
    62.2, 
    127.3
   ], 
   [
    31.9, 
    105.6, 
    97.1, 
    43.3, 
    135.2, 
    0, 
    154, 
    129.7, 
    116.8, 
    80.1
   ], 
   [
    185.9, 
    259.6, 
    251.1, 
    197.3, 
    268.3, 
    154, 
    0, 
    198.1, 
    270.8, 
    141
   ], 
   [
    132, 
    112, 
    137.4, 
    86.4, 
    70.2, 
    129.7, 
    198.1, 
    0, 
    96.2, 
    57.1
   ], 
   [
    119.1, 
    48.6, 
    74, 
    73.5, 
    62.2, 
    116.8, 
    270.8, 
    96.2, 
    0, 
    140.5
   ], 
   [
    90.2, 
    129.3, 
    154.7, 
    67, 
    127.3, 
    80.1, 
    141, 
    57.1, 
    140.5, 
    0
   ]
  ], 
  "weight_matrix": [
   [
    0, 
    3, 
    3, 
    3, 
    3, 
    3, 
    3, 
    3, 
    3, 
    3
   ], 
   [
    3, 
    0, 
    3, 
    3, 
    3, 
    3, 
    3, 
    3, 
    3, 
    3
   ], 
   [
    3, 
    3, 
    0, 
    3, 
    3, 
    3, 
    3, 
    3, 
    3, 
    3
   ], 
   [
    3, 
    3, 
    3, 
    0, 
    3, 
    3, 
    3, 
    3, 
    3, 
    3
   ], 
   [
    3, 
    3, 
    3, 
    3, 
    0, 
    3, 
    3, 
    3, 
    3, 
    3
   ], 
   [
    3, 
    3, 
    3, 
    3, 
    3, 
    0, 
    3, 
    3, 
    3, 
    3
   ], 
   [
    3, 
    3, 
    3, 
    3, 
    3, 
    3, 
    0, 
    3, 
    3, 
    3
   ], 
   [
    3, 
    3, 
    3, 
    3, 
    3, 
    3, 
    3, 
    0, 
    3, 
    3
   ], 
   [
    3, 
    3, 
    3, 
    3, 
    3, 
    3, 
    3, 
    3, 
    0, 
    3
   ], 
   [
    3, 
    3, 
    3, 
    3, 
    3, 
    3, 
    3, 
    3, 
    3, 
    0
   ]
  ], 
  "city_names": [
   "Amsterdam", 
   "Rotterdam", 
   "Den Haag", 
   "Utrecht", 
   "Eindhoven", 
   "Almere", 
   "Groningen", 
   "Nijmegen", 
   "Breda", 
   "Apeldoorn"
  ], 
  "reward_matrix": [
   [
    0, 
    73456, 
    83796, 
    91775, 
    54364, 
    97352, 
    34661, 
    56603, 
    61855, 
    73619
   ], 
   [
    73456, 
    0, 
    99999, 
    84977, 
    65233, 
    67350, 
    4659, 
    64745, 
    90554, 
    57702
   ], 
   [
    83796, 
    99999, 
    0, 
    74637, 
    54893, 
    70810, 
    8119, 
    54405, 
    80214, 
    47362
   ], 
   [
    91775, 
    84977, 
    74637, 
    0, 
    72927, 
    92712, 
    30020, 
    75166, 
    80418, 
    83064
   ], 
   [
    54364, 
    65233, 
    54893, 
    72927, 
    0, 
    55300, 
    1117, 
    81761, 
    85018, 
    58516
   ], 
   [
    97352, 
    67350, 
    70810, 
    92712, 
    55300, 
    0, 
    47647, 
    57539, 
    62791, 
    77731
   ], 
   [
    34661, 
    4659, 
    8119, 
    30020, 
    1117, 
    47647, 
    0, 
    29695, 
    100, 
    52939
   ], 
   [
    56603, 
    64745, 
    54405, 
    75166, 
    81761, 
    57539, 
    29695, 
    0, 
    71177, 
    87094
   ], 
   [
    61855, 
    90554, 
    80214, 
    80418, 
    85018, 
    62791, 
    100, 
    71177, 
    0, 
    53143
   ], 
   [
    73619, 
    57702, 
    47362, 
    83064, 
    58516, 
    77731, 
    52939, 
    87094, 
    53143, 
    0
   ]
  ],