{
 "vehicle_cost_per_km": [
  5, 
  5, 
  5, 
  5, 
  5
 ], 
 "runs": [
  {
   "avg_task_cost_vs_number_of_task": [
    243, 
    413.5, 
    644.1666666666666, 
    483.125, 
    386.5, 
    333.9166666666667, 
    310.64285714285717, 
    402.31249999999994, 
    367.77777777777777, 
    331, 
    301.6818181818182, 
    285.875, 
    285.11538461538464, 
    264.75, 
    262.7, 
    253.125, 
    241.47058823529412, 
    257.5, 
    291.55263157894734, 
    239.625, 
    228.78571428571428, 
    232.52272727272728, 
    250.8695652173913, 
    243.3958333333333, 
    218, 
    266.84615384615387, 
    229.9814814814815, 
    242.53571428571428, 
    243.1724137931035, 
    239.13333333333335
   ], 
   "number_of_vehicles": 3
  }
 ], 
 "vehicle_starting_positions": [
  "Amsterdam", 
  "Rotterdam", 
  "Den Haag", 
  "Utrecht", 
  "Eindhoven", 
  "Almere", 
  "Groningen", 
  "Nijmegen", 
  "Breda", 
  "Apeldoorn"
 ], 
 "task_distribution": {
  "distance_matrix": [
   [
    0, 
    90.6, 
    65.2, 
    45.6, 
    137.5, 
    31.9, 
    185.9, 
    132, 
    119.1, 
    90.2
   ], 
   [
    90.6, 
    0, 
    25.4, 
    62.3, 
    110.8, 
    105.6, 
    259.6, 
    112, 
    48.6, 
    129.3
   ], 
   [
    65.2, 
    25.4, 
    0, 
    87.7, 
    136.2, 
    97.1, 
    251.1, 
    137.4, 
    74, 
    154.7
   ], 
   [
    45.6, 
    62.3, 
    87.7, 
    0, 
    91.9, 
    43.3, 
    197.3, 
    86.4, 
    73.5, 
    67
   ], 
   [
    137.5, 
    110.8, 
    136.2, 
    91.9, 
    0, 
    135.2, 
    268.3, 
    70.2, 
    62.2, 
    127.3
   ], 
   [
    31.9, 
    105.6, 
    97.1, 
    43.3, 
    135.2, 
    0, 
    154, 
    129.7, 
    116.8, 
    80.1
   ], 
   [
    185.9, 
    259.6, 
    251.1, 
    197.3, 
    268.3, 
    154, 
    0, 
    198.1, 
    270.8, 
    141
   ], 
   [
    132, 
    112, 
    137.4, 
    86.4, 
    70.2, 
    129.7, 
    198.1, 
    0, 
    96.2, 
    57.1
   ], 
   [
    119.1, 
    48.6, 
    74, 
    73.5, 
    62.2, 
    116.8, 
    270.8, 
    96.2, 
    0, 
    140.5
   ], 
   [
    90.2, 
    129.3, 
    154.7, 
    67, 
    127.3, 
    80.1, 
    141, 
    57.1, 
    140.5, 
    0
   ]
  ], 
  "weight_matrix": [
   [
    0, 
    3, 
    3, 
    3, 
    3, 
    3, 
    3, 
    3, 
    3, 
    3
   ], 
   [
    3, 
    0, 
    3, 
    3, 
    3, 
    3, 
    3, 
    3, 
    3, 
    3
   ], 
   [
    3, 
    3, 
    0, 
    3, 
    3, 
    3, 
    3, 
    3, 
    3, 
    3
   ], 
   [
    3, 
    3, 
    3, 
    0, 
    3, 
    3, 
    3, 
    3, 
    3, 
    3
   ], 
   [
    3, 
    3, 
    3, 
    3, 
    0, 
    3, 
    3, 
    3, 
    3, 
    3
   ], 
   [
    3, 
    3, 
    3, 
    3, 
    3, 
    0, 
    3, 
    3, 
    3, 
    3
   ], 
   [
    3, 
    3, 
    3, 
    3, 
    3, 
    3, 
    0, 
    3, 
    3, 
    3
   ], 
   [
    3, 
    3, 
    3, 
    3, 
    3, 
    3, 
    3, 
    0, 
    3, 
    3
   ], 
   [
    3, 
    3, 
    3, 
    3, 
    3, 
    3, 
    3, 
    3, 
    0, 
    3
   ], 
   [
    3, 
    3, 
    3, 
    3, 
    3, 
    3, 
    3, 
    3, 
    3, 
    0
   ]
  ], 
  "city_names": [
   "Amsterdam", 
   "Rotterdam", 
   "Den Haag", 
   "Utrecht", 
   "Eindhoven", 
   "Almere", 
   "Groningen", 
   "Nijmegen", 
   "Breda", 
   "Apeldoorn"
  ], 
  "reward_matrix": [
   [
    0, 
    73456, 
    83796, 
    91775, 
    54364, 
    97352, 
    34661, 
    56603, 
    61855, 
    73619
   ], 
   [
    73456, 
    0, 
    99999, 
    84977, 
    65233, 
    67350, 
    4659, 
    64745, 
    90554, 
    57702
   ], 
   [
    83796, 
    99999, 
    0, 
    74637, 
    54893, 
    70810, 
    8119, 
    54405, 
    80214, 
    47362
   ], 
   [
    91775, 
    84977, 
    74637, 
    0, 
    72927, 
    92712, 
    30020, 
    75166, 
    80418, 
    83064
   ], 
   [
    54364, 
    65233, 
    54893, 
    72927, 
    0, 
    55300, 
    1117, 
    81761, 
    85018, 
    58516
   ], 
   [
    97352, 
    67350, 
    70810, 
    92712, 
    55300, 
    0, 
    47647, 
    57539, 
    62791, 
    77731
   ], 
   [
    34661, 
    4659, 
    8119, 
    30020, 
    1117, 
    47647, 
    0, 
    29695, 
    100, 
    52939
   ], 
   [
    56603, 
    64745, 
    54405, 
    75166, 
    81761, 
    57539, 
    29695, 
    0, 
    71177, 
    87094
   ], 
   [
    61855, 
    90554, 
    80214, 
    80418, 
    85018, 
    62791, 
    100, 
    71177, 
    0, 
    53143
   ], 
   [
    73619, 
    57702, 
    47362, 
    83064, 
    58516, 
    77731, 
    52939, 
    87094, 
    53143, 
    0
   ]
  ], 
  "probability_matrix": [
   [
    0, 
    0.13474959221141333, 
    0.20751829651850756, 
    0.1790286660945372, 
    0.023464689718140558, 
    0.12488814594236922, 
    0.09855565079435663, 
    0.2196929814912097, 
    0.006918059522628074, 
    0.005183917706837929
   ], 
   [
    0.22711507319954877, 
    0, 
    0.011008405242908716, 
    0.015722412103114397, 
    0.0973018490445841, 
    0.16554940687342412, 
    0.08065971124472082, 
    0.10723329040286814, 
    0.23792542857772583, 
    0.057484423311105204
   ], 
   [
    0.10049375384768013, 
    0.18149496278730654, 
    0, 
    0.23265903702038673, 
    0.08733096862758755, 
    0.026304458309580513, 
    0.12223004316241497, 
    0.022216222720678674, 
    0.02272932959817616, 
    0.20454122392618873
   ], 
   [
    0.11024976465605985, 
    0.15480957658617045, 
    0.17392271329661213, 
    0, 
    0.09972759556342216, 
    0.07879192671523198, 
    0.04114520815418924, 
    0.11343898424929577, 
    0.1422045678509764, 
    0.08570966292804215
   ], 
   [
    0.185316112154078, 
    0.03693870674853375, 
    0.0135340384879164, 
    0.12998142334520163, 
    0, 
    0.03492274104756587, 
    0.3196877911273707, 
    0.08658404512038878, 
    0.060439514138342386, 
    0.1325956278306024
   ], 
   [
    0.056082697269635357, 
    0.14032329629198262, 
    0.019284655965976467, 
    0.12966276978418803, 
    0.08965474082050555, 
    0, 
    0.16911913506598178, 
    0.1318372069033952, 
    0.1651699579131679, 
    0.09886553998516695
   ], 
   [
    0.15455525770448125, 
    0.03224428624901556, 
    0.11981255324991288, 
    0.15770745079865017, 
    0.08344349278786861, 
    0.07470932919258642, 
    0, 
    0.17332016021744004, 
    0.04947580944297324, 
    0.15473166035707206
   ], 
   [
    0.12112955302300235, 
    0.054802180183588615, 
    0.05567542236416241, 
    0.16626118972779863, 
    0.18068693819111586, 
    0.13253418208481327, 
    0.12664637628772285, 
    0, 
    0.018156011869928657, 
    0.1441081462678675
   ], 
   [
    0.16821378010554053, 
    0.05010792920357441, 
    0.11426427752885693, 
    0.0940037515307086, 
    0.03519279535955003, 
    0.14837890387150474, 
    0.1610452153281994, 
    0.14464949962779253, 
    0, 
    0.08414384744427268
   ], 
   [
    0.059394474365215326, 
    0.08234187516006675, 
    0.07773457340121345, 
    0.1387087781791964, 
    0.17146824293291882, 
    0.10503679403678517, 
    0.12829641676657738, 
    0.19323397810262866, 
    0.043784867055398004, 
    0
   ]
  ]
 }, 
 "vehicle_capacities": [
  15, 
  15, 
  15, 
  5, 
  20, 
  30, 
  30, 
  30, 
  30, 
  30
 ]
}