{
 "vehicle_cost_per_km": [
  5, 
  5, 
  5, 
  5, 
  5
 ], 
 "runs": [
  {
   "avg_task_cost_vs_number_of_task": [
    687.5, 
    650.25, 
    1241, 
    991.3749999999999, 
    938.8, 
    886.1666666666666, 
    1087.9285714285713, 
    951.9375, 
    972.8888888888889, 
    938.75, 
    931.4545454545455, 
    992.5833333333331, 
    935.7692307692304, 
    949.4642857142854, 
    950.8999999999997, 
    953.3749999999998, 
    922.7941176470586, 
    909.6944444444442, 
    883.6052631578943, 
    872.3499999999998, 
    838.5714285714282, 
    800.7499999999999, 
    803.782608695652, 
    822.6041666666664, 
    796.4799999999997, 
    792.4615384615382, 
    763.1111111111109, 
    735.8571428571425, 
    759.3965517241377, 
    741.0833333333333
   ], 
   "number_of_vehicles": 3
  }
 ], 
 "vehicle_starting_positions": [
  "Amsterdam", 
  "Rotterdam", 
  "Den Haag", 
  "Utrecht", 
  "Eindhoven", 
  "Almere", 
  "Groningen", 
  "Nijmegen", 
  "Breda", 
  "Apeldoorn"
 ], 
 "task_distribution": {
  "distance_matrix": [
   [
    0, 
    90.6, 
    65.2, 
    45.6, 
    137.5, 
    31.9, 
    185.9, 
    132, 
    119.1, 
    90.2
   ], 
   [
    90.6, 
    0, 
    25.4, 
    62.3, 
    110.8, 
    105.6, 
    259.6, 
    112, 
    48.6, 
    129.3
   ], 
   [
    65.2, 
    25.4, 
    0, 
    87.7, 
    136.2, 
    97.1, 
    251.1, 
    137.4, 
    74, 
    154.7
   ], 
   [
    45.6, 
    62.3, 
    87.7, 
    0, 
    91.9, 
    43.3, 
    197.3, 
    86.4, 
    73.5, 
    67
   ], 
   [
    137.5, 
    110.8, 
    136.2, 
    91.9, 
    0, 
    135.2, 
    268.3, 
    70.2, 
    62.2, 
    127.3
   ], 
   [
    31.9, 
    105.6, 
    97.1, 
    43.3, 
    135.2, 
    0, 
    154, 
    129.7, 
    116.8, 
    80.1
   ], 
   [
    185.9, 
    259.6, 
    251.1, 
    197.3, 
    268.3, 
    154, 
    0, 
    198.1, 
    270.8, 
    141
   ], 
   [
    132, 
    112, 
    137.4, 
    86.4, 
    70.2, 
    129.7, 
    198.1, 
    0, 
    96.2, 
    57.1
   ], 
   [
    119.1, 
    48.6, 
    74, 
    73.5, 
    62.2, 
    116.8, 
    270.8, 
    96.2, 
    0, 
    140.5
   ], 
   [
    90.2, 
    129.3, 
    154.7, 
    67, 
    127.3, 
    80.1, 
    141, 
    57.1, 
    140.5, 
    0
   ]
  ], 
  "weight_matrix": [
   [
    0, 
    3, 
    3, 
    3, 
    3, 
    3, 
    3, 
    3, 
    3, 
    3
   ], 
   [
    3, 
    0, 
    3, 
    3, 
    3, 
    3, 
    3, 
    3, 
    3, 
    3
   ], 
   [
    3, 
    3, 
    0, 
    3, 
    3, 
    3, 
    3, 
    3, 
    3, 
    3
   ], 
   [
    3, 
    3, 
    3, 
    0, 
    3, 
    3, 
    3, 
    3, 
    3, 
    3
   ], 
   [
    3, 
    3, 
    3, 
    3, 
    0, 
    3, 
    3, 
    3, 
    3, 
    3
   ], 
   [
    3, 
    3, 
    3, 
    3, 
    3, 
    0, 
    3, 
    3, 
    3, 
    3
   ], 
   [
    3, 
    3, 
    3, 
    3, 
    3, 
    3, 
    0, 
    3, 
    3, 
    3
   ], 
   [
    3, 
    3, 
    3, 
    3, 
    3, 
    3, 
    3, 
    0, 
    3, 
    3
   ], 
   [
    3, 
    3, 
    3, 
    3, 
    3, 
    3, 
    3, 
    3, 
    0, 
    3
   ], 
   [
    3, 
    3, 
    3, 
    3, 
    3, 
    3, 
    3, 
    3, 
    3, 
    0
   ]
  ], 
  "city_names": [
   "Amsterdam", 
   "Rotterdam", 
   "Den Haag", 
   "Utrecht", 
   "Eindhoven", 
   "Almere", 
   "Groningen", 
   "Nijmegen", 
   "Breda", 
   "Apeldoorn"
  ], 
  "reward_matrix": [
   [
    0, 
    73456, 
    83796, 
    91775, 
    54364, 
    97352, 
    34661, 
    56603, 
    61855, 
    73619
   ], 
   [
    73456, 
    0, 
    99999, 
    84977, 
    65233, 
    67350, 
    4659, 
    64745, 
    90554, 
    57702
   ], 
   [
    83796, 
    99999, 
    0, 
    74637, 
    54893, 
    70810, 
    8119, 
    54405, 
    80214, 
    47362
   ], 
   [
    91775, 
    84977, 
    74637, 
    0, 
    72927, 
    92712, 
    30020, 
    75166, 
    80418, 
    83064
   ], 
   [
    54364, 
    65233, 
    54893, 
    72927, 
    0, 
    55300, 
    1117, 
    81761, 
    85018, 
    58516
   ], 
   [
    97352, 
    67350, 
    70810, 
    92712, 
    55300, 
    0, 
    47647, 
    57539, 
    62791, 
    77731
   ], 
   [
    34661, 
    4659, 
    8119, 
    30020, 
    1117, 
    47647, 
    0, 
    29695, 
    100, 
    52939
   ], 
   [
    56603, 
    64745, 
    54405, 
    75166, 
    81761, 
    57539, 
    29695, 
    0, 
    71177, 
    87094
   ], 
   [
    61855, 
    90554, 
    80214, 
    80418, 
    85018, 
    62791, 
    100, 
    71177, 
    0, 
    53143
   ], 
   [
    73619, 
    57702, 
    47362, 
    83064, 
    58516, 
    77731, 
    52939, 
    87094, 
    53143, 
    0
   ]
  ], 
  "probability_matrix": [
   [
    0, 
    0.15240547940654092, 
    0.11029724883967308, 
    0.10128712289085104, 
    0.1390805908176405, 
    0.12740967877756587, 
    0.11462859927376844, 
    0.11432624852445046, 
    0.043941273160640656, 
    0.09662375830886905
   ], 
   [
    0.07927385092619042, 
    0, 
    0.06591724543922202, 
    0.11911361557277877, 
    0.08687482102039024, 
    0.21411384358745894, 
    0.06050159356965878, 
    0.11968092435533322, 
    0.20559718236532404, 
    0.048926923163643374
   ], 
   [
    0.16521479760289795, 
    0.02869855669456165, 
    0, 
    0.1695065875873463, 
    0.06275699274778786, 
    0.03810470122624776, 
    0.10359731882730415, 
    0.17883622171442268, 
    0.05561599379755054, 
    0.19766882980188097
   ], 
   [
    0.002499979201016037, 
    0.11607456723045619, 
    0.07884881685620201, 
    0, 
    0.13905868469147606, 
    0.20646581650798101, 
    0.16763606643846948, 
    0.11914436998304019, 
    0.053396140385894235, 
    0.1168755587054646
   ], 
   [
    0.18990471631629802, 
    0.11147585382373765, 
    0.11339197373492259, 
    0.17161578223589777, 
    0, 
    0.09230854235080088, 
    0.17815425314688593, 
    0.02268595158489003, 
    0.11150812577432694, 
    0.008954801032240077
   ], 
   [
    0.04541259024651632, 
    0.1410489589982107, 
    0.12171974000166791, 
    0.048775244700378015, 
    0.1083764048141539, 
    0, 
    0.1328465144923265, 
    0.08602615076329853, 
    0.1644656382103734, 
    0.15132875777307464
   ], 
   [
    0.002657954953224352, 
    0.03892769122997392, 
    0.12806897754621335, 
    0.24731616655985025, 
    0.15631868756088796, 
    0.20621090936057504, 
    0, 
    0.050442156467817155, 
    0.13769426920163783, 
    0.03236318711982017
   ], 
   [
    0.1065181845526602, 
    0.2019696659610248, 
    0.027777555897402672, 
    0.031263369864314765, 
    0.1740716120237628, 
    0.16479332837297234, 
    0.024462644708988686, 
    0, 
    0.11378259940852366, 
    0.15536103921035
   ], 
   [
    0.010188176488352968, 
    0.2620705270526149, 
    0.1242696372802119, 
    0.04882820365656489, 
    0.14830883142109821, 
    0.12044968440373628, 
    0.2185063886026051, 
    0.012527406505626114, 
    0, 
    0.05485114458918985
   ], 
   [
    0.07950463359321641, 
    0.07303178292559748, 
    0.18264820603242102, 
    0.10264262163966878, 
    0.031693448890779775, 
    0.13590706971436176, 
    0.21281183165592177, 
    0.08905149977081742, 
    0.09270890577721574, 
    0
   ]
  ]
 }, 
 "vehicle_capacities": [
  5, 
  5, 
  5, 
  5, 
  20, 
  30, 
  30, 
  30, 
  30, 
  30
 ]
}