{
 "vehicle_cost_per_km": [
  5, 
  5, 
  5, 
  5, 
  5
 ], 
 "runs": [
  {
   "avg_task_cost_vs_number_of_task": [
    560, 
    648.25, 
    432.1666666666667, 
    355.875, 
    349.9, 
    363.9166666666667, 
    273.35714285714283, 
    239.1875, 
    250.44444444444446, 
    276.1, 
    258.6363636363636, 
    264.25, 
    290.38461538461536, 
    289.4642857142857, 
    283.8, 
    294.59375, 
    299.20588235294116, 
    287.19444444444446, 
    277.55263157894734, 
    292.9, 
    297.2142857142857, 
    291.1136363636364, 
    271.5, 
    282.375, 
    273.9, 
    280.9038461538462, 
    290.61111111111114, 
    281.64285714285717, 
    288.2241379310345, 
    266.56666666666666
   ], 
   "number_of_vehicles": 3
  }
 ], 
 "vehicle_starting_positions": [
  "Amsterdam", 
  "Rotterdam", 
  "Den Haag", 
  "Utrecht", 
  "Eindhoven", 
  "Almere", 
  "Groningen", 
  "Nijmegen", 
  "Breda", 
  "Apeldoorn"
 ], 
 "task_distribution": {
  "distance_matrix": [
   [
    0, 
    90.6, 
    65.2, 
    45.6, 
    137.5, 
    31.9, 
    185.9, 
    132, 
    119.1, 
    90.2
   ], 
   [
    90.6, 
    0, 
    25.4, 
    62.3, 
    110.8, 
    105.6, 
    259.6, 
    112, 
    48.6, 
    129.3
   ], 
   [
    65.2, 
    25.4, 
    0, 
    87.7, 
    136.2, 
    97.1, 
    251.1, 
    137.4, 
    74, 
    154.7
   ], 
   [
    45.6, 
    62.3, 
    87.7, 
    0, 
    91.9, 
    43.3, 
    197.3, 
    86.4, 
    73.5, 
    67
   ], 
   [
    137.5, 
    110.8, 
    136.2, 
    91.9, 
    0, 
    135.2, 
    268.3, 
    70.2, 
    62.2, 
    127.3
   ], 
   [
    31.9, 
    105.6, 
    97.1, 
    43.3, 
    135.2, 
    0, 
    154, 
    129.7, 
    116.8, 
    80.1
   ], 
   [
    185.9, 
    259.6, 
    251.1, 
    197.3, 
    268.3, 
    154, 
    0, 
    198.1, 
    270.8, 
    141
   ], 
   [
    132, 
    112, 
    137.4, 
    86.4, 
    70.2, 
    129.7, 
    198.1, 
    0, 
    96.2, 
    57.1
   ], 
   [
    119.1, 
    48.6, 
    74, 
    73.5, 
    62.2, 
    116.8, 
    270.8, 
    96.2, 
    0, 
    140.5
   ], 
   [
    90.2, 
    129.3, 
    154.7, 
    67, 
    127.3, 
    80.1, 
    141, 
    57.1, 
    140.5, 
    0
   ]
  ], 
  "weight_matrix": [
   [
    0, 
    3, 
    3, 
    3, 
    3, 
    3, 
    3, 
    3, 
    3, 
    3
   ], 
   [
    3, 
    0, 
    3, 
    3, 
    3, 
    3, 
    3, 
    3, 
    3, 
    3
   ], 
   [
    3, 
    3, 
    0, 
    3, 
    3, 
    3, 
    3, 
    3, 
    3, 
    3
   ], 
   [
    3, 
    3, 
    3, 
    0, 
    3, 
    3, 
    3, 
    3, 
    3, 
    3
   ], 
   [
    3, 
    3, 
    3, 
    3, 
    0, 
    3, 
    3, 
    3, 
    3, 
    3
   ], 
   [
    3, 
    3, 
    3, 
    3, 
    3, 
    0, 
    3, 
    3, 
    3, 
    3
   ], 
   [
    3, 
    3, 
    3, 
    3, 
    3, 
    3, 
    0, 
    3, 
    3, 
    3
   ], 
   [
    3, 
    3, 
    3, 
    3, 
    3, 
    3, 
    3, 
    0, 
    3, 
    3
   ], 
   [
    3, 
    3, 
    3, 
    3, 
    3, 
    3, 
    3, 
    3, 
    0, 
    3
   ], 
   [
    3, 
    3, 
    3, 
    3, 
    3, 
    3, 
    3, 
    3, 
    3, 
    0
   ]
  ], 
  "city_names": [
   "Amsterdam", 
   "Rotterdam", 
   "Den Haag", 
   "Utrecht", 
   "Eindhoven", 
   "Almere", 
   "Groningen", 
   "Nijmegen", 
   "Breda", 
   "Apeldoorn"
  ], 
  "reward_matrix": [
   [
    0, 
    73456, 
    83796, 
    91775, 
    54364, 
    97352, 
    34661, 
    56603, 
    61855, 
    73619
   ], 
   [
    73456, 
    0, 
    99999, 
    84977, 
    65233, 
    67350, 
    4659, 
    64745, 
    90554, 
    57702
   ], 
   [
    83796, 
    99999, 
    0, 
    74637, 
    54893, 
    70810, 
    8119, 
    54405, 
    80214, 
    47362
   ], 
   [
    91775, 
    84977, 
    74637, 
    0, 
    72927, 
    92712, 
    30020, 
    75166, 
    80418, 
    83064
   ], 
   [
    54364, 
    65233, 
    54893, 
    72927, 
    0, 
    55300, 
    1117, 
    81761, 
    85018, 
    58516
   ], 
   [
    97352, 
    67350, 
    70810, 
    92712, 
    55300, 
    0, 
    47647, 
    57539, 
    62791, 
    77731
   ], 
   [
    34661, 
    4659, 
    8119, 
    30020, 
    1117, 
    47647, 
    0, 
    29695, 
    100, 
    52939
   ], 
   [
    56603, 
    64745, 
    54405, 
    75166, 
    81761, 
    57539, 
    29695, 
    0, 
    71177, 
    87094
   ], 
   [
    61855, 
    90554, 
    80214, 
    80418, 
    85018, 
    62791, 
    100, 
    71177, 
    0, 
    53143
   ], 
   [
    73619, 
    57702, 
    47362, 
    83064, 
    58516, 
    77731, 
    52939, 
    87094, 
    53143, 
    0
   ]
  ], 
  "probability_matrix": [
   [
    0, 
    0.01411047935639217, 
    0.20647360458643046, 
    0.03197716593877438, 
    0.07253722229356233, 
    0.068144422703469, 
    0.1165320929719424, 
    0.09646129590486108, 
    0.1440363956220177, 
    0.24972732062255037
   ], 
   [
    0.10504715018664483, 
    0, 
    0.045862993187916104, 
    0.01642129577208242, 
    0.024123935298682526, 
    0.1598304141996778, 
    0.059252474297845345, 
    0.2739312810775506, 
    0.0458015464893281, 
    0.2697289094902724
   ], 
   [
    0.1256268785802268, 
    0.002644061768988444, 
    0, 
    0.27935840209134555, 
    0.01351515261127774, 
    0.11847101330301307, 
    0.1910682675645231, 
    0.04552436970326698, 
    0.019796986529260614, 
    0.20399486784809767
   ], 
   [
    0.009541675563937901, 
    0.08868647394797047, 
    0.0066442213220569545, 
    0, 
    0.12610526097221164, 
    0.16683328363189495, 
    0.06973188839441245, 
    0.1437541612867425, 
    0.2379112685553391, 
    0.15079176632543395
   ], 
   [
    0.08006681575785511, 
    0.11046124814881077, 
    0.008105612197864818, 
    0.2587674498784236, 
    0, 
    0.004323077467018408, 
    0.23273083860597926, 
    0.022949321718363738, 
    0.26205742319537023, 
    0.020538213030314192
   ], 
   [
    0.1305131805721671, 
    0.1752558607094445, 
    0.08753989811458703, 
    0.08841616881958105, 
    0.17135361320670828, 
    0, 
    0.14523754394849475, 
    0.06450799615632334, 
    0.06986070449548233, 
    0.0673150339772115
   ], 
   [
    0.17842120506764775, 
    0.20187163827384208, 
    0.17110758771200205, 
    0.05636279622255338, 
    0.08219647468191038, 
    0.13225312487911173, 
    0, 
    0.002687267868098011, 
    0.14344132211463453, 
    0.03165858318020004
   ], 
   [
    0.03875229855020045, 
    0.07907032625585396, 
    0.15429036526665119, 
    0.010381575589836293, 
    0.19322152728462794, 
    0.20700745822453342, 
    0.04993276982970808, 
    0, 
    0.08374283754283367, 
    0.1836008414557551
   ], 
   [
    0.14174076191077198, 
    0.11191440783756271, 
    0.004464248401491239, 
    0.08391668549863213, 
    0.1048512630717252, 
    0.13112314144717893, 
    0.09128420954098258, 
    0.18165488239873034, 
    0, 
    0.14905039989292504
   ], 
   [
    0.11898834739680611, 
    0.026252682977742237, 
    0.18500918715597212, 
    0.1072815289216437, 
    0.010942277009120609, 
    0.11764846508321299, 
    0.05667240505715304, 
    0.19796444890307363, 
    0.17924065749527546, 
    0
   ]
  ]
 }, 
 "vehicle_capacities": [
  15, 
  15, 
  15, 
  5, 
  20, 
  30, 
  30, 
  30, 
  30, 
  30
 ]
}