{
 "vehicle_cost_per_km": [
  5, 
  15, 
  15, 
  5, 
  5, 
  5, 
  5, 
  5, 
  5, 
  5
 ], 
 "runs": [
  {
   "avg_task_cost_vs_number_of_task": [
    1013.0000000000001, 
    826.25, 
    736.8333333333334, 
    579.875, 
    662, 
    570.5, 
    536.4285714285714, 
    492, 
    478.6666666666667, 
    399.15, 
    426.22727272727275, 
    422.83333333333326, 
    415.38461538461536, 
    396.75, 
    409.1666666666667, 
    409.96875, 
    397, 
    467.27777777777766, 
    383.6052631578947, 
    399.95, 
    288.90476190476187, 
    383.65909090909093, 
    417.4130434782609, 
    312.6041666666667, 
    413.29999999999995, 
    342.6730769230769, 
    376.5185185185185, 
    384.6964285714285, 
    418.2068965517241, 
    434.7500000000001
   ], 
   "number_of_vehicles": 3
  }
 ], 
 "vehicle_starting_positions": [
  "Amsterdam", 
  "Rotterdam", 
  "Den Haag", 
  "Utrecht", 
  "Eindhoven", 
  "Almere", 
  "Groningen", 
  "Nijmegen", 
  "Breda", 
  "Apeldoorn"
 ], 
 "task_distribution": {
  "distance_matrix": [
   [
    0, 
    90.6, 
    65.2, 
    45.6, 
    137.5, 
    31.9, 
    185.9, 
    132, 
    119.1, 
    90.2
   ], 
   [
    90.6, 
    0, 
    25.4, 
    62.3, 
    110.8, 
    105.6, 
    259.6, 
    112, 
    48.6, 
    129.3
   ], 
   [
    65.2, 
    25.4, 
    0, 
    87.7, 
    136.2, 
    97.1, 
    251.1, 
    137.4, 
    74, 
    154.7
   ], 
   [
    45.6, 
    62.3, 
    87.7, 
    0, 
    91.9, 
    43.3, 
    197.3, 
    86.4, 
    73.5, 
    67
   ], 
   [
    137.5, 
    110.8, 
    136.2, 
    91.9, 
    0, 
    135.2, 
    268.3, 
    70.2, 
    62.2, 
    127.3
   ], 
   [
    31.9, 
    105.6, 
    97.1, 
    43.3, 
    135.2, 
    0, 
    154, 
    129.7, 
    116.8, 
    80.1
   ], 
   [
    185.9, 
    259.6, 
    251.1, 
    197.3, 
    268.3, 
    154, 
    0, 
    198.1, 
    270.8, 
    141
   ], 
   [
    132, 
    112, 
    137.4, 
    86.4, 
    70.2, 
    129.7, 
    198.1, 
    0, 
    96.2, 
    57.1
   ], 
   [
    119.1, 
    48.6, 
    74, 
    73.5, 
    62.2, 
    116.8, 
    270.8, 
    96.2, 
    0, 
    140.5
   ], 
   [
    90.2, 
    129.3, 
    154.7, 
    67, 
    127.3, 
    80.1, 
    141, 
    57.1, 
    140.5, 
    0
   ]
  ], 
  "weight_matrix": [
   [
    0, 
    3, 
    3, 
    3, 
    3, 
    3, 
    3, 
    3, 
    3, 
    3
   ], 
   [
    3, 
    0, 
    3, 
    3, 
    3, 
    3, 
    3, 
    3, 
    3, 
    3
   ], 
   [
    3, 
    3, 
    0, 
    3, 
    3, 
    3, 
    3, 
    3, 
    3, 
    3
   ], 
   [
    3, 
    3, 
    3, 
    0, 
    3, 
    3, 
    3, 
    3, 
    3, 
    3
   ], 
   [
    3, 
    3, 
    3, 
    3, 
    0, 
    3, 
    3, 
    3, 
    3, 
    3
   ], 
   [
    3, 
    3, 
    3, 
    3, 
    3, 
    0, 
    3, 
    3, 
    3, 
    3
   ], 
   [
    3, 
    3, 
    3, 
    3, 
    3, 
    3, 
    0, 
    3, 
    3, 
    3
   ], 
   [
    3, 
    3, 
    3, 
    3, 
    3, 
    3, 
    3, 
    0, 
    3, 
    3
   ], 
   [
    3, 
    3, 
    3, 
    3, 
    3, 
    3, 
    3, 
    3, 
    0, 
    3
   ], 
   [
    3, 
    3, 
    3, 
    3, 
    3, 
    3, 
    3, 
    3, 
    3, 
    0
   ]
  ], 
  "city_names": [
   "Amsterdam", 
   "Rotterdam", 
   "Den Haag", 
   "Utrecht", 
   "Eindhoven", 
   "Almere", 
   "Groningen", 
   "Nijmegen", 
   "Breda", 
   "Apeldoorn"
  ], 
  "reward_matrix": [
   [
    0, 
    73456, 
    83796, 
    91775, 
    54364, 
    97352, 
    34661, 
    56603, 
    61855, 
    73619
   ], 
   [
    73456, 
    0, 
    99999, 
    84977, 
    65233, 
    67350, 
    4659, 
    64745, 
    90554, 
    57702
   ], 
   [
    83796, 
    99999, 
    0, 
    74637, 
    54893, 
    70810, 
    8119, 
    54405, 
    80214, 
    47362
   ], 
   [
    91775, 
    84977, 
    74637, 
    0, 
    72927, 
    92712, 
    30020, 
    75166, 
    80418, 
    83064
   ], 
   [
    54364, 
    65233, 
    54893, 
    72927, 
    0, 
    55300, 
    1117, 
    81761, 
    85018, 
    58516
   ], 
   [
    97352, 
    67350, 
    70810, 
    92712, 
    55300, 
    0, 
    47647, 
    57539, 
    62791, 
    77731
   ], 
   [
    34661, 
    4659, 
    8119, 
    30020, 
    1117, 
    47647, 
    0, 
    29695, 
    100, 
    52939
   ], 
   [
    56603, 
    64745, 
    54405, 
    75166, 
    81761, 
    57539, 
    29695, 
    0, 
    71177, 
    87094
   ], 
   [
    61855, 
    90554, 
    80214, 
    80418, 
    85018, 
    62791, 
    100, 
    71177, 
    0, 
    53143
   ], 
   [
    73619, 
    57702, 
    47362, 
    83064, 
    58516, 
    77731, 
    52939, 
    87094, 
    53143, 
    0
   ]
  ], 
  "probability_matrix": [
   [
    0, 
    0.036357707807102194, 
    0.009272126363572393, 
    0.07586187092417401, 
    0.15327533837846966, 
    0.14593189899865217, 
    0.2559977258746901, 
    0.10129846554963688, 
    0.17011012592833832, 
    0.05189474017536423
   ], 
   [
    0.22918003250282418, 
    0, 
    0.2183831610022161, 
    0.2056150760916393, 
    0.08387877582155691, 
    0.12793186354709352, 
    0.022190855018811944, 
    0.027431727045598184, 
    0.06448159351600058, 
    0.020906915454259142
   ], 
   [
    0.0578004000260156, 
    0.19457684442780235, 
    0, 
    0.166899564372683, 
    0.015078468569716558, 
    0.24895922560217193, 
    0.012323206398220824, 
    0.13833428092458383, 
    0.026277409555605088, 
    0.1397506001232009
   ], 
   [
    0.1032979149676491, 
    0.16475886600715262, 
    0.0997776223263182, 
    0, 
    0.0741347146225227, 
    0.13439426414519465, 
    0.1003756842620248, 
    0.12079066036011606, 
    0.17499612978930157, 
    0.027474143519720263
   ], 
   [
    0.17664632663049895, 
    0.03571891835795892, 
    0.16517265933457306, 
    0.12293594448331478, 
    0, 
    0.05820252374301233, 
    0.15118559049399527, 
    0.16520081689302732, 
    0.011684511685046271, 
    0.11325270837857289
   ], 
   [
    0.16544924941307215, 
    0.03199291219560992, 
    0.15484805352090886, 
    0.05618048469399532, 
    0.15197865095966082, 
    0, 
    0.12893157006551872, 
    0.080910371511887, 
    0.1606274395499107, 
    0.06908126808943642
   ], 
   [
    0.10142623750428671, 
    0.160518996357535, 
    0.1828351967548576, 
    0.11661002047685562, 
    0.2389943693072065, 
    0.03616518954305815, 
    0, 
    0.11034753852578633, 
    0.02488447599578322, 
    0.028217975534630704
   ], 
   [
    0.03169006492566046, 
    0.20590782449125783, 
    0.20568645312988318, 
    0.03266113946923336, 
    0.1283370262935515, 
    0.04802852714247971, 
    0.11469789720714701, 
    0, 
    0.11767824723530501, 
    0.11531282010548198
   ], 
   [
    0.1281568443266773, 
    0.08605974671690718, 
    0.18322069026598917, 
    0.18772152728436262, 
    0.04279304752802912, 
    0.02641867772404922, 
    0.19080412208226286, 
    0.014298430285580217, 
    0, 
    0.14052691378614246
   ], 
   [
    0.04725654229961985, 
    0.1759504594092926, 
    0.08428237549987741, 
    0.04315273887710337, 
    0.1379131852971002, 
    0.039040064343941416, 
    0.10516676248938159, 
    0.1790815418793694, 
    0.1881563299043141, 
    0
   ]
  ]
 }, 
 "vehicle_capacities": [
  15, 
  15, 
  15, 
  5, 
  20, 
  30, 
  30, 
  30, 
  30, 
  30
 ]
}