{
 "vehicle_cost_per_km": [
  5, 
  5, 
  5, 
  5, 
  5
 ], 
 "runs": [
  {
   "avg_task_cost_vs_number_of_task": [
    459.5, 
    548, 
    600.3333333333334, 
    615.25, 
    627.3, 
    636.4166666666666, 
    545.5, 
    500.8750000000001, 
    445.22222222222234, 
    400.7000000000001, 
    364.2727272727273, 
    407.6666666666667, 
    326.88461538461536, 
    329.75, 
    326.1333333333333, 
    313.53125000000006, 
    306.20588235294116, 
    263.3333333333333, 
    277.1842105263158, 
    242.00000000000006, 
    245.66666666666666, 
    267.81818181818176, 
    279.04347826086956, 
    265.0833333333333, 
    252.64000000000007, 
    251.59615384615384, 
    246.2962962962963, 
    251.92857142857142, 
    230.32758620689654, 
    239.58333333333337
   ], 
   "number_of_vehicles": 5
  }
 ], 
 "vehicle_starting_positions": [
  "Amsterdam", 
  "Rotterdam", 
  "Den Haag", 
  "Utrecht", 
  "Eindhoven", 
  "Almere", 
  "Groningen", 
  "Nijmegen", 
  "Breda", 
  "Apeldoorn"
 ], 
 "task_distribution": {
  "distance_matrix": [
   [
    0, 
    90.6, 
    65.2, 
    45.6, 
    137.5, 
    31.9, 
    185.9, 
    132, 
    119.1, 
    90.2
   ], 
   [
    90.6, 
    0, 
    25.4, 
    62.3, 
    110.8, 
    105.6, 
    259.6, 
    112, 
    48.6, 
    129.3
   ], 
   [
    65.2, 
    25.4, 
    0, 
    87.7, 
    136.2, 
    97.1, 
    251.1, 
    137.4, 
    74, 
    154.7
   ], 
   [
    45.6, 
    62.3, 
    87.7, 
    0, 
    91.9, 
    43.3, 
    197.3, 
    86.4, 
    73.5, 
    67
   ], 
   [
    137.5, 
    110.8, 
    136.2, 
    91.9, 
    0, 
    135.2, 
    268.3, 
    70.2, 
    62.2, 
    127.3
   ], 
   [
    31.9, 
    105.6, 
    97.1, 
    43.3, 
    135.2, 
    0, 
    154, 
    129.7, 
    116.8, 
    80.1
   ], 
   [
    185.9, 
    259.6, 
    251.1, 
    197.3, 
    268.3, 
    154, 
    0, 
    198.1, 
    270.8, 
    141
   ], 
   [
    132, 
    112, 
    137.4, 
    86.4, 
    70.2, 
    129.7, 
    198.1, 
    0, 
    96.2, 
    57.1
   ], 
   [
    119.1, 
    48.6, 
    74, 
    73.5, 
    62.2, 
    116.8, 
    270.8, 
    96.2, 
    0, 
    140.5
   ], 
   [
    90.2, 
    129.3, 
    154.7, 
    67, 
    127.3, 
    80.1, 
    141, 
    57.1, 
    140.5, 
    0
   ]
  ], 
  "weight_matrix": [
   [
    0, 
    3, 
    3, 
    3, 
    3, 
    3, 
    3, 
    3, 
    3, 
    3
   ], 
   [
    3, 
    0, 
    3, 
    3, 
    3, 
    3, 
    3, 
    3, 
    3, 
    3
   ], 
   [
    3, 
    3, 
    0, 
    3, 
    3, 
    3, 
    3, 
    3, 
    3, 
    3
   ], 
   [
    3, 
    3, 
    3, 
    0, 
    3, 
    3, 
    3, 
    3, 
    3, 
    3
   ], 
   [
    3, 
    3, 
    3, 
    3, 
    0, 
    3, 
    3, 
    3, 
    3, 
    3
   ], 
   [
    3, 
    3, 
    3, 
    3, 
    3, 
    0, 
    3, 
    3, 
    3, 
    3
   ], 
   [
    3, 
    3, 
    3, 
    3, 
    3, 
    3, 
    0, 
    3, 
    3, 
    3
   ], 
   [
    3, 
    3, 
    3, 
    3, 
    3, 
    3, 
    3, 
    0, 
    3, 
    3
   ], 
   [
    3, 
    3, 
    3, 
    3, 
    3, 
    3, 
    3, 
    3, 
    0, 
    3
   ], 
   [
    3, 
    3, 
    3, 
    3, 
    3, 
    3, 
    3, 
    3, 
    3, 
    0
   ]
  ], 
  "city_names": [
   "Amsterdam", 
   "Rotterdam", 
   "Den Haag", 
   "Utrecht", 
   "Eindhoven", 
   "Almere", 
   "Groningen", 
   "Nijmegen", 
   "Breda", 
   "Apeldoorn"
  ], 
  "reward_matrix": [
   [
    0, 
    73456, 
    83796, 
    91775, 
    54364, 
    97352, 
    34661, 
    56603, 
    61855, 
    73619
   ], 
   [
    73456, 
    0, 
    99999, 
    84977, 
    65233, 
    67350, 
    4659, 
    64745, 
    90554, 
    57702
   ], 
   [
    83796, 
    99999, 
    0, 
    74637, 
    54893, 
    70810, 
    8119, 
    54405, 
    80214, 
    47362
   ], 
   [
    91775, 
    84977, 
    74637, 
    0, 
    72927, 
    92712, 
    30020, 
    75166, 
    80418, 
    83064
   ], 
   [
    54364, 
    65233, 
    54893, 
    72927, 
    0, 
    55300, 
    1117, 
    81761, 
    85018, 
    58516
   ], 
   [
    97352, 
    67350, 
    70810, 
    92712, 
    55300, 
    0, 
    47647, 
    57539, 
    62791, 
    77731
   ], 
   [
    34661, 
    4659, 
    8119, 
    30020, 
    1117, 
    47647, 
    0, 
    29695, 
    100, 
    52939
   ], 
   [
    56603, 
    64745, 
    54405, 
    75166, 
    81761, 
    57539, 
    29695, 
    0, 
    71177, 
    87094
   ], 
   [
    61855, 
    90554, 
    80214, 
    80418, 
    85018, 
    62791, 
    100, 
    71177, 
    0, 
    53143
   ], 
   [
    73619, 
    57702, 
    47362, 
    83064, 
    58516, 
    77731, 
    52939, 
    87094, 
    53143, 
    0
   ]
  ], 
  "probability_matrix": [
   [
    0, 
    0.17571056449478256, 
    0.18735107297366277, 
    0.11146257127846557, 
    0.007210037451196288, 
    0.14089081376583343, 
    0.024750403687580302, 
    0.035268912461152435, 
    0.21411253312207315, 
    0.1032430907652536
   ], 
   [
    0.08723481577674322, 
    0, 
    0.2175630407564595, 
    0.19971389645899557, 
    0.0022625683861543593, 
    0.09878779728603669, 
    0.10607189823098101, 
    0.06193619442479116, 
    0.026976707947672138, 
    0.19945308073216633
   ], 
   [
    0.0016976892631332375, 
    0.21260068099164425, 
    0, 
    0.1653618181120409, 
    0.16902359367737113, 
    0.0341116037963018, 
    0.04114696243943779, 
    0.13261841903292695, 
    0.058824862692248965, 
    0.18461436999489492
   ], 
   [
    0.029765016701553876, 
    0.09876047216341907, 
    0.23107745605508104, 
    0, 
    0.23893262337511853, 
    0.14932424774264935, 
    0.019358643971892676, 
    0.018144394854841324, 
    0.0053097833667026815, 
    0.20932736176874142
   ], 
   [
    0.08272771751016103, 
    0.1311594023057589, 
    0.07070676089908859, 
    0.19486364017082536, 
    0, 
    0.16696582323108006, 
    0.1909085908929471, 
    0.10021520733297741, 
    0.0030208123435024625, 
    0.05943204531365909
   ], 
   [
    0.04192634983760745, 
    0.07585076686470395, 
    0.09998140901796497, 
    0.19013995616781254, 
    0.16642155289205018, 
    0, 
    0.12053501194522716, 
    0.06877366229001008, 
    0.054859398219543734, 
    0.1815118927650798
   ], 
   [
    0.18644050843348545, 
    0.09656928816114979, 
    0.10188582928498414, 
    0.04186801342988245, 
    0.03125572043096619, 
    0.04304528395813645, 
    0, 
    0.19651032588474387, 
    0.09326331158087246, 
    0.20916171883577936
   ], 
   [
    0.11591867167264495, 
    0.19567162194078302, 
    0.166991346652529, 
    0.01839569825074188, 
    0.00782165529673492, 
    0.03840892772696263, 
    0.08392148446095433, 
    0, 
    0.161052439101725, 
    0.21181815489692427
   ], 
   [
    0.12446562739559806, 
    0.11575548456801353, 
    0.04161034516865091, 
    0.060514023116549104, 
    0.009528357602152017, 
    0.23238139837480057, 
    0.18452629342637497, 
    0.12020778110925225, 
    0, 
    0.11101068923860863
   ], 
   [
    0.20821066263646143, 
    0.19849302959042855, 
    0.06073811434919543, 
    0.05410997442862831, 
    0.05525978656683547, 
    0.09233270164337194, 
    0.10017751437649451, 
    0.0006156187253034972, 
    0.23006259768328075, 
    0
   ]
  ]
 }, 
 "vehicle_capacities": [
  5, 
  5, 
  5, 
  30, 
  30, 
  30, 
  30, 
  30, 
  30, 
  30
 ]
}