{
 "vehicle_cost_per_km": [
  15, 
  10, 
  10, 
  5, 
  5, 
  5, 
  5, 
  5, 
  5, 
  5
 ], 
 "runs": [
  {
   "avg_task_cost_vs_number_of_task": [
    1448, 
    1858, 
    1926.6666666666667, 
    1911, 
    1673.2, 
    1394.3333333333333, 
    1289.4285714285713, 
    1250.5, 
    1331.111111111111, 
    1647.2, 
    1703.6363636363637, 
    1578.083333333333, 
    1593.8461538461536, 
    1504.2142857142856, 
    1443.7999999999997, 
    1353.5624999999998, 
    1284.7647058823527, 
    1282.6111111111109, 
    1280.5789473684206, 
    1246.4499999999996, 
    1228.2857142857142, 
    1178.9090909090908, 
    1197.173913043478, 
    1169.375, 
    1189.7599999999998, 
    1185.9615384615383, 
    1256.1111111111109, 
    1236.3214285714282, 
    1234.862068965517, 
    1225.8666666666666
   ], 
   "number_of_vehicles": 3
  }
 ], 
 "vehicle_starting_positions": [
  "Amsterdam", 
  "Rotterdam", 
  "Den Haag", 
  "Utrecht", 
  "Eindhoven", 
  "Almere", 
  "Groningen", 
  "Nijmegen", 
  "Breda", 
  "Apeldoorn"
 ], 
 "task_distribution": {
  "distance_matrix": [
   [
    0, 
    90.6, 
    65.2, 
    45.6, 
    137.5, 
    31.9, 
    185.9, 
    132, 
    119.1, 
    90.2
   ], 
   [
    90.6, 
    0, 
    25.4, 
    62.3, 
    110.8, 
    105.6, 
    259.6, 
    112, 
    48.6, 
    129.3
   ], 
   [
    65.2, 
    25.4, 
    0, 
    87.7, 
    136.2, 
    97.1, 
    251.1, 
    137.4, 
    74, 
    154.7
   ], 
   [
    45.6, 
    62.3, 
    87.7, 
    0, 
    91.9, 
    43.3, 
    197.3, 
    86.4, 
    73.5, 
    67
   ], 
   [
    137.5, 
    110.8, 
    136.2, 
    91.9, 
    0, 
    135.2, 
    268.3, 
    70.2, 
    62.2, 
    127.3
   ], 
   [
    31.9, 
    105.6, 
    97.1, 
    43.3, 
    135.2, 
    0, 
    154, 
    129.7, 
    116.8, 
    80.1
   ], 
   [
    185.9, 
    259.6, 
    251.1, 
    197.3, 
    268.3, 
    154, 
    0, 
    198.1, 
    270.8, 
    141
   ], 
   [
    132, 
    112, 
    137.4, 
    86.4, 
    70.2, 
    129.7, 
    198.1, 
    0, 
    96.2, 
    57.1
   ], 
   [
    119.1, 
    48.6, 
    74, 
    73.5, 
    62.2, 
    116.8, 
    270.8, 
    96.2, 
    0, 
    140.5
   ], 
   [
    90.2, 
    129.3, 
    154.7, 
    67, 
    127.3, 
    80.1, 
    141, 
    57.1, 
    140.5, 
    0
   ]
  ], 
  "weight_matrix": [
   [
    0, 
    3, 
    3, 
    3, 
    3, 
    3, 
    3, 
    3, 
    3, 
    3
   ], 
   [
    3, 
    0, 
    3, 
    3, 
    3, 
    3, 
    3, 
    3, 
    3, 
    3
   ], 
   [
    3, 
    3, 
    0, 
    3, 
    3, 
    3, 
    3, 
    3, 
    3, 
    3
   ], 
   [
    3, 
    3, 
    3, 
    0, 
    3, 
    3, 
    3, 
    3, 
    3, 
    3
   ], 
   [
    3, 
    3, 
    3, 
    3, 
    0, 
    3, 
    3, 
    3, 
    3, 
    3
   ], 
   [
    3, 
    3, 
    3, 
    3, 
    3, 
    0, 
    3, 
    3, 
    3, 
    3
   ], 
   [
    3, 
    3, 
    3, 
    3, 
    3, 
    3, 
    0, 
    3, 
    3, 
    3
   ], 
   [
    3, 
    3, 
    3, 
    3, 
    3, 
    3, 
    3, 
    0, 
    3, 
    3
   ], 
   [
    3, 
    3, 
    3, 
    3, 
    3, 
    3, 
    3, 
    3, 
    0, 
    3
   ], 
   [
    3, 
    3, 
    3, 
    3, 
    3, 
    3, 
    3, 
    3, 
    3, 
    0
   ]
  ], 
  "city_names": [
   "Amsterdam", 
   "Rotterdam", 
   "Den Haag", 
   "Utrecht", 
   "Eindhoven", 
   "Almere", 
   "Groningen", 
   "Nijmegen", 
   "Breda", 
   "Apeldoorn"
  ], 
  "reward_matrix": [
   [
    0, 
    73456, 
    83796, 
    91775, 
    54364, 
    97352, 
    34661, 
    56603, 
    61855, 
    73619
   ], 
   [
    73456, 
    0, 
    99999, 
    84977, 
    65233, 
    67350, 
    4659, 
    64745, 
    90554, 
    57702
   ], 
   [
    83796, 
    99999, 
    0, 
    74637, 
    54893, 
    70810, 
    8119, 
    54405, 
    80214, 
    47362
   ], 
   [
    91775, 
    84977, 
    74637, 
    0, 
    72927, 
    92712, 
    30020, 
    75166, 
    80418, 
    83064
   ], 
   [
    54364, 
    65233, 
    54893, 
    72927, 
    0, 
    55300, 
    1117, 
    81761, 
    85018, 
    58516
   ], 
   [
    97352, 
    67350, 
    70810, 
    92712, 
    55300, 
    0, 
    47647, 
    57539, 
    62791, 
    77731
   ], 
   [
    34661, 
    4659, 
    8119, 
    30020, 
    1117, 
    47647, 
    0, 
    29695, 
    100, 
    52939
   ], 
   [
    56603, 
    64745, 
    54405, 
    75166, 
    81761, 
    57539, 
    29695, 
    0, 
    71177, 
    87094
   ], 
   [
    61855, 
    90554, 
    80214, 
    80418, 
    85018, 
    62791, 
    100, 
    71177, 
    0, 
    53143
   ], 
   [
    73619, 
    57702, 
    47362, 
    83064, 
    58516, 
    77731, 
    52939, 
    87094, 
    53143, 
    0
   ]
  ], 
  "probability_matrix": [
   [
    0, 
    0.03764214504915875, 
    0.09402041730509073, 
    0.20681966206681907, 
    0.21228672593005246, 
    0.16698523386976813, 
    0.05277952281108617, 
    0.017840937447637047, 
    0.011945513155272838, 
    0.1996798423651147
   ], 
   [
    0.12162522871523136, 
    0, 
    0.008785233277661742, 
    0.18235093407602956, 
    0.12445524857530836, 
    0.062292154890484494, 
    0.08884675005843366, 
    0.167540106248161, 
    0.1870281683299909, 
    0.05707617582869898
   ], 
   [
    0.04396716503759514, 
    0.16729832766061667, 
    0, 
    0.18023745838952543, 
    0.18590265193664432, 
    0.1429930774721818, 
    0.16606094744510252, 
    0.08547726906493318, 
    0.009278255164337423, 
    0.0187848478290636
   ], 
   [
    0.18964255411208022, 
    0.11119380539460821, 
    0.013055862027976865, 
    0, 
    0.16274014243979532, 
    0.13801118913465027, 
    0.0632277997535118, 
    0.20124170220131857, 
    0.055628789525398396, 
    0.06525815541066031
   ], 
   [
    0.01645953814348793, 
    0.008083194847883071, 
    0.2077791328294882, 
    0.1540262135574333, 
    0, 
    0.1315363015138687, 
    0.135106678371559, 
    0.1721496664460088, 
    0.08802048759412895, 
    0.08683878669614196
   ], 
   [
    0.0035378114575611, 
    0.20142926494117433, 
    0.15641912518343007, 
    0.007176982939594794, 
    0.02763965089652705, 
    0, 
    0.14740724917242204, 
    0.17793757486887848, 
    0.20501707640032873, 
    0.07343526414008347
   ], 
   [
    0.099905062317721, 
    0.08459080834175667, 
    0.2208081662450342, 
    0.26457959458617875, 
    0.0840633758542055, 
    0.11793105544173386, 
    0, 
    0.029311862087164728, 
    0.061692888223699664, 
    0.03711718690250571
   ], 
   [
    0.028553223408775388, 
    0.13173536339402356, 
    0.07220095116004134, 
    0.005937164973497961, 
    0.22134847233340235, 
    0.1270504279461678, 
    0.13944585569961657, 
    0, 
    0.07518306268263489, 
    0.1985454784018403
   ], 
   [
    0.1559953708226673, 
    0.06730879231409906, 
    0.1652804687538621, 
    0.10621681302848432, 
    0.20652016554240143, 
    0.013097833982951715, 
    0.03678119374206122, 
    0.13367995971271202, 
    0, 
    0.11511940210076098
   ], 
   [
    0.05526726122874868, 
    0.18153681955764586, 
    0.1606191630471187, 
    0.20748109828079656, 
    0.04312786825484212, 
    0.007235245198614667, 
    0.007472004790220809, 
    0.12448956383823732, 
    0.2127709758037752, 
    0
   ]
  ]
 }, 
 "vehicle_capacities": [
  5, 
  5, 
  5, 
  5, 
  20, 
  30, 
  30, 
  30, 
  30, 
  30
 ]
}