{
 "vehicle_cost_per_km": [
  5, 
  10, 
  5, 
  5, 
  5, 
  5, 
  5, 
  5, 
  5, 
  5
 ], 
 "runs": [
  {
   "avg_task_cost_vs_number_of_task": [
    228, 
    1014.5, 
    1079, 
    1034.625, 
    1010.1, 
    909.9166666666666, 
    797.5714285714286, 
    783.9375, 
    732.2777777777777, 
    687.55, 
    676.9545454545455, 
    675.9999999999999, 
    657.0384615384614, 
    610.1071428571428, 
    631.5333333333332, 
    603.125, 
    650.5882352941175, 
    653.4444444444445, 
    655.9736842105264, 
    647.5999999999998, 
    639.9047619047618, 
    628.0681818181818, 
    620.586956521739, 
    613.7708333333333, 
    607.46, 
    650.3076923076922, 
    636.1481481481482, 
    643.5357142857143, 
    649.7413793103449, 
    688.0166666666665
   ], 
   "number_of_vehicles": 3
  }
 ], 
 "vehicle_starting_positions": [
  "Amsterdam", 
  "Rotterdam", 
  "Den Haag", 
  "Utrecht", 
  "Eindhoven", 
  "Almere", 
  "Groningen", 
  "Nijmegen", 
  "Breda", 
  "Apeldoorn"
 ], 
 "task_distribution": {
  "distance_matrix": [
   [
    0, 
    90.6, 
    65.2, 
    45.6, 
    137.5, 
    31.9, 
    185.9, 
    132, 
    119.1, 
    90.2
   ], 
   [
    90.6, 
    0, 
    25.4, 
    62.3, 
    110.8, 
    105.6, 
    259.6, 
    112, 
    48.6, 
    129.3
   ], 
   [
    65.2, 
    25.4, 
    0, 
    87.7, 
    136.2, 
    97.1, 
    251.1, 
    137.4, 
    74, 
    154.7
   ], 
   [
    45.6, 
    62.3, 
    87.7, 
    0, 
    91.9, 
    43.3, 
    197.3, 
    86.4, 
    73.5, 
    67
   ], 
   [
    137.5, 
    110.8, 
    136.2, 
    91.9, 
    0, 
    135.2, 
    268.3, 
    70.2, 
    62.2, 
    127.3
   ], 
   [
    31.9, 
    105.6, 
    97.1, 
    43.3, 
    135.2, 
    0, 
    154, 
    129.7, 
    116.8, 
    80.1
   ], 
   [
    185.9, 
    259.6, 
    251.1, 
    197.3, 
    268.3, 
    154, 
    0, 
    198.1, 
    270.8, 
    141
   ], 
   [
    132, 
    112, 
    137.4, 
    86.4, 
    70.2, 
    129.7, 
    198.1, 
    0, 
    96.2, 
    57.1
   ], 
   [
    119.1, 
    48.6, 
    74, 
    73.5, 
    62.2, 
    116.8, 
    270.8, 
    96.2, 
    0, 
    140.5
   ], 
   [
    90.2, 
    129.3, 
    154.7, 
    67, 
    127.3, 
    80.1, 
    141, 
    57.1, 
    140.5, 
    0
   ]
  ], 
  "weight_matrix": [
   [
    0, 
    3, 
    3, 
    3, 
    3, 
    3, 
    3, 
    3, 
    3, 
    3
   ], 
   [
    3, 
    0, 
    3, 
    3, 
    3, 
    3, 
    3, 
    3, 
    3, 
    3
   ], 
   [
    3, 
    3, 
    0, 
    3, 
    3, 
    3, 
    3, 
    3, 
    3, 
    3
   ], 
   [
    3, 
    3, 
    3, 
    0, 
    3, 
    3, 
    3, 
    3, 
    3, 
    3
   ], 
   [
    3, 
    3, 
    3, 
    3, 
    0, 
    3, 
    3, 
    3, 
    3, 
    3
   ], 
   [
    3, 
    3, 
    3, 
    3, 
    3, 
    0, 
    3, 
    3, 
    3, 
    3
   ], 
   [
    3, 
    3, 
    3, 
    3, 
    3, 
    3, 
    0, 
    3, 
    3, 
    3
   ], 
   [
    3, 
    3, 
    3, 
    3, 
    3, 
    3, 
    3, 
    0, 
    3, 
    3
   ], 
   [
    3, 
    3, 
    3, 
    3, 
    3, 
    3, 
    3, 
    3, 
    0, 
    3
   ], 
   [
    3, 
    3, 
    3, 
    3, 
    3, 
    3, 
    3, 
    3, 
    3, 
    0
   ]
  ], 
  "city_names": [
   "Amsterdam", 
   "Rotterdam", 
   "Den Haag", 
   "Utrecht", 
   "Eindhoven", 
   "Almere", 
   "Groningen", 
   "Nijmegen", 
   "Breda", 
   "Apeldoorn"
  ], 
  "reward_matrix": [
   [
    0, 
    73456, 
    83796, 
    91775, 
    54364, 
    97352, 
    34661, 
    56603, 
    61855, 
    73619
   ], 
   [
    73456, 
    0, 
    99999, 
    84977, 
    65233, 
    67350, 
    4659, 
    64745, 
    90554, 
    57702
   ], 
   [
    83796, 
    99999, 
    0, 
    74637, 
    54893, 
    70810, 
    8119, 
    54405, 
    80214, 
    47362
   ], 
   [
    91775, 
    84977, 
    74637, 
    0, 
    72927, 
    92712, 
    30020, 
    75166, 
    80418, 
    83064
   ], 
   [
    54364, 
    65233, 
    54893, 
    72927, 
    0, 
    55300, 
    1117, 
    81761, 
    85018, 
    58516
   ], 
   [
    97352, 
    67350, 
    70810, 
    92712, 
    55300, 
    0, 
    47647, 
    57539, 
    62791, 
    77731
   ], 
   [
    34661, 
    4659, 
    8119, 
    30020, 
    1117, 
    47647, 
    0, 
    29695, 
    100, 
    52939
   ], 
   [
    56603, 
    64745, 
    54405, 
    75166, 
    81761, 
    57539, 
    29695, 
    0, 
    71177, 
    87094
   ], 
   [
    61855, 
    90554, 
    80214, 
    80418, 
    85018, 
    62791, 
    100, 
    71177, 
    0, 
    53143
   ], 
   [
    73619, 
    57702, 
    47362, 
    83064, 
    58516, 
    77731, 
    52939, 
    87094, 
    53143, 
    0
   ]
  ], 
  "probability_matrix": [
   [
    0, 
    0.1555935823294086, 
    0.001227299669979187, 
    0.1652641365235602, 
    0.03497587711289705, 
    0.09025769515142465, 
    0.16158189173663542, 
    0.08406374054390169, 
    0.16278499243733302, 
    0.14425078449486003
   ], 
   [
    0.10714839055519133, 
    0, 
    0.09170830181692441, 
    0.05081679705195747, 
    0.040455540952349836, 
    0.08559899573078335, 
    0.16786877068182127, 
    0.14187639760857323, 
    0.14797004306359904, 
    0.16655676253880008
   ], 
   [
    0.15614759684724103, 
    0.042977813313506724, 
    0, 
    0.26431049540767665, 
    0.05307277196144975, 
    0.004479040191782828, 
    0.03642203096548181, 
    0.19945350601068534, 
    0.24292807073199515, 
    0.00020867457018088146
   ], 
   [
    0.176814672625586, 
    0.011076590589572874, 
    0.10742091846151892, 
    0, 
    0.09801822870374413, 
    0.018668953571155267, 
    0.20389680253566628, 
    0.17339039090021865, 
    0.19780241682193223, 
    0.012911025790605582
   ], 
   [
    0.17480406188379055, 
    0.12205437849415457, 
    0.16830423897493055, 
    0.06242989510964336, 
    0, 
    0.13816406243527846, 
    0.10002719590408822, 
    0.05802677910788184, 
    0.0856334548653544, 
    0.09055593322487807
   ], 
   [
    0.1191607007367134, 
    0.046385557430716304, 
    0.1462214771563471, 
    0.01750528668846892, 
    0.15258885816150167, 
    0, 
    0.13548092995502178, 
    0.12321822058952453, 
    0.11531167205909969, 
    0.14412729722260656
   ], 
   [
    0.05759569473862841, 
    0.003644006615877502, 
    0.0041362171405749425, 
    0.2151460545475788, 
    0.15981257152565362, 
    0.024810263234868835, 
    0, 
    0.09197429885759903, 
    0.23808072886947265, 
    0.20480016446974622
   ], 
   [
    0.249682936052957, 
    0.06790050634562225, 
    0.05409333534013814, 
    0.027292256536234055, 
    0.10583887303576835, 
    0.18529329539058684, 
    0.17574570347258284, 
    0, 
    0.018206276472803297, 
    0.11594681735330721
   ], 
   [
    0.010974679026076056, 
    0.16703598658199673, 
    0.021596152476226416, 
    0.14871758799347498, 
    0.058750152826533286, 
    0.18737250082897144, 
    0.1535962025163104, 
    0.1467489330534142, 
    0, 
    0.10520780469699643
   ], 
   [
    0.14487030449871824, 
    0.01274902212433678, 
    0.19312816286126183, 
    0.15134893276410308, 
    0.21021505109950542, 
    0.07589313193896015, 
    0.09495682313037952, 
    0.0823477620570787, 
    0.03449080952565635, 
    0
   ]
  ]
 }, 
 "vehicle_capacities": [
  5, 
  5, 
  5, 
  5, 
  20, 
  30, 
  30, 
  30, 
  30, 
  30
 ]
}