{
 "vehicle_cost_per_km": [
  5, 
  5, 
  5, 
  5, 
  5
 ], 
 "runs": [
  {
   "avg_task_cost_vs_number_of_task": [
    2283.5, 
    1352.75, 
    1050, 
    819.25, 
    704, 
    672.6666666666666, 
    725.2857142857143, 
    706, 
    701.6111111111111, 
    693.05, 
    680.1363636363636, 
    662.25, 
    639.7692307692307, 
    612.8214285714286, 
    621.3333333333334, 
    600.15625, 
    693.0588235294117, 
    686.2777777777777, 
    692.157894736842, 
    688.7, 
    688.1190476190476, 
    689.6818181818181, 
    711.7173913043478, 
    696.7083333333334, 
    714.46, 
    706.1346153846152, 
    692.8703703703702, 
    670.6071428571428, 
    677.7241379310345, 
    658.8666666666666
   ], 
   "number_of_vehicles": 3
  }
 ], 
 "vehicle_starting_positions": [
  "Amsterdam", 
  "Rotterdam", 
  "Den Haag", 
  "Utrecht", 
  "Eindhoven", 
  "Almere", 
  "Groningen", 
  "Nijmegen", 
  "Breda", 
  "Apeldoorn"
 ], 
 "task_distribution": {
  "distance_matrix": [
   [
    0, 
    90.6, 
    65.2, 
    45.6, 
    137.5, 
    31.9, 
    185.9, 
    132, 
    119.1, 
    90.2
   ], 
   [
    90.6, 
    0, 
    25.4, 
    62.3, 
    110.8, 
    105.6, 
    259.6, 
    112, 
    48.6, 
    129.3
   ], 
   [
    65.2, 
    25.4, 
    0, 
    87.7, 
    136.2, 
    97.1, 
    251.1, 
    137.4, 
    74, 
    154.7
   ], 
   [
    45.6, 
    62.3, 
    87.7, 
    0, 
    91.9, 
    43.3, 
    197.3, 
    86.4, 
    73.5, 
    67
   ], 
   [
    137.5, 
    110.8, 
    136.2, 
    91.9, 
    0, 
    135.2, 
    268.3, 
    70.2, 
    62.2, 
    127.3
   ], 
   [
    31.9, 
    105.6, 
    97.1, 
    43.3, 
    135.2, 
    0, 
    154, 
    129.7, 
    116.8, 
    80.1
   ], 
   [
    185.9, 
    259.6, 
    251.1, 
    197.3, 
    268.3, 
    154, 
    0, 
    198.1, 
    270.8, 
    141
   ], 
   [
    132, 
    112, 
    137.4, 
    86.4, 
    70.2, 
    129.7, 
    198.1, 
    0, 
    96.2, 
    57.1
   ], 
   [
    119.1, 
    48.6, 
    74, 
    73.5, 
    62.2, 
    116.8, 
    270.8, 
    96.2, 
    0, 
    140.5
   ], 
   [
    90.2, 
    129.3, 
    154.7, 
    67, 
    127.3, 
    80.1, 
    141, 
    57.1, 
    140.5, 
    0
   ]
  ], 
  "weight_matrix": [
   [
    0, 
    3, 
    3, 
    3, 
    3, 
    3, 
    3, 
    3, 
    3, 
    3
   ], 
   [
    3, 
    0, 
    3, 
    3, 
    3, 
    3, 
    3, 
    3, 
    3, 
    3
   ], 
   [
    3, 
    3, 
    0, 
    3, 
    3, 
    3, 
    3, 
    3, 
    3, 
    3
   ], 
   [
    3, 
    3, 
    3, 
    0, 
    3, 
    3, 
    3, 
    3, 
    3, 
    3
   ], 
   [
    3, 
    3, 
    3, 
    3, 
    0, 
    3, 
    3, 
    3, 
    3, 
    3
   ], 
   [
    3, 
    3, 
    3, 
    3, 
    3, 
    0, 
    3, 
    3, 
    3, 
    3
   ], 
   [
    3, 
    3, 
    3, 
    3, 
    3, 
    3, 
    0, 
    3, 
    3, 
    3
   ], 
   [
    3, 
    3, 
    3, 
    3, 
    3, 
    3, 
    3, 
    0, 
    3, 
    3
   ], 
   [
    3, 
    3, 
    3, 
    3, 
    3, 
    3, 
    3, 
    3, 
    0, 
    3
   ], 
   [
    3, 
    3, 
    3, 
    3, 
    3, 
    3, 
    3, 
    3, 
    3, 
    0
   ]
  ], 
  "city_names": [
   "Amsterdam", 
   "Rotterdam", 
   "Den Haag", 
   "Utrecht", 
   "Eindhoven", 
   "Almere", 
   "Groningen", 
   "Nijmegen", 
   "Breda", 
   "Apeldoorn"
  ], 
  "reward_matrix": [
   [
    0, 
    73456, 
    83796, 
    91775, 
    54364, 
    97352, 
    34661, 
    56603, 
    61855, 
    73619
   ], 
   [
    73456, 
    0, 
    99999, 
    84977, 
    65233, 
    67350, 
    4659, 
    64745, 
    90554, 
    57702
   ], 
   [
    83796, 
    99999, 
    0, 
    74637, 
    54893, 
    70810, 
    8119, 
    54405, 
    80214, 
    47362
   ], 
   [
    91775, 
    84977, 
    74637, 
    0, 
    72927, 
    92712, 
    30020, 
    75166, 
    80418, 
    83064
   ], 
   [
    54364, 
    65233, 
    54893, 
    72927, 
    0, 
    55300, 
    1117, 
    81761, 
    85018, 
    58516
   ], 
   [
    97352, 
    67350, 
    70810, 
    92712, 
    55300, 
    0, 
    47647, 
    57539, 
    62791, 
    77731
   ], 
   [
    34661, 
    4659, 
    8119, 
    30020, 
    1117, 
    47647, 
    0, 
    29695, 
    100, 
    52939
   ], 
   [
    56603, 
    64745, 
    54405, 
    75166, 
    81761, 
    57539, 
    29695, 
    0, 
    71177, 
    87094
   ], 
   [
    61855, 
    90554, 
    80214, 
    80418, 
    85018, 
    62791, 
    100, 
    71177, 
    0, 
    53143
   ], 
   [
    73619, 
    57702, 
    47362, 
    83064, 
    58516, 
    77731, 
    52939, 
    87094, 
    53143, 
    0
   ]
  ], 
  "probability_matrix": [
   [
    0, 
    0.02548006889776955, 
    0.04210456469755981, 
    0.18101933331416672, 
    0.20595877557898118, 
    0.17030819907617445, 
    0.05382980888053402, 
    0.07987942801607084, 
    0.17654514614387323, 
    0.06487467539487023
   ], 
   [
    0.057366528408034294, 
    0, 
    0.12746863998667896, 
    0.07213347120185813, 
    0.0355467950385317, 
    0.1333449311267965, 
    0.06164550831323403, 
    0.12813732435252617, 
    0.1680511126618034, 
    0.21630568891053692
   ], 
   [
    0.040380302750782186, 
    0.16575865827564842, 
    0, 
    0.13660030180194777, 
    0.15958764044836607, 
    0.04800201310102029, 
    0.11876600329802961, 
    0.058560440292284084, 
    0.13121699299290407, 
    0.14112764703901756
   ], 
   [
    0.15442833764330643, 
    0.1558540851271025, 
    0.1193045249207481, 
    0, 
    0.1341836900330985, 
    0.1341869564787483, 
    0.09711026059477217, 
    0.03263727482644301, 
    0.12292975709835188, 
    0.049365113277429186
   ], 
   [
    0.12044203523972705, 
    0.09522505191206516, 
    0.12167201293240136, 
    0.01705339763869816, 
    0, 
    0.13539101322123132, 
    0.14864063605628205, 
    0.21178412543074968, 
    0.1274798833127215, 
    0.022311844256123765
   ], 
   [
    0.15979085538098617, 
    0.01750591643472766, 
    0.21204202005336695, 
    0.21522293793341166, 
    0.15133222702283924, 
    0, 
    0.11468162975467389, 
    0.0394192108772621, 
    0.05001366668929789, 
    0.03999153585343441
   ], 
   [
    0.092121528403848, 
    0.03806763020715377, 
    0.07972063303639627, 
    0.057465682601031576, 
    0.1877478849412331, 
    0.14243243779621548, 
    0, 
    0.12294654552388302, 
    0.15494899396529274, 
    0.12454866352494594
   ], 
   [
    0.17167265236494011, 
    0.21653211895652943, 
    0.14387455793401302, 
    0.0788019570413272, 
    0.06666160216298238, 
    0.10035837662093024, 
    0.1496719284422262, 
    0, 
    0.026405927413556393, 
    0.04602087906349478
   ], 
   [
    0.17394717082085157, 
    0.1743615283269683, 
    0.1130890568370013, 
    0.1716310693791403, 
    0.1155649313943916, 
    0.002388774029193296, 
    0.12509813953143406, 
    0.0770208143000878, 
    0, 
    0.04689851538093185
   ], 
   [
    0.1940194003808722, 
    0.11565437406453237, 
    0.14042235376723228, 
    0.07993197433878864, 
    0.0703002219884346, 
    0.14150794650621684, 
    0.041271674242965795, 
    0.12838704566770037, 
    0.08850500904325692, 
    0
   ]
  ]
 }, 
 "vehicle_capacities": [
  5, 
  5, 
  5, 
  5, 
  20, 
  30, 
  30, 
  30, 
  30, 
  30
 ]
}