{
 "vehicle_cost_per_km": [
  5, 
  5, 
  5, 
  5, 
  5
 ], 
 "runs": [
  {
   "avg_task_cost_vs_number_of_task": [
    958.0000000000001, 
    746, 
    552.0000000000001, 
    477.5, 
    382, 
    356.3333333333333, 
    331.2857142857143, 
    406.0625, 
    414.33333333333337, 
    372.90000000000003, 
    349.5, 
    351.3333333333333, 
    336.1923076923077, 
    285.17857142857144, 
    311.76666666666665, 
    317.53125000000006, 
    257.0882352941176, 
    242.08333333333334, 
    230.02631578947367, 
    238.775, 
    253.97619047619048, 
    222.47727272727272, 
    226.93478260869566, 
    212.58333333333334, 
    237.30000000000004, 
    208.0384615384615, 
    181.27777777777777, 
    221.89285714285717, 
    185.41379310344828, 
    210.83333333333334
   ], 
   "number_of_vehicles": 2
  }, 
  {
   "avg_task_cost_vs_number_of_task": [
    958.0000000000001, 
    746, 
    552.0000000000001, 
    477.5, 
    420.7, 
    356.3333333333333, 
    331.2857142857143, 
    406.0625, 
    438.3888888888889, 
    372.90000000000003, 
    373.3636363636364, 
    364.2083333333333, 
    312.38461538461536, 
    311.25, 
    291.3666666666667, 
    317.53125000000006, 
    257.0882352941176, 
    269.4166666666667, 
    260.94736842105266, 
    218.525, 
    265.04761904761904, 
    219.6818181818182, 
    236.67391304347825, 
    192.875, 
    203.32, 
    228.17307692307693, 
    182.25925925925927, 
    200.28571428571428, 
    204.60344827586206, 
    198.73333333333332
   ], 
   "number_of_vehicles": 3
  }, 
  {
   "avg_task_cost_vs_number_of_task": [
    958.0000000000001, 
    746, 
    552.0000000000001, 
    477.5, 
    382, 
    356.3333333333333, 
    331.2857142857143, 
    406.0625, 
    414.3333333333333, 
    372.9, 
    383.8636363636364, 
    369.375, 
    336.1923076923077, 
    321.39285714285717, 
    291.3666666666667, 
    307.40625, 
    256.3235294117647, 
    267.8611111111111, 
    230.02631578947367, 
    218.525, 
    253.0238095238095, 
    237.20454545454547, 
    219.93478260869566, 
    239.1875, 
    207.42, 
    182.94230769230768, 
    206.6851851851852, 
    218.01785714285714, 
    208.93103448275863, 
    210.33333333333334
   ], 
   "number_of_vehicles": 4
  }, 
  {
   "avg_task_cost_vs_number_of_task": [
    889.5, 
    711.75, 
    474.5, 
    460.375, 
    382, 
    356.3333333333333, 
    331.2857142857143, 
    402.24999999999994, 
    431.6666666666667, 
    372.90000000000003, 
    375.5, 
    355.4583333333333, 
    328.11538461538464, 
    305.60714285714283, 
    305, 
    267.40625, 
    266.88235294117646, 
    248.16666666666666, 
    242.07894736842104, 
    255.9, 
    218.26190476190476, 
    215.20454545454547, 
    223.7391304347826, 
    219.83333333333334, 
    206.3, 
    193.53846153846155, 
    217.2962962962963, 
    208.875, 
    209.60344827586206, 
    218.61666666666667
   ], 
   "number_of_vehicles": 5
  }
 ], 
 "vehicle_starting_positions": [
  "Eindhoven", 
  "Utrecht", 
  "Almere", 
  "Groningen", 
  "Breda", 
  "Nijmegen", 
  "Den Haag", 
  "Rotterdam", 
  "Amsterdam", 
  "Apeldoorn"
 ], 
 "task_distribution": {
  "distance_matrix": [
   [
    0, 
    90.6, 
    65.2, 
    45.6, 
    137.5, 
    31.9, 
    185.9, 
    132, 
    119.1, 
    90.2
   ], 
   [
    90.6, 
    0, 
    25.4, 
    62.3, 
    110.8, 
    105.6, 
    259.6, 
    112, 
    48.6, 
    129.3
   ], 
   [
    65.2, 
    25.4, 
    0, 
    87.7, 
    136.2, 
    97.1, 
    251.1, 
    137.4, 
    74, 
    154.7
   ], 
   [
    45.6, 
    62.3, 
    87.7, 
    0, 
    91.9, 
    43.3, 
    197.3, 
    86.4, 
    73.5, 
    67
   ], 
   [
    137.5, 
    110.8, 
    136.2, 
    91.9, 
    0, 
    135.2, 
    268.3, 
    70.2, 
    62.2, 
    127.3
   ], 
   [
    31.9, 
    105.6, 
    97.1, 
    43.3, 
    135.2, 
    0, 
    154, 
    129.7, 
    116.8, 
    80.1
   ], 
   [
    185.9, 
    259.6, 
    251.1, 
    197.3, 
    268.3, 
    154, 
    0, 
    198.1, 
    270.8, 
    141
   ], 
   [
    132, 
    112, 
    137.4, 
    86.4, 
    70.2, 
    129.7, 
    198.1, 
    0, 
    96.2, 
    57.1
   ], 
   [
    119.1, 
    48.6, 
    74, 
    73.5, 
    62.2, 
    116.8, 
    270.8, 
    96.2, 
    0, 
    140.5
   ], 
   [
    90.2, 
    129.3, 
    154.7, 
    67, 
    127.3, 
    80.1, 
    141, 
    57.1, 
    140.5, 
    0
   ]
  ], 
  "weight_matrix": [
   [
    0, 
    3, 
    3, 
    3, 
    3, 
    3, 
    3, 
    3, 
    3, 
    3
   ], 
   [
    3, 
    0, 
    3, 
    3, 
    3, 
    3, 
    3, 
    3, 
    3, 
    3
   ], 
   [
    3, 
    3, 
    0, 
    3, 
    3, 
    3, 
    3, 
    3, 
    3, 
    3
   ], 
   [
    3, 
    3, 
    3, 
    0, 
    3, 
    3, 
    3, 
    3, 
    3, 
    3
   ], 
   [
    3, 
    3, 
    3, 
    3, 
    0, 
    3, 
    3, 
    3, 
    3, 
    3
   ], 
   [
    3, 
    3, 
    3, 
    3, 
    3, 
    0, 
    3, 
    3, 
    3, 
    3
   ], 
   [
    3, 
    3, 
    3, 
    3, 
    3, 
    3, 
    0, 
    3, 
    3, 
    3
   ], 
   [
    3, 
    3, 
    3, 
    3, 
    3, 
    3, 
    3, 
    0, 
    3, 
    3
   ], 
   [
    3, 
    3, 
    3, 
    3, 
    3, 
    3, 
    3, 
    3, 
    0, 
    3
   ], 
   [
    3, 
    3, 
    3, 
    3, 
    3, 
    3, 
    3, 
    3, 
    3, 
    0
   ]
  ], 
  "city_names": [
   "Amsterdam", 
   "Rotterdam", 
   "Den Haag", 
   "Utrecht", 
   "Eindhoven", 
   "Almere", 
   "Groningen", 
   "Nijmegen", 
   "Breda", 
   "Apeldoorn"
  ], 
  "reward_matrix": [
   [
    0, 
    73456, 
    83796, 
    91775, 
    54364, 
    97352, 
    34661, 
    56603, 
    61855, 
    73619
   ], 
   [
    73456, 
    0, 
    99999, 
    84977, 
    65233, 
    67350, 
    4659, 
    64745, 
    90554, 
    57702
   ], 
   [
    83796, 
    99999, 
    0, 
    74637, 
    54893, 
    70810, 
    8119, 
    54405, 
    80214, 
    47362
   ], 
   [
    91775, 
    84977, 
    74637, 
    0, 
    72927, 
    92712, 
    30020, 
    75166, 
    80418, 
    83064
   ], 
   [
    54364, 
    65233, 
    54893, 
    72927, 
    0, 
    55300, 
    1117, 
    81761, 
    85018, 
    58516
   ], 
   [
    97352, 
    67350, 
    70810, 
    92712, 
    55300, 
    0, 
    47647, 
    57539, 
    62791, 
    77731
   ], 
   [
    34661, 
    4659, 
    8119, 
    30020, 
    1117, 
    47647, 
    0, 
    29695, 
    100, 
    52939
   ], 
   [
    56603, 
    64745, 
    54405, 
    75166, 
    81761, 
    57539, 
    29695, 
    0, 
    71177, 
    87094
   ], 
   [
    61855, 
    90554, 
    80214, 
    80418, 
    85018, 
    62791, 
    100, 
    71177, 
    0, 
    53143
   ], 
   [
    73619, 
    57702, 
    47362, 
    83064, 
    58516, 
    77731, 
    52939, 
    87094, 
    53143, 
    0
   ]
  ],