{
 "vehicle_cost_per_km": [
  5, 
  5, 
  5, 
  5, 
  5
 ], 
 "runs": [
  {
   "avg_task_cost_vs_number_of_task": [
    433, 
    734, 
    489.3333333333333, 
    462.75, 
    377.7, 
    335.91666666666663, 
    344.5, 
    301.4375, 
    285.66666666666663, 
    257.09999999999997, 
    233.7272727272727, 
    214.24999999999997, 
    202.80769230769232, 
    219.85714285714286, 
    284.1333333333333, 
    268.625, 
    244.08823529411765, 
    266.4166666666667, 
    245.07894736842104, 
    210.15, 
    221.02380952380952, 
    246.56818181818178, 
    209.54347826086956, 
    242.6875, 
    216.94, 
    222.69230769230768, 
    233.37037037037038, 
    226.96428571428572, 
    202.6379310344828, 
    200.75
   ], 
   "number_of_vehicles": 2
  }, 
  {
   "avg_task_cost_vs_number_of_task": [
    216.5, 
    654.25, 
    436.1666666666667, 
    408.625, 
    364.59999999999997, 
    308.3333333333333, 
    313.57142857142856, 
    274.375, 
    261.6111111111111, 
    235.45, 
    233.7272727272727, 
    214.24999999999997, 
    202.80769230769232, 
    199.49999999999997, 
    254.89999999999998, 
    231.9375, 
    218.2941176470588, 
    224.44444444444443, 
    244.02631578947367, 
    220.84999999999997, 
    243.1904761904762, 
    226.0454545454546, 
    202.30434782608697, 
    205.875, 
    209.76, 
    200.05769230769232, 
    200.14814814814815, 
    220.21428571428578, 
    252.39655172413794, 
    200.76666666666668
   ], 
   "number_of_vehicles": 3
  }, 
  {
   "avg_task_cost_vs_number_of_task": [
    216.5, 
    654.25, 
    436.1666666666667, 
    408.625, 
    364.59999999999997, 
    308.3333333333333, 
    313.57142857142856, 
    274.375, 
    261.6111111111111, 
    235.45, 
    214.04545454545453, 
    196.20833333333334, 
    197.76923076923075, 
    188.32142857142858, 
    218.39999999999998, 
    204.74999999999997, 
    234.5, 
    203.83333333333334, 
    253.26315789473685, 
    239.475, 
    200.14285714285714, 
    210.72727272727272, 
    223.54347826086953, 
    251.97916666666666, 
    210.62, 
    230.15384615384608, 
    252.42592592592587, 
    204.10714285714286, 
    199.77586206896552, 
    191.16666666666666
   ], 
   "number_of_vehicles": 4
  }, 
  {
   "avg_task_cost_vs_number_of_task": [
    216.5, 
    438.25, 
    436.1666666666667, 
    408.625, 
    364.59999999999997, 
    308.3333333333333, 
    313.57142857142856, 
    274.375, 
    261.6111111111111, 
    235.45, 
    214.04545454545453, 
    196.20833333333334, 
    197.76923076923075, 
    183.6428571428571, 
    222.76666666666668, 
    232.15625, 
    229.3529411764706, 
    192.52777777777774, 
    247.26315789473685, 
    227.175, 
    192.83333333333334, 
    238.3409090909091, 
    245.7391304347826, 
    216.72916666666666, 
    217.06, 
    201.69230769230768, 
    218.07407407407408, 
    210.30357142857142, 
    218.81034482758622, 
    202.93333333333337
   ], 
   "number_of_vehicles": 5
  }
 ], 
 "vehicle_starting_positions": [
  "Utrecht", 
  "Den Haag", 
  "Almere", 
  "Groningen", 
  "Nijmegen", 
  "Eindhoven", 
  "Rotterdam", 
  "Apeldoorn", 
  "Breda", 
  "Amsterdam"
 ], 
 "task_distribution": {
  "distance_matrix": [
   [
    0, 
    90.6, 
    65.2, 
    45.6, 
    137.5, 
    31.9, 
    185.9, 
    132, 
    119.1, 
    90.2
   ], 
   [
    90.6, 
    0, 
    25.4, 
    62.3, 
    110.8, 
    105.6, 
    259.6, 
    112, 
    48.6, 
    129.3
   ], 
   [
    65.2, 
    25.4, 
    0, 
    87.7, 
    136.2, 
    97.1, 
    251.1, 
    137.4, 
    74, 
    154.7
   ], 
   [
    45.6, 
    62.3, 
    87.7, 
    0, 
    91.9, 
    43.3, 
    197.3, 
    86.4, 
    73.5, 
    67
   ], 
   [
    137.5, 
    110.8, 
    136.2, 
    91.9, 
    0, 
    135.2, 
    268.3, 
    70.2, 
    62.2, 
    127.3
   ], 
   [
    31.9, 
    105.6, 
    97.1, 
    43.3, 
    135.2, 
    0, 
    154, 
    129.7, 
    116.8, 
    80.1
   ], 
   [
    185.9, 
    259.6, 
    251.1, 
    197.3, 
    268.3, 
    154, 
    0, 
    198.1, 
    270.8, 
    141
   ], 
   [
    132, 
    112, 
    137.4, 
    86.4, 
    70.2, 
    129.7, 
    198.1, 
    0, 
    96.2, 
    57.1
   ], 
   [
    119.1, 
    48.6, 
    74, 
    73.5, 
    62.2, 
    116.8, 
    270.8, 
    96.2, 
    0, 
    140.5
   ], 
   [
    90.2, 
    129.3, 
    154.7, 
    67, 
    127.3, 
    80.1, 
    141, 
    57.1, 
    140.5, 
    0
   ]
  ], 
  "weight_matrix": [
   [
    0, 
    3, 
    3, 
    3, 
    3, 
    3, 
    3, 
    3, 
    3, 
    3
   ], 
   [
    3, 
    0, 
    3, 
    3, 
    3, 
    3, 
    3, 
    3, 
    3, 
    3
   ], 
   [
    3, 
    3, 
    0, 
    3, 
    3, 
    3, 
    3, 
    3, 
    3, 
    3
   ], 
   [
    3, 
    3, 
    3, 
    0, 
    3, 
    3, 
    3, 
    3, 
    3, 
    3
   ], 
   [
    3, 
    3, 
    3, 
    3, 
    0, 
    3, 
    3, 
    3, 
    3, 
    3
   ], 
   [
    3, 
    3, 
    3, 
    3, 
    3, 
    0, 
    3, 
    3, 
    3, 
    3
   ], 
   [
    3, 
    3, 
    3, 
    3, 
    3, 
    3, 
    0, 
    3, 
    3, 
    3
   ], 
   [
    3, 
    3, 
    3, 
    3, 
    3, 
    3, 
    3, 
    0, 
    3, 
    3
   ], 
   [
    3, 
    3, 
    3, 
    3, 
    3, 
    3, 
    3, 
    3, 
    0, 
    3
   ], 
   [
    3, 
    3, 
    3, 
    3, 
    3, 
    3, 
    3, 
    3, 
    3, 
    0
   ]
  ], 
  "city_names": [
   "Amsterdam", 
   "Rotterdam", 
   "Den Haag", 
   "Utrecht", 
   "Eindhoven", 
   "Almere", 
   "Groningen", 
   "Nijmegen", 
   "Breda", 
   "Apeldoorn"
  ], 
  "reward_matrix": [
   [
    0, 
    73456, 
    83796, 
    91775, 
    54364, 
    97352, 
    34661, 
    56603, 
    61855, 
    73619
   ], 
   [
    73456, 
    0, 
    99999, 
    84977, 
    65233, 
    67350, 
    4659, 
    64745, 
    90554, 
    57702
   ], 
   [
    83796, 
    99999, 
    0, 
    74637, 
    54893, 
    70810, 
    8119, 
    54405, 
    80214, 
    47362
   ], 
   [
    91775, 
    84977, 
    74637, 
    0, 
    72927, 
    92712, 
    30020, 
    75166, 
    80418, 
    83064
   ], 
   [
    54364, 
    65233, 
    54893, 
    72927, 
    0, 
    55300, 
    1117, 
    81761, 
    85018, 
    58516
   ], 
   [
    97352, 
    67350, 
    70810, 
    92712, 
    55300, 
    0, 
    47647, 
    57539, 
    62791, 
    77731
   ], 
   [
    34661, 
    4659, 
    8119, 
    30020, 
    1117, 
    47647, 
    0, 
    29695, 
    100, 
    52939
   ], 
   [
    56603, 
    64745, 
    54405, 
    75166, 
    81761, 
    57539, 
    29695, 
    0, 
    71177, 
    87094
   ], 
   [
    61855, 
    90554, 
    80214, 
    80418, 
    85018, 
    62791, 
    100, 
    71177, 
    0, 
    53143
   ], 
   [
    73619, 
    57702, 
    47362, 
    83064, 
    58516, 
    77731, 
    52939, 
    87094, 
    53143, 
    0
   ]
  ],