{
 "vehicle_cost_per_km": [
  5, 
  5, 
  5, 
  5, 
  5
 ], 
 "runs": [
  {
   "avg_task_cost_vs_number_of_task": [
    2283.5, 
    1255.75, 
    870.6666666666666, 
    793.25, 
    634.6, 
    610.9166666666667, 
    556.7142857142858, 
    533.375, 
    438.94444444444457, 
    395.05000000000007, 
    388.1363636363636, 
    367.91666666666674, 
    328.4230769230769, 
    318, 
    293.46666666666664, 
    317.31250000000006, 
    303.61764705882354, 
    355.22222222222223, 
    296.8421052631579, 
    334.0250000000001, 
    238.78571428571433, 
    289.6363636363636, 
    263.5652173913044, 
    241.02083333333334, 
    294.86, 
    256.53846153846155, 
    258.925925925926, 
    246.89285714285725, 
    293.2758620689655, 
    252.13333333333335
   ], 
   "number_of_vehicles": 5
  }
 ], 
 "vehicle_starting_positions": [
  "Amsterdam", 
  "Rotterdam", 
  "Den Haag", 
  "Utrecht", 
  "Eindhoven", 
  "Almere", 
  "Groningen", 
  "Nijmegen", 
  "Breda", 
  "Apeldoorn"
 ], 
 "task_distribution": {
  "distance_matrix": [
   [
    0, 
    90.6, 
    65.2, 
    45.6, 
    137.5, 
    31.9, 
    185.9, 
    132, 
    119.1, 
    90.2
   ], 
   [
    90.6, 
    0, 
    25.4, 
    62.3, 
    110.8, 
    105.6, 
    259.6, 
    112, 
    48.6, 
    129.3
   ], 
   [
    65.2, 
    25.4, 
    0, 
    87.7, 
    136.2, 
    97.1, 
    251.1, 
    137.4, 
    74, 
    154.7
   ], 
   [
    45.6, 
    62.3, 
    87.7, 
    0, 
    91.9, 
    43.3, 
    197.3, 
    86.4, 
    73.5, 
    67
   ], 
   [
    137.5, 
    110.8, 
    136.2, 
    91.9, 
    0, 
    135.2, 
    268.3, 
    70.2, 
    62.2, 
    127.3
   ], 
   [
    31.9, 
    105.6, 
    97.1, 
    43.3, 
    135.2, 
    0, 
    154, 
    129.7, 
    116.8, 
    80.1
   ], 
   [
    185.9, 
    259.6, 
    251.1, 
    197.3, 
    268.3, 
    154, 
    0, 
    198.1, 
    270.8, 
    141
   ], 
   [
    132, 
    112, 
    137.4, 
    86.4, 
    70.2, 
    129.7, 
    198.1, 
    0, 
    96.2, 
    57.1
   ], 
   [
    119.1, 
    48.6, 
    74, 
    73.5, 
    62.2, 
    116.8, 
    270.8, 
    96.2, 
    0, 
    140.5
   ], 
   [
    90.2, 
    129.3, 
    154.7, 
    67, 
    127.3, 
    80.1, 
    141, 
    57.1, 
    140.5, 
    0
   ]
  ], 
  "weight_matrix": [
   [
    0, 
    3, 
    3, 
    3, 
    3, 
    3, 
    3, 
    3, 
    3, 
    3
   ], 
   [
    3, 
    0, 
    3, 
    3, 
    3, 
    3, 
    3, 
    3, 
    3, 
    3
   ], 
   [
    3, 
    3, 
    0, 
    3, 
    3, 
    3, 
    3, 
    3, 
    3, 
    3
   ], 
   [
    3, 
    3, 
    3, 
    0, 
    3, 
    3, 
    3, 
    3, 
    3, 
    3
   ], 
   [
    3, 
    3, 
    3, 
    3, 
    0, 
    3, 
    3, 
    3, 
    3, 
    3
   ], 
   [
    3, 
    3, 
    3, 
    3, 
    3, 
    0, 
    3, 
    3, 
    3, 
    3
   ], 
   [
    3, 
    3, 
    3, 
    3, 
    3, 
    3, 
    0, 
    3, 
    3, 
    3
   ], 
   [
    3, 
    3, 
    3, 
    3, 
    3, 
    3, 
    3, 
    0, 
    3, 
    3
   ], 
   [
    3, 
    3, 
    3, 
    3, 
    3, 
    3, 
    3, 
    3, 
    0, 
    3
   ], 
   [
    3, 
    3, 
    3, 
    3, 
    3, 
    3, 
    3, 
    3, 
    3, 
    0
   ]
  ], 
  "city_names": [
   "Amsterdam", 
   "Rotterdam", 
   "Den Haag", 
   "Utrecht", 
   "Eindhoven", 
   "Almere", 
   "Groningen", 
   "Nijmegen", 
   "Breda", 
   "Apeldoorn"
  ], 
  "reward_matrix": [
   [
    0, 
    73456, 
    83796, 
    91775, 
    54364, 
    97352, 
    34661, 
    56603, 
    61855, 
    73619
   ], 
   [
    73456, 
    0, 
    99999, 
    84977, 
    65233, 
    67350, 
    4659, 
    64745, 
    90554, 
    57702
   ], 
   [
    83796, 
    99999, 
    0, 
    74637, 
    54893, 
    70810, 
    8119, 
    54405, 
    80214, 
    47362
   ], 
   [
    91775, 
    84977, 
    74637, 
    0, 
    72927, 
    92712, 
    30020, 
    75166, 
    80418, 
    83064
   ], 
   [
    54364, 
    65233, 
    54893, 
    72927, 
    0, 
    55300, 
    1117, 
    81761, 
    85018, 
    58516
   ], 
   [
    97352, 
    67350, 
    70810, 
    92712, 
    55300, 
    0, 
    47647, 
    57539, 
    62791, 
    77731
   ], 
   [
    34661, 
    4659, 
    8119, 
    30020, 
    1117, 
    47647, 
    0, 
    29695, 
    100, 
    52939
   ], 
   [
    56603, 
    64745, 
    54405, 
    75166, 
    81761, 
    57539, 
    29695, 
    0, 
    71177, 
    87094
   ], 
   [
    61855, 
    90554, 
    80214, 
    80418, 
    85018, 
    62791, 
    100, 
    71177, 
    0, 
    53143
   ], 
   [
    73619, 
    57702, 
    47362, 
    83064, 
    58516, 
    77731, 
    52939, 
    87094, 
    53143, 
    0
   ]
  ], 
  "probability_matrix": [
   [
    0, 
    0.06037122995487569, 
    0.07469445878907986, 
    0.24055830442246384, 
    0.1321466563134537, 
    0.10778751571730993, 
    0.06312167876707099, 
    0.20909704582588076, 
    0.003583870021438624, 
    0.1086392401884266
   ], 
   [
    0.02878924867918721, 
    0, 
    0.12230708364884446, 
    0.17447893164345615, 
    0.06464689554415619, 
    0.06608654281179259, 
    0.12250240555938274, 
    0.17381180987253447, 
    0.05978397300481577, 
    0.1875931092358305
   ], 
   [
    0.19089086709091085, 
    0.026900794983454074, 
    0, 
    0.09783823137551761, 
    0.14235949995261468, 
    0.0730561805152892, 
    0.047600390809433, 
    0.1665946369368902, 
    0.18622893594135376, 
    0.06853046239453657
   ], 
   [
    0.132741686711197, 
    0.060112685933433614, 
    0.13837645971811724, 
    0, 
    0.004596982772067723, 
    0.1675801614007688, 
    0.16505172453533196, 
    0.049872505431429286, 
    0.1421603846773538, 
    0.1395074088203004
   ], 
   [
    0.05033143167510482, 
    0.12199080851936205, 
    0.12628052631886233, 
    0.012150749745016695, 
    0, 
    0.09183992478306754, 
    0.14284485492264493, 
    0.18584703003182412, 
    0.11571228165161, 
    0.15300239235250754
   ], 
   [
    0.21543562733895524, 
    0.054408868546102586, 
    0.021565424443719318, 
    0.048048567451365695, 
    0.20171313897812335, 
    0, 
    0.17084312267754084, 
    0.07579836522851194, 
    0.14602462919190853, 
    0.06616225614377258
   ], 
   [
    0.07764819989093598, 
    0.13776363722810167, 
    0.164641875980563, 
    0.1269614603317362, 
    0.0996268833921118, 
    0.02281297215579058, 
    0, 
    0.16221612207891029, 
    0.17677618238334256, 
    0.03155266655850788
   ], 
   [
    0.07879802835506318, 
    0.14979377003109454, 
    0.06651375256490373, 
    0.15117724369137348, 
    0.12084663163337979, 
    0.06383191254317903, 
    0.12039013592825942, 
    0, 
    0.10855653175456356, 
    0.1400919934981834
   ], 
   [
    0.11745858263071175, 
    0.10509927180021285, 
    0.1233406774077768, 
    0.08366208341088613, 
    0.10858764497789433, 
    0.3067232445521815, 
    0.054623818627356095, 
    0.00915157583735145, 
    0, 
    0.09135310075562914
   ], 
   [
    0.1433216410004136, 
    0.11128074045643457, 
    0.22731063216294134, 
    0.020332513878626755, 
    0.09721338579132946, 
    0.03312033323221126, 
    0.205821841438022, 
    0.15181638476390483, 
    0.009782527276116065, 
    0
   ]
  ]
 }, 
 "vehicle_capacities": [
  5, 
  20, 
  20, 
  20, 
  30, 
  30, 
  30, 
  30, 
  30, 
  30
 ]
}