{
 "vehicle_cost_per_km": [
  5, 
  5, 
  5, 
  5, 
  5
 ], 
 "runs": [
  {
   "avg_task_cost_vs_number_of_task": [
    832, 
    550.75, 
    986.8333333333334, 
    809.1250000000001, 
    647.3000000000001, 
    539.4166666666667, 
    557.2142857142859, 
    485.93750000000006, 
    431.9444444444445, 
    414.15, 
    400.72727272727275, 
    377.7083333333333, 
    368.50000000000006, 
    349.10714285714295, 
    339.6666666666667, 
    332.46875, 
    293.20588235294116, 
    304.44444444444446, 
    273.63157894736844, 
    273.79999999999995, 
    260.76190476190476, 
    271.8181818181818, 
    250.8695652173913, 
    254.35416666666666, 
    255.22, 
    252.5, 
    228.92592592592592, 
    232.80357142857142, 
    232.94827586206895, 
    257.8333333333333
   ], 
   "number_of_vehicles": 5
  }
 ], 
 "vehicle_starting_positions": [
  "Amsterdam", 
  "Rotterdam", 
  "Den Haag", 
  "Utrecht", 
  "Eindhoven", 
  "Almere", 
  "Groningen", 
  "Nijmegen", 
  "Breda", 
  "Apeldoorn"
 ], 
 "task_distribution": {
  "distance_matrix": [
   [
    0, 
    90.6, 
    65.2, 
    45.6, 
    137.5, 
    31.9, 
    185.9, 
    132, 
    119.1, 
    90.2
   ], 
   [
    90.6, 
    0, 
    25.4, 
    62.3, 
    110.8, 
    105.6, 
    259.6, 
    112, 
    48.6, 
    129.3
   ], 
   [
    65.2, 
    25.4, 
    0, 
    87.7, 
    136.2, 
    97.1, 
    251.1, 
    137.4, 
    74, 
    154.7
   ], 
   [
    45.6, 
    62.3, 
    87.7, 
    0, 
    91.9, 
    43.3, 
    197.3, 
    86.4, 
    73.5, 
    67
   ], 
   [
    137.5, 
    110.8, 
    136.2, 
    91.9, 
    0, 
    135.2, 
    268.3, 
    70.2, 
    62.2, 
    127.3
   ], 
   [
    31.9, 
    105.6, 
    97.1, 
    43.3, 
    135.2, 
    0, 
    154, 
    129.7, 
    116.8, 
    80.1
   ], 
   [
    185.9, 
    259.6, 
    251.1, 
    197.3, 
    268.3, 
    154, 
    0, 
    198.1, 
    270.8, 
    141
   ], 
   [
    132, 
    112, 
    137.4, 
    86.4, 
    70.2, 
    129.7, 
    198.1, 
    0, 
    96.2, 
    57.1
   ], 
   [
    119.1, 
    48.6, 
    74, 
    73.5, 
    62.2, 
    116.8, 
    270.8, 
    96.2, 
    0, 
    140.5
   ], 
   [
    90.2, 
    129.3, 
    154.7, 
    67, 
    127.3, 
    80.1, 
    141, 
    57.1, 
    140.5, 
    0
   ]
  ], 
  "weight_matrix": [
   [
    0, 
    3, 
    3, 
    3, 
    3, 
    3, 
    3, 
    3, 
    3, 
    3
   ], 
   [
    3, 
    0, 
    3, 
    3, 
    3, 
    3, 
    3, 
    3, 
    3, 
    3
   ], 
   [
    3, 
    3, 
    0, 
    3, 
    3, 
    3, 
    3, 
    3, 
    3, 
    3
   ], 
   [
    3, 
    3, 
    3, 
    0, 
    3, 
    3, 
    3, 
    3, 
    3, 
    3
   ], 
   [
    3, 
    3, 
    3, 
    3, 
    0, 
    3, 
    3, 
    3, 
    3, 
    3
   ], 
   [
    3, 
    3, 
    3, 
    3, 
    3, 
    0, 
    3, 
    3, 
    3, 
    3
   ], 
   [
    3, 
    3, 
    3, 
    3, 
    3, 
    3, 
    0, 
    3, 
    3, 
    3
   ], 
   [
    3, 
    3, 
    3, 
    3, 
    3, 
    3, 
    3, 
    0, 
    3, 
    3
   ], 
   [
    3, 
    3, 
    3, 
    3, 
    3, 
    3, 
    3, 
    3, 
    0, 
    3
   ], 
   [
    3, 
    3, 
    3, 
    3, 
    3, 
    3, 
    3, 
    3, 
    3, 
    0
   ]
  ], 
  "city_names": [
   "Amsterdam", 
   "Rotterdam", 
   "Den Haag", 
   "Utrecht", 
   "Eindhoven", 
   "Almere", 
   "Groningen", 
   "Nijmegen", 
   "Breda", 
   "Apeldoorn"
  ], 
  "reward_matrix": [
   [
    0, 
    73456, 
    83796, 
    91775, 
    54364, 
    97352, 
    34661, 
    56603, 
    61855, 
    73619
   ], 
   [
    73456, 
    0, 
    99999, 
    84977, 
    65233, 
    67350, 
    4659, 
    64745, 
    90554, 
    57702
   ], 
   [
    83796, 
    99999, 
    0, 
    74637, 
    54893, 
    70810, 
    8119, 
    54405, 
    80214, 
    47362
   ], 
   [
    91775, 
    84977, 
    74637, 
    0, 
    72927, 
    92712, 
    30020, 
    75166, 
    80418, 
    83064
   ], 
   [
    54364, 
    65233, 
    54893, 
    72927, 
    0, 
    55300, 
    1117, 
    81761, 
    85018, 
    58516
   ], 
   [
    97352, 
    67350, 
    70810, 
    92712, 
    55300, 
    0, 
    47647, 
    57539, 
    62791, 
    77731
   ], 
   [
    34661, 
    4659, 
    8119, 
    30020, 
    1117, 
    47647, 
    0, 
    29695, 
    100, 
    52939
   ], 
   [
    56603, 
    64745, 
    54405, 
    75166, 
    81761, 
    57539, 
    29695, 
    0, 
    71177, 
    87094
   ], 
   [
    61855, 
    90554, 
    80214, 
    80418, 
    85018, 
    62791, 
    100, 
    71177, 
    0, 
    53143
   ], 
   [
    73619, 
    57702, 
    47362, 
    83064, 
    58516, 
    77731, 
    52939, 
    87094, 
    53143, 
    0
   ]
  ], 
  "probability_matrix": [
   [
    0, 
    0.02119990551017175, 
    0.1609089461472007, 
    0.1832372356182893, 
    0.24649674057619544, 
    0.09993295271674195, 
    0.007628148189725103, 
    0.20975527498657448, 
    0.03247656557353585, 
    0.03836423068156542
   ], 
   [
    0.0815194017953302, 
    0, 
    0.02447512634201019, 
    0.23163163715687013, 
    0.03821797333315868, 
    0.16565664023937768, 
    0.20466895748695388, 
    0.13527899423212061, 
    0.0011266988382492276, 
    0.11742457057592921
   ], 
   [
    0.1700639238274319, 
    0.0855183924730582, 
    0, 
    0.01527220784163153, 
    0.013238503372010383, 
    0.17376186193438017, 
    0.16867618556068667, 
    0.10532857216631474, 
    0.15692085814676388, 
    0.11121949467772235
   ], 
   [
    0.11892737266436784, 
    0.03631863807450117, 
    0.07318971238228493, 
    0, 
    0.1033047538484956, 
    0.16224064540577202, 
    0.07547315142115948, 
    0.161084734913759, 
    0.1459892206980631, 
    0.12347177059159702
   ], 
   [
    0.1586989605110801, 
    0.15426859883829272, 
    0.021914639154325663, 
    0.039833791501734446, 
    0, 
    0.12595519469420588, 
    0.14430937451061313, 
    0.06126705030316484, 
    0.11533978650637704, 
    0.1784126039802063
   ], 
   [
    0.012821829806331344, 
    0.27315997519111007, 
    0.0017824674227115594, 
    0.17020648973904784, 
    0.06850709871224633, 
    0, 
    0.01581099673021727, 
    0.15230384662739643, 
    0.08149256673646992, 
    0.2239147290344691
   ], 
   [
    0.10008712304380935, 
    0.21579746549285803, 
    0.1515123761498459, 
    0.009540260365177177, 
    0.0900186371487363, 
    0.09801713841090441, 
    0, 
    0.1333386370349428, 
    0.10760637712076594, 
    0.09408198523296019
   ], 
   [
    0.039169139883060235, 
    0.1725444105943809, 
    0.13465637427108348, 
    0.03897667718151475, 
    0.16292425502987834, 
    0.024478152085506497, 
    0.1322018975074505, 
    0, 
    0.14258755448451965, 
    0.15246153896260567
   ], 
   [
    0.12781411488890235, 
    0.06582337170254317, 
    0.2153386884919414, 
    0.1373196538367377, 
    0.028869562372848167, 
    0.16735861830679633, 
    0.012700953055303313, 
    0.024061718861954764, 
    0, 
    0.22071331848297288
   ], 
   [
    0.10198020816653991, 
    0.05189517453054674, 
    0.03469363394002542, 
    0.19567835347844542, 
    0.1238206949710493, 
    0.01156599639361549, 
    0.08023334086450215, 
    0.21214391278740286, 
    0.18798868486787276, 
    0
   ]
  ]
 }, 
 "vehicle_capacities": [
  5, 
  20, 
  20, 
  25, 
  30, 
  30, 
  30, 
  30, 
  30, 
  30
 ]
}