{
 "vehicle_cost_per_km": [
  5, 
  5, 
  5, 
  5, 
  5
 ], 
 "runs": [
  {
   "avg_task_cost_vs_number_of_task": [
    832, 
    770, 
    612.9999999999999, 
    459.74999999999994, 
    424.2, 
    594.2499999999999, 
    602.5, 
    503.5625, 
    489.16666666666674, 
    435.3500000000001, 
    399.18181818181824, 
    365.91666666666674, 
    350.8461538461539, 
    338.8214285714286, 
    335.86666666666673, 
    300.50000000000006, 
    314.05882352941177, 
    317.8888888888889, 
    286.5789473684211, 
    266.225, 
    287.85714285714283, 
    240.38636363636363, 
    244.7173913043478, 
    256.4791666666667, 
    268.06, 
    277.24999999999994, 
    273.24074074074076, 
    216.1071428571429, 
    250.39655172413794, 
    259.5166666666667
   ], 
   "number_of_vehicles": 5
  }
 ], 
 "vehicle_starting_positions": [
  "Amsterdam", 
  "Rotterdam", 
  "Den Haag", 
  "Utrecht", 
  "Eindhoven", 
  "Almere", 
  "Groningen", 
  "Nijmegen", 
  "Breda", 
  "Apeldoorn"
 ], 
 "task_distribution": {
  "distance_matrix": [
   [
    0, 
    90.6, 
    65.2, 
    45.6, 
    137.5, 
    31.9, 
    185.9, 
    132, 
    119.1, 
    90.2
   ], 
   [
    90.6, 
    0, 
    25.4, 
    62.3, 
    110.8, 
    105.6, 
    259.6, 
    112, 
    48.6, 
    129.3
   ], 
   [
    65.2, 
    25.4, 
    0, 
    87.7, 
    136.2, 
    97.1, 
    251.1, 
    137.4, 
    74, 
    154.7
   ], 
   [
    45.6, 
    62.3, 
    87.7, 
    0, 
    91.9, 
    43.3, 
    197.3, 
    86.4, 
    73.5, 
    67
   ], 
   [
    137.5, 
    110.8, 
    136.2, 
    91.9, 
    0, 
    135.2, 
    268.3, 
    70.2, 
    62.2, 
    127.3
   ], 
   [
    31.9, 
    105.6, 
    97.1, 
    43.3, 
    135.2, 
    0, 
    154, 
    129.7, 
    116.8, 
    80.1
   ], 
   [
    185.9, 
    259.6, 
    251.1, 
    197.3, 
    268.3, 
    154, 
    0, 
    198.1, 
    270.8, 
    141
   ], 
   [
    132, 
    112, 
    137.4, 
    86.4, 
    70.2, 
    129.7, 
    198.1, 
    0, 
    96.2, 
    57.1
   ], 
   [
    119.1, 
    48.6, 
    74, 
    73.5, 
    62.2, 
    116.8, 
    270.8, 
    96.2, 
    0, 
    140.5
   ], 
   [
    90.2, 
    129.3, 
    154.7, 
    67, 
    127.3, 
    80.1, 
    141, 
    57.1, 
    140.5, 
    0
   ]
  ], 
  "weight_matrix": [
   [
    0, 
    3, 
    3, 
    3, 
    3, 
    3, 
    3, 
    3, 
    3, 
    3
   ], 
   [
    3, 
    0, 
    3, 
    3, 
    3, 
    3, 
    3, 
    3, 
    3, 
    3
   ], 
   [
    3, 
    3, 
    0, 
    3, 
    3, 
    3, 
    3, 
    3, 
    3, 
    3
   ], 
   [
    3, 
    3, 
    3, 
    0, 
    3, 
    3, 
    3, 
    3, 
    3, 
    3
   ], 
   [
    3, 
    3, 
    3, 
    3, 
    0, 
    3, 
    3, 
    3, 
    3, 
    3
   ], 
   [
    3, 
    3, 
    3, 
    3, 
    3, 
    0, 
    3, 
    3, 
    3, 
    3
   ], 
   [
    3, 
    3, 
    3, 
    3, 
    3, 
    3, 
    0, 
    3, 
    3, 
    3
   ], 
   [
    3, 
    3, 
    3, 
    3, 
    3, 
    3, 
    3, 
    0, 
    3, 
    3
   ], 
   [
    3, 
    3, 
    3, 
    3, 
    3, 
    3, 
    3, 
    3, 
    0, 
    3
   ], 
   [
    3, 
    3, 
    3, 
    3, 
    3, 
    3, 
    3, 
    3, 
    3, 
    0
   ]
  ], 
  "city_names": [
   "Amsterdam", 
   "Rotterdam", 
   "Den Haag", 
   "Utrecht", 
   "Eindhoven", 
   "Almere", 
   "Groningen", 
   "Nijmegen", 
   "Breda", 
   "Apeldoorn"
  ], 
  "reward_matrix": [
   [
    0, 
    73456, 
    83796, 
    91775, 
    54364, 
    97352, 
    34661, 
    56603, 
    61855, 
    73619
   ], 
   [
    73456, 
    0, 
    99999, 
    84977, 
    65233, 
    67350, 
    4659, 
    64745, 
    90554, 
    57702
   ], 
   [
    83796, 
    99999, 
    0, 
    74637, 
    54893, 
    70810, 
    8119, 
    54405, 
    80214, 
    47362
   ], 
   [
    91775, 
    84977, 
    74637, 
    0, 
    72927, 
    92712, 
    30020, 
    75166, 
    80418, 
    83064
   ], 
   [
    54364, 
    65233, 
    54893, 
    72927, 
    0, 
    55300, 
    1117, 
    81761, 
    85018, 
    58516
   ], 
   [
    97352, 
    67350, 
    70810, 
    92712, 
    55300, 
    0, 
    47647, 
    57539, 
    62791, 
    77731
   ], 
   [
    34661, 
    4659, 
    8119, 
    30020, 
    1117, 
    47647, 
    0, 
    29695, 
    100, 
    52939
   ], 
   [
    56603, 
    64745, 
    54405, 
    75166, 
    81761, 
    57539, 
    29695, 
    0, 
    71177, 
    87094
   ], 
   [
    61855, 
    90554, 
    80214, 
    80418, 
    85018, 
    62791, 
    100, 
    71177, 
    0, 
    53143
   ], 
   [
    73619, 
    57702, 
    47362, 
    83064, 
    58516, 
    77731, 
    52939, 
    87094, 
    53143, 
    0
   ]
  ], 
  "probability_matrix": [
   [
    0, 
    0.178949550928938, 
    0.06019560994084189, 
    0.07165398963950675, 
    0.1152452910624628, 
    0.06670655709529849, 
    0.17890653034609855, 
    0.1525098082584563, 
    0.1547737840101457, 
    0.021058878718251416
   ], 
   [
    0.10222403515064032, 
    0, 
    0.21010803985407092, 
    0.20682603922009865, 
    0.07655015770138232, 
    0.1302092125424499, 
    0.16018080037423255, 
    7.728092202238034e-05, 
    0.09921830432046719, 
    0.01460612991463596
   ], 
   [
    0.13241367860624842, 
    0.01256944525510401, 
    0, 
    0.0032956166732607773, 
    0.03899799327071185, 
    0.044448221555923685, 
    0.27922755867015886, 
    0.08034273800900037, 
    0.14232749294188934, 
    0.26637725501770265
   ], 
   [
    0.0776675051425931, 
    0.11993138526205638, 
    0.13562267035351613, 
    0, 
    0.09739268977566205, 
    0.03938988184738117, 
    0.12778122664083583, 
    0.162850795822755, 
    0.15473719291699786, 
    0.08462665223820237
   ], 
   [
    0.13919744147223803, 
    0.05207614158026046, 
    0.1460342126909877, 
    0.16175807092016073, 
    0, 
    0.06346235804808716, 
    0.07132286143909278, 
    0.1052060717964377, 
    0.15263802806149818, 
    0.10830481399123726
   ], 
   [
    0.1298370203991848, 
    0.05807803786831315, 
    0.15355911811646666, 
    0.027931501330939308, 
    0.13333518452820026, 
    0, 
    0.06421746106407239, 
    0.12982410439892814, 
    0.12706902303503134, 
    0.1761485492588639
   ], 
   [
    0.1035363252749226, 
    0.05413654636063374, 
    0.1984774289286678, 
    0.10047128632148714, 
    0.0008621191364192338, 
    0.01111086012894457, 
    0, 
    0.14102755708391193, 
    0.16692960107543292, 
    0.22344827568957995
   ], 
   [
    0.12241445945911142, 
    0.11773717647217245, 
    0.14479397743295166, 
    0.014750911892743942, 
    0.11248164460463086, 
    0.129047955371499, 
    0.09119046862825002, 
    0, 
    0.12991634435089844, 
    0.13766706178774218
   ], 
   [
    0.22214764102086407, 
    0.019864757074356792, 
    0.12288018829328629, 
    0.08932980291962969, 
    0.08319627223378172, 
    0.028738552609451656, 
    0.0859134096205137, 
    0.19609975266890262, 
    0, 
    0.15182962355921353
   ], 
   [
    0.12795864740979662, 
    0.0648930733559156, 
    0.13562818497530205, 
    0.1913958976960517, 
    0.07266688472493238, 
    0.03331413809238404, 
    0.1251719845467597, 
    0.16655631138461383, 
    0.08241487781424417, 
    0
   ]
  ]
 }, 
 "vehicle_capacities": [
  10, 
  20, 
  25, 
  30, 
  30, 
  30, 
  30, 
  30, 
  30, 
  30
 ]
}