{
 "vehicle_cost_per_km": [
  10, 
  5, 
  10, 
  5, 
  5, 
  5, 
  5, 
  5, 
  5, 
  5
 ], 
 "runs": [
  {
   "avg_task_cost_vs_number_of_task": [
    932, 
    593, 
    512.3333333333334, 
    384.25, 
    423.6, 
    405.9166666666667, 
    370.7142857142857, 
    362.8125, 
    330.8333333333333, 
    349.79999999999995, 
    330.6363636363636, 
    420.6666666666667, 
    373.26923076923083, 
    439.8214285714286, 
    439.0666666666668, 
    418.875, 
    378.41176470588243, 
    417.7777777777778, 
    408.57894736842104, 
    355.95000000000005, 
    374.9285714285715, 
    416.36363636363626, 
    367.1304347826087, 
    390.3541666666667, 
    442.28, 
    355.3076923076923, 
    451.8703703703704, 
    392.5178571428572, 
    406.10344827586215, 
    367.83333333333337
   ], 
   "number_of_vehicles": 3
  }
 ], 
 "vehicle_starting_positions": [
  "Amsterdam", 
  "Rotterdam", 
  "Den Haag", 
  "Utrecht", 
  "Eindhoven", 
  "Almere", 
  "Groningen", 
  "Nijmegen", 
  "Breda", 
  "Apeldoorn"
 ], 
 "task_distribution": {
  "distance_matrix": [
   [
    0, 
    90.6, 
    65.2, 
    45.6, 
    137.5, 
    31.9, 
    185.9, 
    132, 
    119.1, 
    90.2
   ], 
   [
    90.6, 
    0, 
    25.4, 
    62.3, 
    110.8, 
    105.6, 
    259.6, 
    112, 
    48.6, 
    129.3
   ], 
   [
    65.2, 
    25.4, 
    0, 
    87.7, 
    136.2, 
    97.1, 
    251.1, 
    137.4, 
    74, 
    154.7
   ], 
   [
    45.6, 
    62.3, 
    87.7, 
    0, 
    91.9, 
    43.3, 
    197.3, 
    86.4, 
    73.5, 
    67
   ], 
   [
    137.5, 
    110.8, 
    136.2, 
    91.9, 
    0, 
    135.2, 
    268.3, 
    70.2, 
    62.2, 
    127.3
   ], 
   [
    31.9, 
    105.6, 
    97.1, 
    43.3, 
    135.2, 
    0, 
    154, 
    129.7, 
    116.8, 
    80.1
   ], 
   [
    185.9, 
    259.6, 
    251.1, 
    197.3, 
    268.3, 
    154, 
    0, 
    198.1, 
    270.8, 
    141
   ], 
   [
    132, 
    112, 
    137.4, 
    86.4, 
    70.2, 
    129.7, 
    198.1, 
    0, 
    96.2, 
    57.1
   ], 
   [
    119.1, 
    48.6, 
    74, 
    73.5, 
    62.2, 
    116.8, 
    270.8, 
    96.2, 
    0, 
    140.5
   ], 
   [
    90.2, 
    129.3, 
    154.7, 
    67, 
    127.3, 
    80.1, 
    141, 
    57.1, 
    140.5, 
    0
   ]
  ], 
  "weight_matrix": [
   [
    0, 
    3, 
    3, 
    3, 
    3, 
    3, 
    3, 
    3, 
    3, 
    3
   ], 
   [
    3, 
    0, 
    3, 
    3, 
    3, 
    3, 
    3, 
    3, 
    3, 
    3
   ], 
   [
    3, 
    3, 
    0, 
    3, 
    3, 
    3, 
    3, 
    3, 
    3, 
    3
   ], 
   [
    3, 
    3, 
    3, 
    0, 
    3, 
    3, 
    3, 
    3, 
    3, 
    3
   ], 
   [
    3, 
    3, 
    3, 
    3, 
    0, 
    3, 
    3, 
    3, 
    3, 
    3
   ], 
   [
    3, 
    3, 
    3, 
    3, 
    3, 
    0, 
    3, 
    3, 
    3, 
    3
   ], 
   [
    3, 
    3, 
    3, 
    3, 
    3, 
    3, 
    0, 
    3, 
    3, 
    3
   ], 
   [
    3, 
    3, 
    3, 
    3, 
    3, 
    3, 
    3, 
    0, 
    3, 
    3
   ], 
   [
    3, 
    3, 
    3, 
    3, 
    3, 
    3, 
    3, 
    3, 
    0, 
    3
   ], 
   [
    3, 
    3, 
    3, 
    3, 
    3, 
    3, 
    3, 
    3, 
    3, 
    0
   ]
  ], 
  "city_names": [
   "Amsterdam", 
   "Rotterdam", 
   "Den Haag", 
   "Utrecht", 
   "Eindhoven", 
   "Almere", 
   "Groningen", 
   "Nijmegen", 
   "Breda", 
   "Apeldoorn"
  ], 
  "reward_matrix": [
   [
    0, 
    73456, 
    83796, 
    91775, 
    54364, 
    97352, 
    34661, 
    56603, 
    61855, 
    73619
   ], 
   [
    73456, 
    0, 
    99999, 
    84977, 
    65233, 
    67350, 
    4659, 
    64745, 
    90554, 
    57702
   ], 
   [
    83796, 
    99999, 
    0, 
    74637, 
    54893, 
    70810, 
    8119, 
    54405, 
    80214, 
    47362
   ], 
   [
    91775, 
    84977, 
    74637, 
    0, 
    72927, 
    92712, 
    30020, 
    75166, 
    80418, 
    83064
   ], 
   [
    54364, 
    65233, 
    54893, 
    72927, 
    0, 
    55300, 
    1117, 
    81761, 
    85018, 
    58516
   ], 
   [
    97352, 
    67350, 
    70810, 
    92712, 
    55300, 
    0, 
    47647, 
    57539, 
    62791, 
    77731
   ], 
   [
    34661, 
    4659, 
    8119, 
    30020, 
    1117, 
    47647, 
    0, 
    29695, 
    100, 
    52939
   ], 
   [
    56603, 
    64745, 
    54405, 
    75166, 
    81761, 
    57539, 
    29695, 
    0, 
    71177, 
    87094
   ], 
   [
    61855, 
    90554, 
    80214, 
    80418, 
    85018, 
    62791, 
    100, 
    71177, 
    0, 
    53143
   ], 
   [
    73619, 
    57702, 
    47362, 
    83064, 
    58516, 
    77731, 
    52939, 
    87094, 
    53143, 
    0
   ]
  ], 
  "probability_matrix": [
   [
    0, 
    0.07662080006693457, 
    0.11701293958161793, 
    0.16325281578962245, 
    0.058239987621574514, 
    0.12025317559909827, 
    0.192718726782317, 
    0.0928202065995627, 
    0.08719726470082242, 
    0.09188408325845014
   ], 
   [
    0.13231303006692685, 
    0, 
    0.1691750313021445, 
    0.14110822062030592, 
    0.12382894331479503, 
    0.0070633474287075965, 
    0.10189149122447391, 
    0.18446102630259467, 
    0.05471172345398331, 
    0.08544718628606815
   ], 
   [
    0.1088099221049017, 
    0.07923359070736218, 
    0, 
    0.06109718159590183, 
    0.116927256890001, 
    0.08028289608133364, 
    0.1350023932738131, 
    0.17831967863540463, 
    0.05847452270450426, 
    0.18185255800677771
   ], 
   [
    0.007997775230339425, 
    0.08674073426597964, 
    0.256080370692955, 
    0, 
    0.01013529908282599, 
    0.17814541192394784, 
    0.13001773279232545, 
    0.02721208706771161, 
    0.16244524522380305, 
    0.14122534372011214
   ], 
   [
    0.18379374187592057, 
    0.05181781387877957, 
    0.16394194271620954, 
    0.19032307840847856, 
    0, 
    0.1874817343526375, 
    0.02762020337655269, 
    0.04250222186689844, 
    0.0994767528695936, 
    0.05304251065492961
   ], 
   [
    0.03531123474018088, 
    0.0310423697901538, 
    0.1913747227202369, 
    0.08462383331193574, 
    0.1049299772035494, 
    0, 
    0.16130952903722198, 
    0.20428514801025988, 
    0.07264083139470738, 
    0.11448235379175417
   ], 
   [
    0.14605530781503653, 
    0.17745310888825905, 
    0.05692340709055583, 
    0.1394000360263981, 
    0.15881431699539914, 
    0.14317200316915968, 
    0, 
    0.10741427512226726, 
    0.053665263229134265, 
    0.01710228166378999
   ], 
   [
    0.13357080447565137, 
    0.0999064052591482, 
    0.10883940342851056, 
    0.1286673144440913, 
    0.1742740686229039, 
    0.11562688089010416, 
    0.12477898426683934, 
    0, 
    0.07617764321498738, 
    0.03815849539776378
   ], 
   [
    0.1140370145075874, 
    0.03134197643084726, 
    0.030692211764009616, 
    0.17185813647929662, 
    0.04549106513802074, 
    0.14209517008498038, 
    0.031495049235603555, 
    0.26335415961681397, 
    0, 
    0.1696352167428406
   ], 
   [
    0.16096963913971377, 
    0.12654957026384817, 
    0.16974474732162426, 
    0.0875448329487271, 
    0.1470928749770168, 
    0.060370363486903014, 
    0.03220730691687454, 
    0.1311076910395423, 
    0.08441297390574995, 
    0
   ]
  ]
 }, 
 "vehicle_capacities": [
  10, 
  10, 
  10, 
  5, 
  20, 
  30, 
  30, 
  30, 
  30, 
  30
 ]
}