{
 "vehicle_cost_per_km": [
  5, 
  15, 
  10, 
  5, 
  5, 
  5, 
  5, 
  5, 
  5, 
  5
 ], 
 "runs": [
  {
   "avg_task_cost_vs_number_of_task": [
    1298, 
    649, 
    689, 
    633.125, 
    506.5, 
    438.8333333333333, 
    397.7142857142857, 
    417.125, 
    335.3888888888889, 
    333.75, 
    355.22727272727275, 
    308.6666666666667, 
    442.46153846153845, 
    404.5, 
    410.2333333333333, 
    375.34375, 
    405.4117647058824, 
    422.2499999999999, 
    455.86842105263156, 
    465.35, 
    384.07142857142856, 
    449.90909090909093, 
    455.1956521739132, 
    457.3125, 
    426.64, 
    457.61538461538464, 
    407.1111111111111, 
    446.32142857142844, 
    407.18965517241384, 
    466.3666666666667
   ], 
   "number_of_vehicles": 3
  }
 ], 
 "vehicle_starting_positions": [
  "Amsterdam", 
  "Rotterdam", 
  "Den Haag", 
  "Utrecht", 
  "Eindhoven", 
  "Almere", 
  "Groningen", 
  "Nijmegen", 
  "Breda", 
  "Apeldoorn"
 ], 
 "task_distribution": {
  "distance_matrix": [
   [
    0, 
    90.6, 
    65.2, 
    45.6, 
    137.5, 
    31.9, 
    185.9, 
    132, 
    119.1, 
    90.2
   ], 
   [
    90.6, 
    0, 
    25.4, 
    62.3, 
    110.8, 
    105.6, 
    259.6, 
    112, 
    48.6, 
    129.3
   ], 
   [
    65.2, 
    25.4, 
    0, 
    87.7, 
    136.2, 
    97.1, 
    251.1, 
    137.4, 
    74, 
    154.7
   ], 
   [
    45.6, 
    62.3, 
    87.7, 
    0, 
    91.9, 
    43.3, 
    197.3, 
    86.4, 
    73.5, 
    67
   ], 
   [
    137.5, 
    110.8, 
    136.2, 
    91.9, 
    0, 
    135.2, 
    268.3, 
    70.2, 
    62.2, 
    127.3
   ], 
   [
    31.9, 
    105.6, 
    97.1, 
    43.3, 
    135.2, 
    0, 
    154, 
    129.7, 
    116.8, 
    80.1
   ], 
   [
    185.9, 
    259.6, 
    251.1, 
    197.3, 
    268.3, 
    154, 
    0, 
    198.1, 
    270.8, 
    141
   ], 
   [
    132, 
    112, 
    137.4, 
    86.4, 
    70.2, 
    129.7, 
    198.1, 
    0, 
    96.2, 
    57.1
   ], 
   [
    119.1, 
    48.6, 
    74, 
    73.5, 
    62.2, 
    116.8, 
    270.8, 
    96.2, 
    0, 
    140.5
   ], 
   [
    90.2, 
    129.3, 
    154.7, 
    67, 
    127.3, 
    80.1, 
    141, 
    57.1, 
    140.5, 
    0
   ]
  ], 
  "weight_matrix": [
   [
    0, 
    3, 
    3, 
    3, 
    3, 
    3, 
    3, 
    3, 
    3, 
    3
   ], 
   [
    3, 
    0, 
    3, 
    3, 
    3, 
    3, 
    3, 
    3, 
    3, 
    3
   ], 
   [
    3, 
    3, 
    0, 
    3, 
    3, 
    3, 
    3, 
    3, 
    3, 
    3
   ], 
   [
    3, 
    3, 
    3, 
    0, 
    3, 
    3, 
    3, 
    3, 
    3, 
    3
   ], 
   [
    3, 
    3, 
    3, 
    3, 
    0, 
    3, 
    3, 
    3, 
    3, 
    3
   ], 
   [
    3, 
    3, 
    3, 
    3, 
    3, 
    0, 
    3, 
    3, 
    3, 
    3
   ], 
   [
    3, 
    3, 
    3, 
    3, 
    3, 
    3, 
    0, 
    3, 
    3, 
    3
   ], 
   [
    3, 
    3, 
    3, 
    3, 
    3, 
    3, 
    3, 
    0, 
    3, 
    3
   ], 
   [
    3, 
    3, 
    3, 
    3, 
    3, 
    3, 
    3, 
    3, 
    0, 
    3
   ], 
   [
    3, 
    3, 
    3, 
    3, 
    3, 
    3, 
    3, 
    3, 
    3, 
    0
   ]
  ], 
  "city_names": [
   "Amsterdam", 
   "Rotterdam", 
   "Den Haag", 
   "Utrecht", 
   "Eindhoven", 
   "Almere", 
   "Groningen", 
   "Nijmegen", 
   "Breda", 
   "Apeldoorn"
  ], 
  "reward_matrix": [
   [
    0, 
    73456, 
    83796, 
    91775, 
    54364, 
    97352, 
    34661, 
    56603, 
    61855, 
    73619
   ], 
   [
    73456, 
    0, 
    99999, 
    84977, 
    65233, 
    67350, 
    4659, 
    64745, 
    90554, 
    57702
   ], 
   [
    83796, 
    99999, 
    0, 
    74637, 
    54893, 
    70810, 
    8119, 
    54405, 
    80214, 
    47362
   ], 
   [
    91775, 
    84977, 
    74637, 
    0, 
    72927, 
    92712, 
    30020, 
    75166, 
    80418, 
    83064
   ], 
   [
    54364, 
    65233, 
    54893, 
    72927, 
    0, 
    55300, 
    1117, 
    81761, 
    85018, 
    58516
   ], 
   [
    97352, 
    67350, 
    70810, 
    92712, 
    55300, 
    0, 
    47647, 
    57539, 
    62791, 
    77731
   ], 
   [
    34661, 
    4659, 
    8119, 
    30020, 
    1117, 
    47647, 
    0, 
    29695, 
    100, 
    52939
   ], 
   [
    56603, 
    64745, 
    54405, 
    75166, 
    81761, 
    57539, 
    29695, 
    0, 
    71177, 
    87094
   ], 
   [
    61855, 
    90554, 
    80214, 
    80418, 
    85018, 
    62791, 
    100, 
    71177, 
    0, 
    53143
   ], 
   [
    73619, 
    57702, 
    47362, 
    83064, 
    58516, 
    77731, 
    52939, 
    87094, 
    53143, 
    0
   ]
  ], 
  "probability_matrix": [
   [
    0, 
    0.17867805632529601, 
    0.1517182398321205, 
    0.1280949812928856, 
    0.030055400512944384, 
    0.11669053141065791, 
    0.051551997371909776, 
    0.06495548227004593, 
    0.10445129043567432, 
    0.1738040205484656
   ], 
   [
    0.0633314770505029, 
    0, 
    0.17692557462162306, 
    0.1792729703201667, 
    0.17193233057739626, 
    0.15596123650037894, 
    0.05869161259421769, 
    0.09780385221876535, 
    0.05743433349321616, 
    0.03864661262373303
   ], 
   [
    0.1582283938036313, 
    0.11775321282213799, 
    0, 
    0.12006978306345571, 
    0.04340477290861281, 
    0.1924572261214105, 
    0.03663072262676868, 
    0.07974597104007071, 
    0.12315430782323801, 
    0.1285556097906744
   ], 
   [
    0.044814218113276474, 
    0.11953592134659533, 
    0.17657079241376755, 
    0, 
    0.09378897507672694, 
    0.12615249785883637, 
    0.06279803063956022, 
    0.09749613132636725, 
    0.16255584179576743, 
    0.11628759142910226
   ], 
   [
    0.1038447762992178, 
    0.17255178576487337, 
    0.007737110604630856, 
    0.1577780038378777, 
    0, 
    0.09284761269318657, 
    0.022127475487635197, 
    0.1760424130476146, 
    0.04349107400149698, 
    0.22357974826346663
   ], 
   [
    0.010006720172327985, 
    0.1863844688642269, 
    0.01038930712654177, 
    0.13071630807712772, 
    0.12064856256657369, 
    0, 
    0.14107394055120076, 
    0.1530911087871935, 
    0.059294764938632734, 
    0.18839481891617482
   ], 
   [
    0.17792383417712843, 
    0.15565510532710736, 
    0.052544323787308944, 
    0.06988098515707286, 
    0.1523864015170885, 
    0.05497387762316652, 
    0, 
    0.10234953914192578, 
    0.043951385125947484, 
    0.1903345481432542
   ], 
   [
    0.0012476962472692341, 
    0.11818750203118385, 
    0.16493063827334534, 
    0.04869910457647704, 
    0.060747336121109954, 
    0.1644479151386235, 
    0.18298845694726476, 
    0, 
    0.04862432686519626, 
    0.2101270237995302
   ], 
   [
    0.08709326520309633, 
    0.12509957866469992, 
    0.15809888204678627, 
    0.00876160797421742, 
    0.13082781847379396, 
    0.12757898272164173, 
    0.06341614423481193, 
    0.143300495757143, 
    0, 
    0.15582322492380946
   ], 
   [
    0.07840785509716686, 
    0.2478902878302684, 
    0.1018474429619787, 
    0.06465363097549164, 
    0.050833217690050746, 
    0.15473654618023136, 
    0.09503214579151793, 
    0.16774548678371196, 
    0.03885338668958242, 
    0
   ]
  ]
 }, 
 "vehicle_capacities": [
  15, 
  15, 
  15, 
  5, 
  20, 
  30, 
  30, 
  30, 
  30, 
  30
 ]
}