{
 "vehicle_cost_per_km": [
  5, 
  10, 
  5, 
  5, 
  5, 
  5, 
  5, 
  5, 
  5, 
  5
 ], 
 "runs": [
  {
   "avg_task_cost_vs_number_of_task": [
    929.5, 
    958.0000000000001, 
    695.6666666666666, 
    614.25, 
    513.5, 
    491.6666666666667, 
    468, 
    409.5, 
    406.0555555555556, 
    398.05, 
    361.8636363636364, 
    344.0416666666667, 
    333.3076923076923, 
    315.2142857142858, 
    294.20000000000005, 
    331.0625, 
    292.9117647058824, 
    290.4166666666667, 
    278.9736842105263, 
    251.40000000000003, 
    263.6904761904762, 
    261.79545454545456, 
    270.19565217391306, 
    273.5416666666667, 
    242.86, 
    258.2692307692308, 
    253.53703703703704, 
    252.80357142857142, 
    279.1551724137931, 
    253.33333333333334
   ], 
   "number_of_vehicles": 3
  }
 ], 
 "vehicle_starting_positions": [
  "Amsterdam", 
  "Rotterdam", 
  "Den Haag", 
  "Utrecht", 
  "Eindhoven", 
  "Almere", 
  "Groningen", 
  "Nijmegen", 
  "Breda", 
  "Apeldoorn"
 ], 
 "task_distribution": {
  "distance_matrix": [
   [
    0, 
    90.6, 
    65.2, 
    45.6, 
    137.5, 
    31.9, 
    185.9, 
    132, 
    119.1, 
    90.2
   ], 
   [
    90.6, 
    0, 
    25.4, 
    62.3, 
    110.8, 
    105.6, 
    259.6, 
    112, 
    48.6, 
    129.3
   ], 
   [
    65.2, 
    25.4, 
    0, 
    87.7, 
    136.2, 
    97.1, 
    251.1, 
    137.4, 
    74, 
    154.7
   ], 
   [
    45.6, 
    62.3, 
    87.7, 
    0, 
    91.9, 
    43.3, 
    197.3, 
    86.4, 
    73.5, 
    67
   ], 
   [
    137.5, 
    110.8, 
    136.2, 
    91.9, 
    0, 
    135.2, 
    268.3, 
    70.2, 
    62.2, 
    127.3
   ], 
   [
    31.9, 
    105.6, 
    97.1, 
    43.3, 
    135.2, 
    0, 
    154, 
    129.7, 
    116.8, 
    80.1
   ], 
   [
    185.9, 
    259.6, 
    251.1, 
    197.3, 
    268.3, 
    154, 
    0, 
    198.1, 
    270.8, 
    141
   ], 
   [
    132, 
    112, 
    137.4, 
    86.4, 
    70.2, 
    129.7, 
    198.1, 
    0, 
    96.2, 
    57.1
   ], 
   [
    119.1, 
    48.6, 
    74, 
    73.5, 
    62.2, 
    116.8, 
    270.8, 
    96.2, 
    0, 
    140.5
   ], 
   [
    90.2, 
    129.3, 
    154.7, 
    67, 
    127.3, 
    80.1, 
    141, 
    57.1, 
    140.5, 
    0
   ]
  ], 
  "weight_matrix": [
   [
    0, 
    3, 
    3, 
    3, 
    3, 
    3, 
    3, 
    3, 
    3, 
    3
   ], 
   [
    3, 
    0, 
    3, 
    3, 
    3, 
    3, 
    3, 
    3, 
    3, 
    3
   ], 
   [
    3, 
    3, 
    0, 
    3, 
    3, 
    3, 
    3, 
    3, 
    3, 
    3
   ], 
   [
    3, 
    3, 
    3, 
    0, 
    3, 
    3, 
    3, 
    3, 
    3, 
    3
   ], 
   [
    3, 
    3, 
    3, 
    3, 
    0, 
    3, 
    3, 
    3, 
    3, 
    3
   ], 
   [
    3, 
    3, 
    3, 
    3, 
    3, 
    0, 
    3, 
    3, 
    3, 
    3
   ], 
   [
    3, 
    3, 
    3, 
    3, 
    3, 
    3, 
    0, 
    3, 
    3, 
    3
   ], 
   [
    3, 
    3, 
    3, 
    3, 
    3, 
    3, 
    3, 
    0, 
    3, 
    3
   ], 
   [
    3, 
    3, 
    3, 
    3, 
    3, 
    3, 
    3, 
    3, 
    0, 
    3
   ], 
   [
    3, 
    3, 
    3, 
    3, 
    3, 
    3, 
    3, 
    3, 
    3, 
    0
   ]
  ], 
  "city_names": [
   "Amsterdam", 
   "Rotterdam", 
   "Den Haag", 
   "Utrecht", 
   "Eindhoven", 
   "Almere", 
   "Groningen", 
   "Nijmegen", 
   "Breda", 
   "Apeldoorn"
  ], 
  "reward_matrix": [
   [
    0, 
    73456, 
    83796, 
    91775, 
    54364, 
    97352, 
    34661, 
    56603, 
    61855, 
    73619
   ], 
   [
    73456, 
    0, 
    99999, 
    84977, 
    65233, 
    67350, 
    4659, 
    64745, 
    90554, 
    57702
   ], 
   [
    83796, 
    99999, 
    0, 
    74637, 
    54893, 
    70810, 
    8119, 
    54405, 
    80214, 
    47362
   ], 
   [
    91775, 
    84977, 
    74637, 
    0, 
    72927, 
    92712, 
    30020, 
    75166, 
    80418, 
    83064
   ], 
   [
    54364, 
    65233, 
    54893, 
    72927, 
    0, 
    55300, 
    1117, 
    81761, 
    85018, 
    58516
   ], 
   [
    97352, 
    67350, 
    70810, 
    92712, 
    55300, 
    0, 
    47647, 
    57539, 
    62791, 
    77731
   ], 
   [
    34661, 
    4659, 
    8119, 
    30020, 
    1117, 
    47647, 
    0, 
    29695, 
    100, 
    52939
   ], 
   [
    56603, 
    64745, 
    54405, 
    75166, 
    81761, 
    57539, 
    29695, 
    0, 
    71177, 
    87094
   ], 
   [
    61855, 
    90554, 
    80214, 
    80418, 
    85018, 
    62791, 
    100, 
    71177, 
    0, 
    53143
   ], 
   [
    73619, 
    57702, 
    47362, 
    83064, 
    58516, 
    77731, 
    52939, 
    87094, 
    53143, 
    0
   ]
  ], 
  "probability_matrix": [
   [
    0, 
    0.18530010857324072, 
    0.0819919877587584, 
    0.17777304612229447, 
    0.06414363704396267, 
    0.06992286004536509, 
    0.14398829622485243, 
    0.09911534131853414, 
    0.17202548011962265, 
    0.00573924279336935
   ], 
   [
    0.018087282930738306, 
    0, 
    0.16463666826138898, 
    0.08012862294439499, 
    0.06900563984305848, 
    0.048802658654501424, 
    0.17264203987935176, 
    0.19109960367849957, 
    0.08854958993778415, 
    0.16704789387028238
   ], 
   [
    0.23244765608126855, 
    0.06095355647466555, 
    0, 
    0.052665989494030216, 
    0.09061323889328864, 
    0.10049543048710996, 
    0.06122596604471851, 
    0.23757663599471288, 
    0.06688047105747774, 
    0.09714105547272779
   ], 
   [
    0.016063592596523516, 
    0.11222123547641448, 
    0.1757736310571388, 
    0, 
    0.00454579654186494, 
    0.15816168001386358, 
    0.10830139456281762, 
    0.14503592852129432, 
    0.13958011551970742, 
    0.14031662571037515
   ], 
   [
    0.21435824390938873, 
    0.03022661607657641, 
    0.07306168473459669, 
    0.2037944117727568, 
    0, 
    0.1301292958320303, 
    0.09008155312533493, 
    0.13672523517510593, 
    0.08276874814681791, 
    0.0388542112273922
   ], 
   [
    0.21725087918478797, 
    0.02768045409068839, 
    0.08066288412563183, 
    0.005292025955108042, 
    0.12009686462103356, 
    0, 
    0.046753841181334764, 
    0.17897792761000408, 
    0.10761078066017023, 
    0.21567434257124113
   ], 
   [
    0.17599905918078568, 
    0.08627822543365497, 
    0.19641673484278777, 
    0.12205345605587914, 
    0.05554329635328718, 
    0.18227837865172958, 
    0, 
    0.0702217299996178, 
    0.012965581847516889, 
    0.09824353763474121
   ], 
   [
    0.10443008023627867, 
    0.12945257272921942, 
    0.12027339131588762, 
    0.05312542283584982, 
    0.10032577334393514, 
    0.12339417626927218, 
    0.11344870020408546, 
    0, 
    0.13518676058536663, 
    0.12036312248010508
   ], 
   [
    0.22199632364075436, 
    0.13450744797973016, 
    0.06472552649322941, 
    0.09000077260220422, 
    0.04311219534520031, 
    0.16535773936280418, 
    0.21594637969560554, 
    0.058484209720274356, 
    0, 
    0.005869405160197205
   ], 
   [
    0.17942590880414025, 
    0.1279748665437631, 
    0.06929977412637862, 
    0.2305800240400747, 
    0.11922310090835316, 
    0.03403125265236339, 
    0.016541915870752905, 
    0.07408532658391899, 
    0.14883783047025487, 
    0
   ]
  ]
 }, 
 "vehicle_capacities": [
  15, 
  15, 
  15, 
  5, 
  20, 
  30, 
  30, 
  30, 
  30, 
  30
 ]
}