{
 "vehicle_cost_per_km": [
  5, 
  5, 
  5, 
  5, 
  5
 ], 
 "runs": [
  {
   "avg_task_cost_vs_number_of_task": [
    1255.5, 
    854.25, 
    773.8333333333334, 
    718.875, 
    681, 
    608, 
    521.1428571428571, 
    456, 
    406.72222222222234, 
    408.6000000000001, 
    382.77272727272737, 
    338.5833333333333, 
    318.4230769230769, 
    300.75000000000006, 
    280.70000000000005, 
    263.15625000000006, 
    275.5882352941177, 
    260.2777777777778, 
    246.28947368421058, 
    247.57500000000005, 
    283.3809523809524, 
    244.22727272727278, 
    213.58695652173918, 
    279.27083333333337, 
    247.14, 
    236.01923076923077, 
    197.6851851851852, 
    209.625, 
    210.7931034482759, 
    232.5666666666667
   ], 
   "number_of_vehicles": 5
  }
 ], 
 "vehicle_starting_positions": [
  "Amsterdam", 
  "Rotterdam", 
  "Den Haag", 
  "Utrecht", 
  "Eindhoven", 
  "Almere", 
  "Groningen", 
  "Nijmegen", 
  "Breda", 
  "Apeldoorn"
 ], 
 "task_distribution": {
  "distance_matrix": [
   [
    0, 
    90.6, 
    65.2, 
    45.6, 
    137.5, 
    31.9, 
    185.9, 
    132, 
    119.1, 
    90.2
   ], 
   [
    90.6, 
    0, 
    25.4, 
    62.3, 
    110.8, 
    105.6, 
    259.6, 
    112, 
    48.6, 
    129.3
   ], 
   [
    65.2, 
    25.4, 
    0, 
    87.7, 
    136.2, 
    97.1, 
    251.1, 
    137.4, 
    74, 
    154.7
   ], 
   [
    45.6, 
    62.3, 
    87.7, 
    0, 
    91.9, 
    43.3, 
    197.3, 
    86.4, 
    73.5, 
    67
   ], 
   [
    137.5, 
    110.8, 
    136.2, 
    91.9, 
    0, 
    135.2, 
    268.3, 
    70.2, 
    62.2, 
    127.3
   ], 
   [
    31.9, 
    105.6, 
    97.1, 
    43.3, 
    135.2, 
    0, 
    154, 
    129.7, 
    116.8, 
    80.1
   ], 
   [
    185.9, 
    259.6, 
    251.1, 
    197.3, 
    268.3, 
    154, 
    0, 
    198.1, 
    270.8, 
    141
   ], 
   [
    132, 
    112, 
    137.4, 
    86.4, 
    70.2, 
    129.7, 
    198.1, 
    0, 
    96.2, 
    57.1
   ], 
   [
    119.1, 
    48.6, 
    74, 
    73.5, 
    62.2, 
    116.8, 
    270.8, 
    96.2, 
    0, 
    140.5
   ], 
   [
    90.2, 
    129.3, 
    154.7, 
    67, 
    127.3, 
    80.1, 
    141, 
    57.1, 
    140.5, 
    0
   ]
  ], 
  "weight_matrix": [
   [
    0, 
    3, 
    3, 
    3, 
    3, 
    3, 
    3, 
    3, 
    3, 
    3
   ], 
   [
    3, 
    0, 
    3, 
    3, 
    3, 
    3, 
    3, 
    3, 
    3, 
    3
   ], 
   [
    3, 
    3, 
    0, 
    3, 
    3, 
    3, 
    3, 
    3, 
    3, 
    3
   ], 
   [
    3, 
    3, 
    3, 
    0, 
    3, 
    3, 
    3, 
    3, 
    3, 
    3
   ], 
   [
    3, 
    3, 
    3, 
    3, 
    0, 
    3, 
    3, 
    3, 
    3, 
    3
   ], 
   [
    3, 
    3, 
    3, 
    3, 
    3, 
    0, 
    3, 
    3, 
    3, 
    3
   ], 
   [
    3, 
    3, 
    3, 
    3, 
    3, 
    3, 
    0, 
    3, 
    3, 
    3
   ], 
   [
    3, 
    3, 
    3, 
    3, 
    3, 
    3, 
    3, 
    0, 
    3, 
    3
   ], 
   [
    3, 
    3, 
    3, 
    3, 
    3, 
    3, 
    3, 
    3, 
    0, 
    3
   ], 
   [
    3, 
    3, 
    3, 
    3, 
    3, 
    3, 
    3, 
    3, 
    3, 
    0
   ]
  ], 
  "city_names": [
   "Amsterdam", 
   "Rotterdam", 
   "Den Haag", 
   "Utrecht", 
   "Eindhoven", 
   "Almere", 
   "Groningen", 
   "Nijmegen", 
   "Breda", 
   "Apeldoorn"
  ], 
  "reward_matrix": [
   [
    0, 
    73456, 
    83796, 
    91775, 
    54364, 
    97352, 
    34661, 
    56603, 
    61855, 
    73619
   ], 
   [
    73456, 
    0, 
    99999, 
    84977, 
    65233, 
    67350, 
    4659, 
    64745, 
    90554, 
    57702
   ], 
   [
    83796, 
    99999, 
    0, 
    74637, 
    54893, 
    70810, 
    8119, 
    54405, 
    80214, 
    47362
   ], 
   [
    91775, 
    84977, 
    74637, 
    0, 
    72927, 
    92712, 
    30020, 
    75166, 
    80418, 
    83064
   ], 
   [
    54364, 
    65233, 
    54893, 
    72927, 
    0, 
    55300, 
    1117, 
    81761, 
    85018, 
    58516
   ], 
   [
    97352, 
    67350, 
    70810, 
    92712, 
    55300, 
    0, 
    47647, 
    57539, 
    62791, 
    77731
   ], 
   [
    34661, 
    4659, 
    8119, 
    30020, 
    1117, 
    47647, 
    0, 
    29695, 
    100, 
    52939
   ], 
   [
    56603, 
    64745, 
    54405, 
    75166, 
    81761, 
    57539, 
    29695, 
    0, 
    71177, 
    87094
   ], 
   [
    61855, 
    90554, 
    80214, 
    80418, 
    85018, 
    62791, 
    100, 
    71177, 
    0, 
    53143
   ], 
   [
    73619, 
    57702, 
    47362, 
    83064, 
    58516, 
    77731, 
    52939, 
    87094, 
    53143, 
    0
   ]
  ], 
  "probability_matrix": [
   [
    0, 
    0.1508800774903654, 
    0.08560430527782224, 
    0.10666129794828831, 
    0.15423484990059388, 
    0.103570878715661, 
    0.14077951468738636, 
    0.057521754805057515, 
    0.14527543167296963, 
    0.055471889501855706
   ], 
   [
    0.1521571043481797, 
    0, 
    0.1101731631927027, 
    0.03908576717943709, 
    0.08580613968880468, 
    0.10592160847648369, 
    0.1157754201266369, 
    0.14583861993446048, 
    0.163585164488076, 
    0.08165701256521873
   ], 
   [
    0.04963558549465726, 
    0.11051476501048066, 
    0, 
    0.13383016691822275, 
    0.1181866267078755, 
    0.07747665776547354, 
    0.14674173071506247, 
    0.1437889809415046, 
    0.0731259720288137, 
    0.1466995144179096
   ], 
   [
    0.1279967531117333, 
    0.006671230159943721, 
    0.07815623260248467, 
    0, 
    0.2076249464116015, 
    0.21221513160986824, 
    0.144264880198161, 
    0.0019482723095959845, 
    0.14649775373574794, 
    0.07462479986086376
   ], 
   [
    0.22802769614744173, 
    0.09767701414546613, 
    0.15536746399577242, 
    0.03785823432418336, 
    0, 
    0.0013355958031570185, 
    0.024775830515166936, 
    0.15372826670806755, 
    0.21577665966845372, 
    0.08545323869229106
   ], 
   [
    0.026574529738380363, 
    0.15411376312621095, 
    0.16170578916573725, 
    0.053458455405711675, 
    0.20168176275817348, 
    0, 
    0.11103300434278775, 
    0.027098210928277838, 
    0.06112850533834125, 
    0.20320597919637942
   ], 
   [
    0.15888569796721574, 
    0.19488355087934822, 
    0.025701580047849858, 
    0.08119582174732727, 
    0.17462909957839726, 
    0.11574527238616084, 
    0, 
    0.05915943118923006, 
    0.06010967825868425, 
    0.12968986794578655
   ], 
   [
    0.043164323824892, 
    0.04672834199185528, 
    0.17459338005933484, 
    0.27508213557611905, 
    0.06603855342788001, 
    0.2249190926157735, 
    0.0064506795767722246, 
    0, 
    0.1564219647999714, 
    0.006601528127401907
   ], 
   [
    0.14263569106204635, 
    0.14225750723339783, 
    0.12982315780705445, 
    0.2273876965397125, 
    0.059075918527624824, 
    0.13516799923653125, 
    0.061299490957605535, 
    0.07933776001618123, 
    0, 
    0.02301477861984601
   ], 
   [
    0.006408468792145501, 
    0.03860790821577576, 
    0.15640722564793544, 
    0.10670919852235412, 
    0.05643593660349392, 
    0.17284753846305864, 
    0.10038703737076092, 
    0.20855237879629, 
    0.15364430758818579, 
    0
   ]
  ]
 }, 
 "vehicle_capacities": [
  5, 
  5, 
  25, 
  25, 
  25, 
  30, 
  30, 
  30, 
  30, 
  30
 ]
}