{
 "vehicle_cost_per_km": [
  15, 
  10, 
  15, 
  5, 
  5, 
  5, 
  5, 
  5, 
  5, 
  5
 ], 
 "runs": [
  {
   "avg_task_cost_vs_number_of_task": [
    1891, 
    945.5, 
    818.3333333333331, 
    781.25, 
    693.4, 
    833, 
    964, 
    843.5, 
    783.3333333333334, 
    705, 
    737.181818181818, 
    637.3333333333334, 
    782.6923076923077, 
    572.9999999999999, 
    667.0666666666667, 
    672.6249999999999, 
    651.9411764705883, 
    601.8333333333331, 
    600.5263157894736, 
    725.3999999999999, 
    622.5238095238095, 
    788.9318181818181, 
    635.6521739130434, 
    650.75, 
    616.2799999999997, 
    594.2692307692307, 
    601.3703703703703, 
    642.8571428571429, 
    661.551724137931, 
    671.9333333333332
   ], 
   "number_of_vehicles": 3
  }
 ], 
 "vehicle_starting_positions": [
  "Amsterdam", 
  "Rotterdam", 
  "Den Haag", 
  "Utrecht", 
  "Eindhoven", 
  "Almere", 
  "Groningen", 
  "Nijmegen", 
  "Breda", 
  "Apeldoorn"
 ], 
 "task_distribution": {
  "distance_matrix": [
   [
    0, 
    90.6, 
    65.2, 
    45.6, 
    137.5, 
    31.9, 
    185.9, 
    132, 
    119.1, 
    90.2
   ], 
   [
    90.6, 
    0, 
    25.4, 
    62.3, 
    110.8, 
    105.6, 
    259.6, 
    112, 
    48.6, 
    129.3
   ], 
   [
    65.2, 
    25.4, 
    0, 
    87.7, 
    136.2, 
    97.1, 
    251.1, 
    137.4, 
    74, 
    154.7
   ], 
   [
    45.6, 
    62.3, 
    87.7, 
    0, 
    91.9, 
    43.3, 
    197.3, 
    86.4, 
    73.5, 
    67
   ], 
   [
    137.5, 
    110.8, 
    136.2, 
    91.9, 
    0, 
    135.2, 
    268.3, 
    70.2, 
    62.2, 
    127.3
   ], 
   [
    31.9, 
    105.6, 
    97.1, 
    43.3, 
    135.2, 
    0, 
    154, 
    129.7, 
    116.8, 
    80.1
   ], 
   [
    185.9, 
    259.6, 
    251.1, 
    197.3, 
    268.3, 
    154, 
    0, 
    198.1, 
    270.8, 
    141
   ], 
   [
    132, 
    112, 
    137.4, 
    86.4, 
    70.2, 
    129.7, 
    198.1, 
    0, 
    96.2, 
    57.1
   ], 
   [
    119.1, 
    48.6, 
    74, 
    73.5, 
    62.2, 
    116.8, 
    270.8, 
    96.2, 
    0, 
    140.5
   ], 
   [
    90.2, 
    129.3, 
    154.7, 
    67, 
    127.3, 
    80.1, 
    141, 
    57.1, 
    140.5, 
    0
   ]
  ], 
  "weight_matrix": [
   [
    0, 
    3, 
    3, 
    3, 
    3, 
    3, 
    3, 
    3, 
    3, 
    3
   ], 
   [
    3, 
    0, 
    3, 
    3, 
    3, 
    3, 
    3, 
    3, 
    3, 
    3
   ], 
   [
    3, 
    3, 
    0, 
    3, 
    3, 
    3, 
    3, 
    3, 
    3, 
    3
   ], 
   [
    3, 
    3, 
    3, 
    0, 
    3, 
    3, 
    3, 
    3, 
    3, 
    3
   ], 
   [
    3, 
    3, 
    3, 
    3, 
    0, 
    3, 
    3, 
    3, 
    3, 
    3
   ], 
   [
    3, 
    3, 
    3, 
    3, 
    3, 
    0, 
    3, 
    3, 
    3, 
    3
   ], 
   [
    3, 
    3, 
    3, 
    3, 
    3, 
    3, 
    0, 
    3, 
    3, 
    3
   ], 
   [
    3, 
    3, 
    3, 
    3, 
    3, 
    3, 
    3, 
    0, 
    3, 
    3
   ], 
   [
    3, 
    3, 
    3, 
    3, 
    3, 
    3, 
    3, 
    3, 
    0, 
    3
   ], 
   [
    3, 
    3, 
    3, 
    3, 
    3, 
    3, 
    3, 
    3, 
    3, 
    0
   ]
  ], 
  "city_names": [
   "Amsterdam", 
   "Rotterdam", 
   "Den Haag", 
   "Utrecht", 
   "Eindhoven", 
   "Almere", 
   "Groningen", 
   "Nijmegen", 
   "Breda", 
   "Apeldoorn"
  ], 
  "reward_matrix": [
   [
    0, 
    73456, 
    83796, 
    91775, 
    54364, 
    97352, 
    34661, 
    56603, 
    61855, 
    73619
   ], 
   [
    73456, 
    0, 
    99999, 
    84977, 
    65233, 
    67350, 
    4659, 
    64745, 
    90554, 
    57702
   ], 
   [
    83796, 
    99999, 
    0, 
    74637, 
    54893, 
    70810, 
    8119, 
    54405, 
    80214, 
    47362
   ], 
   [
    91775, 
    84977, 
    74637, 
    0, 
    72927, 
    92712, 
    30020, 
    75166, 
    80418, 
    83064
   ], 
   [
    54364, 
    65233, 
    54893, 
    72927, 
    0, 
    55300, 
    1117, 
    81761, 
    85018, 
    58516
   ], 
   [
    97352, 
    67350, 
    70810, 
    92712, 
    55300, 
    0, 
    47647, 
    57539, 
    62791, 
    77731
   ], 
   [
    34661, 
    4659, 
    8119, 
    30020, 
    1117, 
    47647, 
    0, 
    29695, 
    100, 
    52939
   ], 
   [
    56603, 
    64745, 
    54405, 
    75166, 
    81761, 
    57539, 
    29695, 
    0, 
    71177, 
    87094
   ], 
   [
    61855, 
    90554, 
    80214, 
    80418, 
    85018, 
    62791, 
    100, 
    71177, 
    0, 
    53143
   ], 
   [
    73619, 
    57702, 
    47362, 
    83064, 
    58516, 
    77731, 
    52939, 
    87094, 
    53143, 
    0
   ]
  ], 
  "probability_matrix": [
   [
    0, 
    0.10425264004040938, 
    0.06885169256185678, 
    0.022192116120789335, 
    0.1494242515256803, 
    0.1486005447444976, 
    0.16280618256794008, 
    0.17681561020555256, 
    0.03815289109278627, 
    0.12890407114048757
   ], 
   [
    0.004224385282069489, 
    0, 
    0.19541586715874656, 
    0.2277364780403007, 
    0.157678810964764, 
    0.09333199592718795, 
    0.05481931031147474, 
    0.03429362130051628, 
    0.05800830108855992, 
    0.17449122992638053
   ], 
   [
    0.10796616609207116, 
    0.04629795187040399, 
    0, 
    0.22783678595459933, 
    0.07288131144145958, 
    0.2228881853217681, 
    0.1704382364985151, 
    0.05776199800559294, 
    0.09030681191286857, 
    0.0036225529027213836
   ], 
   [
    0.20943940961382104, 
    0.14993679266074594, 
    0.005728891238788709, 
    0, 
    0.0394560849131416, 
    0.05582401425025573, 
    0.0809171804622776, 
    0.21996305553621756, 
    0.1922004109464796, 
    0.0465341603782724
   ], 
   [
    0.13102418293041085, 
    0.08337133822782145, 
    0.05209897120039213, 
    0.0384471725310256, 
    0, 
    0.07284629067046419, 
    0.12545533006599235, 
    0.2522936085461227, 
    0.06509684315352174, 
    0.17936626267424913
   ], 
   [
    0.05496825199771215, 
    0.14032284934904024, 
    0.08053789337327175, 
    0.14929641619236278, 
    0.13689141451223957, 
    0, 
    0.12632404055609964, 
    0.09908871811751843, 
    0.1163875582418547, 
    0.09618285765990077
   ], 
   [
    0.15612426426871753, 
    0.11064971787760099, 
    0.10579500447596743, 
    0.029847946734618477, 
    0.025170901234904838, 
    0.09673089495054996, 
    0, 
    0.20107534570840246, 
    0.038487870942312846, 
    0.23611805380692527
   ], 
   [
    0.19660326877150897, 
    0.05878311779146108, 
    0.14539143756575768, 
    0.13201614923319094, 
    0.09242073987096844, 
    0.04831857291294549, 
    0.06839387043121169, 
    0, 
    0.155819816503231, 
    0.10225302691972468
   ], 
   [
    0.14540728595143187, 
    0.043875635732613646, 
    0.011250376496960394, 
    0.05898173662799087, 
    0.14716421803664187, 
    0.1471233280509266, 
    0.10296925865488897, 
    0.18504528414791008, 
    0, 
    0.15818287630063563
   ], 
   [
    0.16316421087804653, 
    0.06598681812718608, 
    0.15691383706290052, 
    0.13158976161658678, 
    0.1501247521745044, 
    0.03279185251357704, 
    0.06951288479075635, 
    0.10980520627350258, 
    0.12011067656293994, 
    0
   ]
  ]
 }, 
 "vehicle_capacities": [
  15, 
  15, 
  15, 
  5, 
  20, 
  30, 
  30, 
  30, 
  30, 
  30
 ]
}