{
 "vehicle_cost_per_km": [
  5, 
  5, 
  5, 
  5, 
  5
 ], 
 "runs": [
  {
   "avg_task_cost_vs_number_of_task": [
    216.5, 
    448.75, 
    1003.0000000000001, 
    830.1250000000002, 
    664.1000000000001, 
    581.9166666666667, 
    498.78571428571433, 
    453.12500000000006, 
    387.9444444444445, 
    361.85, 
    391.72727272727275, 
    397.0833333333333, 
    366.53846153846155, 
    351.82142857142856, 
    350.5666666666668, 
    309.1875, 
    292.02941176470586, 
    320.44444444444446, 
    320.2894736842105, 
    293.85, 
    283.2380952380952, 
    258.4318181818182, 
    290.695652173913, 
    296.7708333333333, 
    280.06000000000006, 
    278.4807692307692, 
    260.962962962963, 
    229.39285714285717, 
    243.68965517241378, 
    262.51666666666665
   ], 
   "number_of_vehicles": 5
  }
 ], 
 "vehicle_starting_positions": [
  "Amsterdam", 
  "Rotterdam", 
  "Den Haag", 
  "Utrecht", 
  "Eindhoven", 
  "Almere", 
  "Groningen", 
  "Nijmegen", 
  "Breda", 
  "Apeldoorn"
 ], 
 "task_distribution": {
  "distance_matrix": [
   [
    0, 
    90.6, 
    65.2, 
    45.6, 
    137.5, 
    31.9, 
    185.9, 
    132, 
    119.1, 
    90.2
   ], 
   [
    90.6, 
    0, 
    25.4, 
    62.3, 
    110.8, 
    105.6, 
    259.6, 
    112, 
    48.6, 
    129.3
   ], 
   [
    65.2, 
    25.4, 
    0, 
    87.7, 
    136.2, 
    97.1, 
    251.1, 
    137.4, 
    74, 
    154.7
   ], 
   [
    45.6, 
    62.3, 
    87.7, 
    0, 
    91.9, 
    43.3, 
    197.3, 
    86.4, 
    73.5, 
    67
   ], 
   [
    137.5, 
    110.8, 
    136.2, 
    91.9, 
    0, 
    135.2, 
    268.3, 
    70.2, 
    62.2, 
    127.3
   ], 
   [
    31.9, 
    105.6, 
    97.1, 
    43.3, 
    135.2, 
    0, 
    154, 
    129.7, 
    116.8, 
    80.1
   ], 
   [
    185.9, 
    259.6, 
    251.1, 
    197.3, 
    268.3, 
    154, 
    0, 
    198.1, 
    270.8, 
    141
   ], 
   [
    132, 
    112, 
    137.4, 
    86.4, 
    70.2, 
    129.7, 
    198.1, 
    0, 
    96.2, 
    57.1
   ], 
   [
    119.1, 
    48.6, 
    74, 
    73.5, 
    62.2, 
    116.8, 
    270.8, 
    96.2, 
    0, 
    140.5
   ], 
   [
    90.2, 
    129.3, 
    154.7, 
    67, 
    127.3, 
    80.1, 
    141, 
    57.1, 
    140.5, 
    0
   ]
  ], 
  "weight_matrix": [
   [
    0, 
    3, 
    3, 
    3, 
    3, 
    3, 
    3, 
    3, 
    3, 
    3
   ], 
   [
    3, 
    0, 
    3, 
    3, 
    3, 
    3, 
    3, 
    3, 
    3, 
    3
   ], 
   [
    3, 
    3, 
    0, 
    3, 
    3, 
    3, 
    3, 
    3, 
    3, 
    3
   ], 
   [
    3, 
    3, 
    3, 
    0, 
    3, 
    3, 
    3, 
    3, 
    3, 
    3
   ], 
   [
    3, 
    3, 
    3, 
    3, 
    0, 
    3, 
    3, 
    3, 
    3, 
    3
   ], 
   [
    3, 
    3, 
    3, 
    3, 
    3, 
    0, 
    3, 
    3, 
    3, 
    3
   ], 
   [
    3, 
    3, 
    3, 
    3, 
    3, 
    3, 
    0, 
    3, 
    3, 
    3
   ], 
   [
    3, 
    3, 
    3, 
    3, 
    3, 
    3, 
    3, 
    0, 
    3, 
    3
   ], 
   [
    3, 
    3, 
    3, 
    3, 
    3, 
    3, 
    3, 
    3, 
    0, 
    3
   ], 
   [
    3, 
    3, 
    3, 
    3, 
    3, 
    3, 
    3, 
    3, 
    3, 
    0
   ]
  ], 
  "city_names": [
   "Amsterdam", 
   "Rotterdam", 
   "Den Haag", 
   "Utrecht", 
   "Eindhoven", 
   "Almere", 
   "Groningen", 
   "Nijmegen", 
   "Breda", 
   "Apeldoorn"
  ], 
  "reward_matrix": [
   [
    0, 
    73456, 
    83796, 
    91775, 
    54364, 
    97352, 
    34661, 
    56603, 
    61855, 
    73619
   ], 
   [
    73456, 
    0, 
    99999, 
    84977, 
    65233, 
    67350, 
    4659, 
    64745, 
    90554, 
    57702
   ], 
   [
    83796, 
    99999, 
    0, 
    74637, 
    54893, 
    70810, 
    8119, 
    54405, 
    80214, 
    47362
   ], 
   [
    91775, 
    84977, 
    74637, 
    0, 
    72927, 
    92712, 
    30020, 
    75166, 
    80418, 
    83064
   ], 
   [
    54364, 
    65233, 
    54893, 
    72927, 
    0, 
    55300, 
    1117, 
    81761, 
    85018, 
    58516
   ], 
   [
    97352, 
    67350, 
    70810, 
    92712, 
    55300, 
    0, 
    47647, 
    57539, 
    62791, 
    77731
   ], 
   [
    34661, 
    4659, 
    8119, 
    30020, 
    1117, 
    47647, 
    0, 
    29695, 
    100, 
    52939
   ], 
   [
    56603, 
    64745, 
    54405, 
    75166, 
    81761, 
    57539, 
    29695, 
    0, 
    71177, 
    87094
   ], 
   [
    61855, 
    90554, 
    80214, 
    80418, 
    85018, 
    62791, 
    100, 
    71177, 
    0, 
    53143
   ], 
   [
    73619, 
    57702, 
    47362, 
    83064, 
    58516, 
    77731, 
    52939, 
    87094, 
    53143, 
    0
   ]
  ], 
  "probability_matrix": [
   [
    0, 
    0.19013413694333986, 
    0.07515327056219565, 
    0.05697903866211426, 
    0.12275970333057445, 
    0.07940995695329464, 
    0.01911067071819551, 
    0.19006352127280626, 
    0.12669757569537715, 
    0.1396921258621021
   ], 
   [
    0.16706077666341865, 
    0, 
    0.04716523223018123, 
    0.04002286844932338, 
    0.15305606325886867, 
    0.16689674207967303, 
    0.03265529251299129, 
    0.16952102133918442, 
    0.1512966960165765, 
    0.07232530744978276
   ], 
   [
    0.1275622210499827, 
    0.20102495685366795, 
    0, 
    0.06695644700961148, 
    0.05701894283124493, 
    0.15053408210740263, 
    0.003011727648098038, 
    0.09460845828833947, 
    0.08599707488655416, 
    0.21328608932509874
   ], 
   [
    0.05836043560336521, 
    0.004653848438326397, 
    0.11987559588363415, 
    0, 
    0.07232205887220122, 
    0.1531537501295689, 
    0.2513429162375985, 
    0.21468358751963984, 
    0.10695221482446285, 
    0.01865559249120294
   ], 
   [
    0.11986050751081974, 
    0.13836976644830074, 
    0.20235913415744622, 
    0.035032589515291285, 
    0, 
    0.06701796267939787, 
    0.042954510730429475, 
    0.13145370101132542, 
    0.18737556072545897, 
    0.07557626722153034
   ], 
   [
    0.01607717692400774, 
    0.18958229683670713, 
    0.005867818826473503, 
    0.1861960908331906, 
    0.001900613322284801, 
    0, 
    0.19536146456655326, 
    0.0894040107474325, 
    0.1867303957975926, 
    0.12888013214575772
   ], 
   [
    0.0848260154966217, 
    0.14168377639848953, 
    0.18066407197649248, 
    0.09085058644903482, 
    0.1076331199069936, 
    0.10906182249431132, 
    0, 
    0.1172007728151917, 
    0.12583197916537053, 
    0.042247855297494245
   ], 
   [
    0.10781469409907643, 
    0.04336987229347063, 
    0.08881184451175556, 
    0.06522265585862269, 
    0.11062300319194328, 
    0.17635001849442483, 
    0.09687908119475026, 
    0, 
    0.13226246232018726, 
    0.17866636803576907
   ], 
   [
    0.12058496033854749, 
    0.054578677636625314, 
    0.002037823647618273, 
    0.16511441937598165, 
    0.20212117376767552, 
    0.18980797626935425, 
    0.1413977332315441, 
    0.10550828456915928, 
    0, 
    0.018848951163494203
   ], 
   [
    0.23397704870595706, 
    0.21171818504978288, 
    0.08670019765170772, 
    0.041611974402088636, 
    0.08920887434257894, 
    0.07290059609642102, 
    0.042157436367752855, 
    0.020172405873690662, 
    0.2015532815100203, 
    0
   ]
  ]
 }, 
 "vehicle_capacities": [
  15, 
  20, 
  30, 
  30, 
  30, 
  30, 
  30, 
  30, 
  30, 
  30
 ]
}