{
 "vehicle_cost_per_km": [
  5, 
  5, 
  5, 
  5, 
  5
 ], 
 "runs": [
  {
   "avg_task_cost_vs_number_of_task": [
    459.5, 
    505.50000000000006, 
    541.3333333333334, 
    406, 
    351.20000000000005, 
    344.5833333333333, 
    339.85714285714283, 
    311, 
    395.8333333333333, 
    405.7, 
    383.8636363636364, 
    324.74999999999994, 
    333.6538461538461, 
    323.85714285714295, 
    318.46666666666664, 
    307.40625, 
    277.38235294117646, 
    274.44444444444446, 
    251.578947368421, 
    255.175, 
    247.52380952380952, 
    244.5681818181818, 
    239.1304347826087, 
    248.45833333333334, 
    200.78, 
    215.8846153846154, 
    193.83333333333334, 
    218.82142857142858, 
    223.39655172413794, 
    178.36666666666665
   ], 
   "number_of_vehicles": 5
  }
 ], 
 "vehicle_starting_positions": [
  "Amsterdam", 
  "Rotterdam", 
  "Den Haag", 
  "Utrecht", 
  "Eindhoven", 
  "Almere", 
  "Groningen", 
  "Nijmegen", 
  "Breda", 
  "Apeldoorn"
 ], 
 "task_distribution": {
  "distance_matrix": [
   [
    0, 
    90.6, 
    65.2, 
    45.6, 
    137.5, 
    31.9, 
    185.9, 
    132, 
    119.1, 
    90.2
   ], 
   [
    90.6, 
    0, 
    25.4, 
    62.3, 
    110.8, 
    105.6, 
    259.6, 
    112, 
    48.6, 
    129.3
   ], 
   [
    65.2, 
    25.4, 
    0, 
    87.7, 
    136.2, 
    97.1, 
    251.1, 
    137.4, 
    74, 
    154.7
   ], 
   [
    45.6, 
    62.3, 
    87.7, 
    0, 
    91.9, 
    43.3, 
    197.3, 
    86.4, 
    73.5, 
    67
   ], 
   [
    137.5, 
    110.8, 
    136.2, 
    91.9, 
    0, 
    135.2, 
    268.3, 
    70.2, 
    62.2, 
    127.3
   ], 
   [
    31.9, 
    105.6, 
    97.1, 
    43.3, 
    135.2, 
    0, 
    154, 
    129.7, 
    116.8, 
    80.1
   ], 
   [
    185.9, 
    259.6, 
    251.1, 
    197.3, 
    268.3, 
    154, 
    0, 
    198.1, 
    270.8, 
    141
   ], 
   [
    132, 
    112, 
    137.4, 
    86.4, 
    70.2, 
    129.7, 
    198.1, 
    0, 
    96.2, 
    57.1
   ], 
   [
    119.1, 
    48.6, 
    74, 
    73.5, 
    62.2, 
    116.8, 
    270.8, 
    96.2, 
    0, 
    140.5
   ], 
   [
    90.2, 
    129.3, 
    154.7, 
    67, 
    127.3, 
    80.1, 
    141, 
    57.1, 
    140.5, 
    0
   ]
  ], 
  "weight_matrix": [
   [
    0, 
    3, 
    3, 
    3, 
    3, 
    3, 
    3, 
    3, 
    3, 
    3
   ], 
   [
    3, 
    0, 
    3, 
    3, 
    3, 
    3, 
    3, 
    3, 
    3, 
    3
   ], 
   [
    3, 
    3, 
    0, 
    3, 
    3, 
    3, 
    3, 
    3, 
    3, 
    3
   ], 
   [
    3, 
    3, 
    3, 
    0, 
    3, 
    3, 
    3, 
    3, 
    3, 
    3
   ], 
   [
    3, 
    3, 
    3, 
    3, 
    0, 
    3, 
    3, 
    3, 
    3, 
    3
   ], 
   [
    3, 
    3, 
    3, 
    3, 
    3, 
    0, 
    3, 
    3, 
    3, 
    3
   ], 
   [
    3, 
    3, 
    3, 
    3, 
    3, 
    3, 
    0, 
    3, 
    3, 
    3
   ], 
   [
    3, 
    3, 
    3, 
    3, 
    3, 
    3, 
    3, 
    0, 
    3, 
    3
   ], 
   [
    3, 
    3, 
    3, 
    3, 
    3, 
    3, 
    3, 
    3, 
    0, 
    3
   ], 
   [
    3, 
    3, 
    3, 
    3, 
    3, 
    3, 
    3, 
    3, 
    3, 
    0
   ]
  ], 
  "city_names": [
   "Amsterdam", 
   "Rotterdam", 
   "Den Haag", 
   "Utrecht", 
   "Eindhoven", 
   "Almere", 
   "Groningen", 
   "Nijmegen", 
   "Breda", 
   "Apeldoorn"
  ], 
  "reward_matrix": [
   [
    0, 
    73456, 
    83796, 
    91775, 
    54364, 
    97352, 
    34661, 
    56603, 
    61855, 
    73619
   ], 
   [
    73456, 
    0, 
    99999, 
    84977, 
    65233, 
    67350, 
    4659, 
    64745, 
    90554, 
    57702
   ], 
   [
    83796, 
    99999, 
    0, 
    74637, 
    54893, 
    70810, 
    8119, 
    54405, 
    80214, 
    47362
   ], 
   [
    91775, 
    84977, 
    74637, 
    0, 
    72927, 
    92712, 
    30020, 
    75166, 
    80418, 
    83064
   ], 
   [
    54364, 
    65233, 
    54893, 
    72927, 
    0, 
    55300, 
    1117, 
    81761, 
    85018, 
    58516
   ], 
   [
    97352, 
    67350, 
    70810, 
    92712, 
    55300, 
    0, 
    47647, 
    57539, 
    62791, 
    77731
   ], 
   [
    34661, 
    4659, 
    8119, 
    30020, 
    1117, 
    47647, 
    0, 
    29695, 
    100, 
    52939
   ], 
   [
    56603, 
    64745, 
    54405, 
    75166, 
    81761, 
    57539, 
    29695, 
    0, 
    71177, 
    87094
   ], 
   [
    61855, 
    90554, 
    80214, 
    80418, 
    85018, 
    62791, 
    100, 
    71177, 
    0, 
    53143
   ], 
   [
    73619, 
    57702, 
    47362, 
    83064, 
    58516, 
    77731, 
    52939, 
    87094, 
    53143, 
    0
   ]
  ], 
  "probability_matrix": [
   [
    0, 
    0.07899373607823187, 
    0.10474480327024417, 
    0.02047729146080477, 
    0.16560679908797432, 
    0.1769755509173346, 
    0.0044526630531774684, 
    0.16985408332950272, 
    0.19391461746687613, 
    0.08498045533585397
   ], 
   [
    0.20031436266570338, 
    0, 
    0.017533338535579777, 
    0.15760667604059084, 
    0.022615122780797053, 
    0.06172066032562124, 
    0.17412538953971135, 
    0.11431974115462526, 
    0.08677714107705532, 
    0.16498756788031588
   ], 
   [
    0.10261321478959204, 
    0.08068883093271975, 
    0, 
    0.15272496040766187, 
    0.032290416347981486, 
    0.08524436391038831, 
    0.03109385524884652, 
    0.18612454444630278, 
    0.19138031188144847, 
    0.13783950203505874
   ], 
   [
    0.2507370457619131, 
    0.014465596232835078, 
    0.030560521889457525, 
    0, 
    0.25756379623657316, 
    0.09163746341383204, 
    0.11114360938802466, 
    0.02988328788929826, 
    0.11771891805262921, 
    0.09628976113543701
   ], 
   [
    0.03195228262448843, 
    0.0761248082375427, 
    0.207164801648536, 
    0.127455616640895, 
    0, 
    0.18692958368873883, 
    0.012148907673977204, 
    0.08842066336756109, 
    0.11483365049751257, 
    0.15496968562074806
   ], 
   [
    0.1370964467065914, 
    0.08514256419158903, 
    0.08881880095533584, 
    0.15941090639370795, 
    0.007921528753397704, 
    0, 
    0.04064877519236654, 
    0.13272884295601212, 
    0.15435708981519383, 
    0.1938750450358056
   ], 
   [
    0.06306416256928972, 
    0.16702077389872105, 
    0.05573453896506426, 
    0.07480492618298278, 
    0.05367847299880792, 
    0.03729190536885926, 
    0, 
    0.15378494982342567, 
    0.2563885227683263, 
    0.13823174742452318
   ], 
   [
    0.20601858997008982, 
    0.16812391802174587, 
    0.22156091846565834, 
    0.013453449587794299, 
    0.029030399440017816, 
    0.1537774646550949, 
    0.004923177296362895, 
    0, 
    0.17828024510649712, 
    0.024831837456738802
   ], 
   [
    0.12376485374574922, 
    0.09417763891158284, 
    0.11358350747247378, 
    0.08262513856028063, 
    0.13180814112997163, 
    0.16073563378470518, 
    0.11611282012026146, 
    0.03881894915022193, 
    0, 
    0.13837331712475343
   ], 
   [
    0.006749783399100808, 
    0.09138962301819006, 
    0.11201632469172704, 
    0.07075830453135934, 
    0.1919554430581813, 
    0.1250540554764228, 
    0.09371651027065582, 
    0.0564080453963411, 
    0.25195191015802176, 
    0
   ]
  ]
 }, 
 "vehicle_capacities": [
  5, 
  5, 
  25, 
  25, 
  30, 
  30, 
  30, 
  30, 
  30, 
  30
 ]
}