{
 "vehicle_cost_per_km": [
  5, 
  5, 
  5, 
  5, 
  5
 ], 
 "runs": [
  {
   "avg_task_cost_vs_number_of_task": [
    838.5, 
    493.25, 
    413.8333333333333, 
    440.625, 
    398.1, 
    362.8333333333333, 
    335.2857142857143, 
    311.8125, 
    309.6666666666667, 
    289.85, 
    259.04545454545456, 
    335.4583333333333, 
    285.7307692307692, 
    289.42857142857144, 
    262.06666666666666, 
    298.34375, 
    289.7647058823529, 
    239.22222222222223, 
    239.26315789473685, 
    261.3, 
    205.78571428571428, 
    257.8636363636364, 
    239.19565217391303, 
    249.1875, 
    226.76000000000005, 
    233.19230769230774, 
    237.05555555555554, 
    226.98214285714292, 
    233.18965517241375, 
    205.88333333333338
   ], 
   "number_of_vehicles": 5
  }
 ], 
 "vehicle_starting_positions": [
  "Amsterdam", 
  "Rotterdam", 
  "Den Haag", 
  "Utrecht", 
  "Eindhoven", 
  "Almere", 
  "Groningen", 
  "Nijmegen", 
  "Breda", 
  "Apeldoorn"
 ], 
 "task_distribution": {
  "distance_matrix": [
   [
    0, 
    90.6, 
    65.2, 
    45.6, 
    137.5, 
    31.9, 
    185.9, 
    132, 
    119.1, 
    90.2
   ], 
   [
    90.6, 
    0, 
    25.4, 
    62.3, 
    110.8, 
    105.6, 
    259.6, 
    112, 
    48.6, 
    129.3
   ], 
   [
    65.2, 
    25.4, 
    0, 
    87.7, 
    136.2, 
    97.1, 
    251.1, 
    137.4, 
    74, 
    154.7
   ], 
   [
    45.6, 
    62.3, 
    87.7, 
    0, 
    91.9, 
    43.3, 
    197.3, 
    86.4, 
    73.5, 
    67
   ], 
   [
    137.5, 
    110.8, 
    136.2, 
    91.9, 
    0, 
    135.2, 
    268.3, 
    70.2, 
    62.2, 
    127.3
   ], 
   [
    31.9, 
    105.6, 
    97.1, 
    43.3, 
    135.2, 
    0, 
    154, 
    129.7, 
    116.8, 
    80.1
   ], 
   [
    185.9, 
    259.6, 
    251.1, 
    197.3, 
    268.3, 
    154, 
    0, 
    198.1, 
    270.8, 
    141
   ], 
   [
    132, 
    112, 
    137.4, 
    86.4, 
    70.2, 
    129.7, 
    198.1, 
    0, 
    96.2, 
    57.1
   ], 
   [
    119.1, 
    48.6, 
    74, 
    73.5, 
    62.2, 
    116.8, 
    270.8, 
    96.2, 
    0, 
    140.5
   ], 
   [
    90.2, 
    129.3, 
    154.7, 
    67, 
    127.3, 
    80.1, 
    141, 
    57.1, 
    140.5, 
    0
   ]
  ], 
  "weight_matrix": [
   [
    0, 
    3, 
    3, 
    3, 
    3, 
    3, 
    3, 
    3, 
    3, 
    3
   ], 
   [
    3, 
    0, 
    3, 
    3, 
    3, 
    3, 
    3, 
    3, 
    3, 
    3
   ], 
   [
    3, 
    3, 
    0, 
    3, 
    3, 
    3, 
    3, 
    3, 
    3, 
    3
   ], 
   [
    3, 
    3, 
    3, 
    0, 
    3, 
    3, 
    3, 
    3, 
    3, 
    3
   ], 
   [
    3, 
    3, 
    3, 
    3, 
    0, 
    3, 
    3, 
    3, 
    3, 
    3
   ], 
   [
    3, 
    3, 
    3, 
    3, 
    3, 
    0, 
    3, 
    3, 
    3, 
    3
   ], 
   [
    3, 
    3, 
    3, 
    3, 
    3, 
    3, 
    0, 
    3, 
    3, 
    3
   ], 
   [
    3, 
    3, 
    3, 
    3, 
    3, 
    3, 
    3, 
    0, 
    3, 
    3
   ], 
   [
    3, 
    3, 
    3, 
    3, 
    3, 
    3, 
    3, 
    3, 
    0, 
    3
   ], 
   [
    3, 
    3, 
    3, 
    3, 
    3, 
    3, 
    3, 
    3, 
    3, 
    0
   ]
  ], 
  "city_names": [
   "Amsterdam", 
   "Rotterdam", 
   "Den Haag", 
   "Utrecht", 
   "Eindhoven", 
   "Almere", 
   "Groningen", 
   "Nijmegen", 
   "Breda", 
   "Apeldoorn"
  ], 
  "reward_matrix": [
   [
    0, 
    73456, 
    83796, 
    91775, 
    54364, 
    97352, 
    34661, 
    56603, 
    61855, 
    73619
   ], 
   [
    73456, 
    0, 
    99999, 
    84977, 
    65233, 
    67350, 
    4659, 
    64745, 
    90554, 
    57702
   ], 
   [
    83796, 
    99999, 
    0, 
    74637, 
    54893, 
    70810, 
    8119, 
    54405, 
    80214, 
    47362
   ], 
   [
    91775, 
    84977, 
    74637, 
    0, 
    72927, 
    92712, 
    30020, 
    75166, 
    80418, 
    83064
   ], 
   [
    54364, 
    65233, 
    54893, 
    72927, 
    0, 
    55300, 
    1117, 
    81761, 
    85018, 
    58516
   ], 
   [
    97352, 
    67350, 
    70810, 
    92712, 
    55300, 
    0, 
    47647, 
    57539, 
    62791, 
    77731
   ], 
   [
    34661, 
    4659, 
    8119, 
    30020, 
    1117, 
    47647, 
    0, 
    29695, 
    100, 
    52939
   ], 
   [
    56603, 
    64745, 
    54405, 
    75166, 
    81761, 
    57539, 
    29695, 
    0, 
    71177, 
    87094
   ], 
   [
    61855, 
    90554, 
    80214, 
    80418, 
    85018, 
    62791, 
    100, 
    71177, 
    0, 
    53143
   ], 
   [
    73619, 
    57702, 
    47362, 
    83064, 
    58516, 
    77731, 
    52939, 
    87094, 
    53143, 
    0
   ]
  ], 
  "probability_matrix": [
   [
    0, 
    0.09654411339624537, 
    0.029016859778630756, 
    0.15640808815284316, 
    0.16365099334672054, 
    0.11155160968005084, 
    0.02193099337045018, 
    0.11335276982704623, 
    0.1610470595944355, 
    0.14649751285357743
   ], 
   [
    0.0572093705961661, 
    0, 
    0.04876947210055414, 
    0.13606841119371965, 
    0.18608212229485066, 
    0.1939622690026843, 
    0.08617416479933447, 
    0.03908530451716832, 
    0.14180946642338546, 
    0.11083941907213675
   ], 
   [
    0.15487424914271516, 
    0.09006479782972113, 
    0, 
    0.14992623190975973, 
    0.006824353672119463, 
    0.095667352468482, 
    0.2056483773094043, 
    0.1482320633733249, 
    0.08163778238828343, 
    0.06712479190618985
   ], 
   [
    0.06307755280033275, 
    0.09300658582287005, 
    0.1284006305055839, 
    0, 
    0.10705143640646883, 
    0.07503914536899911, 
    0.1626929633185167, 
    0.12277458709644572, 
    0.10291637428827687, 
    0.14504072439250607
   ], 
   [
    0.2478752529716594, 
    0.13514279366199944, 
    0.032886244342653144, 
    0.06946825945532184, 
    0, 
    0.13224519105680382, 
    0.027398976309827492, 
    0.10581994231967796, 
    0.09334229066623098, 
    0.15582104921582596
   ], 
   [
    0.12907541501784958, 
    0.03360587701175926, 
    0.15006519901527904, 
    0.1479395896463391, 
    0.13103391666578443, 
    0, 
    0.09293752861221843, 
    0.12335799649135043, 
    0.11689686737987995, 
    0.07508761015953973
   ], 
   [
    0.08270940058155357, 
    0.1500907176653818, 
    0.07004251782816123, 
    0.010952485437730832, 
    0.013795794623653839, 
    0.005646070656132026, 
    0, 
    0.20685877878982595, 
    0.042161028919379, 
    0.41774320549818195
   ], 
   [
    0.19241662253601727, 
    0.09638988332637395, 
    0.09728420886076096, 
    0.10623672296114293, 
    0.11130841230557892, 
    0.15043256783319497, 
    0.0520274222222203, 
    0, 
    0.03625445646181087, 
    0.15764970349289992
   ], 
   [
    0.16777677637484278, 
    0.1234400224589924, 
    0.13712950077638947, 
    0.021249780330947866, 
    0.08155552177708691, 
    0.08956864329059004, 
    0.17494212504440199, 
    0.1743242074983519, 
    0, 
    0.0300134224483967
   ], 
   [
    0.015431496444654863, 
    0.02605790269196465, 
    0.21591360975143017, 
    0.057552812078185085, 
    0.19464525511001535, 
    0.10901555655151032, 
    0.1361436361606524, 
    0.15942650331553346, 
    0.08581322789605375, 
    0
   ]
  ]
 }, 
 "vehicle_capacities": [
  30, 
  30, 
  30, 
  30, 
  30, 
  30, 
  30, 
  30, 
  30, 
  30
 ]
}