{
 "vehicle_cost_per_km": [
  5, 
  5, 
  5, 
  5, 
  5
 ], 
 "runs": [
  {
   "avg_task_cost_vs_number_of_task": [
    595.5, 
    567.25, 
    532.1666666666666, 
    631.5, 
    585.2, 
    505.8333333333333, 
    454.2857142857143, 
    397.5, 
    353.3333333333333, 
    400.40000000000003, 
    337.86363636363643, 
    329.25000000000006, 
    348.38461538461536, 
    335.3214285714286, 
    263.40000000000003, 
    279.37500000000006, 
    266.38235294117646, 
    271.6388888888889, 
    259.50000000000006, 
    256.77500000000003, 
    230.73809523809527, 
    250, 
    205.21739130434787, 
    268.9791666666667, 
    235.3, 
    304.65384615384613, 
    252.7037037037037, 
    248.76785714285717, 
    207.32758620689654, 
    218.58333333333334
   ], 
   "number_of_vehicles": 5
  }
 ], 
 "vehicle_starting_positions": [
  "Amsterdam", 
  "Rotterdam", 
  "Den Haag", 
  "Utrecht", 
  "Eindhoven", 
  "Almere", 
  "Groningen", 
  "Nijmegen", 
  "Breda", 
  "Apeldoorn"
 ], 
 "task_distribution": {
  "distance_matrix": [
   [
    0, 
    90.6, 
    65.2, 
    45.6, 
    137.5, 
    31.9, 
    185.9, 
    132, 
    119.1, 
    90.2
   ], 
   [
    90.6, 
    0, 
    25.4, 
    62.3, 
    110.8, 
    105.6, 
    259.6, 
    112, 
    48.6, 
    129.3
   ], 
   [
    65.2, 
    25.4, 
    0, 
    87.7, 
    136.2, 
    97.1, 
    251.1, 
    137.4, 
    74, 
    154.7
   ], 
   [
    45.6, 
    62.3, 
    87.7, 
    0, 
    91.9, 
    43.3, 
    197.3, 
    86.4, 
    73.5, 
    67
   ], 
   [
    137.5, 
    110.8, 
    136.2, 
    91.9, 
    0, 
    135.2, 
    268.3, 
    70.2, 
    62.2, 
    127.3
   ], 
   [
    31.9, 
    105.6, 
    97.1, 
    43.3, 
    135.2, 
    0, 
    154, 
    129.7, 
    116.8, 
    80.1
   ], 
   [
    185.9, 
    259.6, 
    251.1, 
    197.3, 
    268.3, 
    154, 
    0, 
    198.1, 
    270.8, 
    141
   ], 
   [
    132, 
    112, 
    137.4, 
    86.4, 
    70.2, 
    129.7, 
    198.1, 
    0, 
    96.2, 
    57.1
   ], 
   [
    119.1, 
    48.6, 
    74, 
    73.5, 
    62.2, 
    116.8, 
    270.8, 
    96.2, 
    0, 
    140.5
   ], 
   [
    90.2, 
    129.3, 
    154.7, 
    67, 
    127.3, 
    80.1, 
    141, 
    57.1, 
    140.5, 
    0
   ]
  ], 
  "weight_matrix": [
   [
    0, 
    3, 
    3, 
    3, 
    3, 
    3, 
    3, 
    3, 
    3, 
    3
   ], 
   [
    3, 
    0, 
    3, 
    3, 
    3, 
    3, 
    3, 
    3, 
    3, 
    3
   ], 
   [
    3, 
    3, 
    0, 
    3, 
    3, 
    3, 
    3, 
    3, 
    3, 
    3
   ], 
   [
    3, 
    3, 
    3, 
    0, 
    3, 
    3, 
    3, 
    3, 
    3, 
    3
   ], 
   [
    3, 
    3, 
    3, 
    3, 
    0, 
    3, 
    3, 
    3, 
    3, 
    3
   ], 
   [
    3, 
    3, 
    3, 
    3, 
    3, 
    0, 
    3, 
    3, 
    3, 
    3
   ], 
   [
    3, 
    3, 
    3, 
    3, 
    3, 
    3, 
    0, 
    3, 
    3, 
    3
   ], 
   [
    3, 
    3, 
    3, 
    3, 
    3, 
    3, 
    3, 
    0, 
    3, 
    3
   ], 
   [
    3, 
    3, 
    3, 
    3, 
    3, 
    3, 
    3, 
    3, 
    0, 
    3
   ], 
   [
    3, 
    3, 
    3, 
    3, 
    3, 
    3, 
    3, 
    3, 
    3, 
    0
   ]
  ], 
  "city_names": [
   "Amsterdam", 
   "Rotterdam", 
   "Den Haag", 
   "Utrecht", 
   "Eindhoven", 
   "Almere", 
   "Groningen", 
   "Nijmegen", 
   "Breda", 
   "Apeldoorn"
  ], 
  "reward_matrix": [
   [
    0, 
    73456, 
    83796, 
    91775, 
    54364, 
    97352, 
    34661, 
    56603, 
    61855, 
    73619
   ], 
   [
    73456, 
    0, 
    99999, 
    84977, 
    65233, 
    67350, 
    4659, 
    64745, 
    90554, 
    57702
   ], 
   [
    83796, 
    99999, 
    0, 
    74637, 
    54893, 
    70810, 
    8119, 
    54405, 
    80214, 
    47362
   ], 
   [
    91775, 
    84977, 
    74637, 
    0, 
    72927, 
    92712, 
    30020, 
    75166, 
    80418, 
    83064
   ], 
   [
    54364, 
    65233, 
    54893, 
    72927, 
    0, 
    55300, 
    1117, 
    81761, 
    85018, 
    58516
   ], 
   [
    97352, 
    67350, 
    70810, 
    92712, 
    55300, 
    0, 
    47647, 
    57539, 
    62791, 
    77731
   ], 
   [
    34661, 
    4659, 
    8119, 
    30020, 
    1117, 
    47647, 
    0, 
    29695, 
    100, 
    52939
   ], 
   [
    56603, 
    64745, 
    54405, 
    75166, 
    81761, 
    57539, 
    29695, 
    0, 
    71177, 
    87094
   ], 
   [
    61855, 
    90554, 
    80214, 
    80418, 
    85018, 
    62791, 
    100, 
    71177, 
    0, 
    53143
   ], 
   [
    73619, 
    57702, 
    47362, 
    83064, 
    58516, 
    77731, 
    52939, 
    87094, 
    53143, 
    0
   ]
  ], 
  "probability_matrix": [
   [
    0, 
    0.07273861629623758, 
    0.09571740844677853, 
    0.2393927883653712, 
    0.08272535095142876, 
    0.11854513448787085, 
    0.18707214257005383, 
    0.10035767425183247, 
    0.053817482045089904, 
    0.049633402585336876
   ], 
   [
    0.06922639805554437, 
    0, 
    0.15444492432595217, 
    0.046815232327181454, 
    0.10397742992691894, 
    0.17562866003480224, 
    0.09643691558749627, 
    0.021391469328192993, 
    0.15188716732334098, 
    0.18019180309057053
   ], 
   [
    0.06201760345831891, 
    0.22509388463438132, 
    0, 
    0.17962649067954364, 
    0.01964598639678384, 
    0.07047589661657173, 
    0.23723791356587584, 
    0.12903059677579634, 
    0.07326441704304452, 
    0.0036072108296838594
   ], 
   [
    0.2121370661062237, 
    0.025881928528372348, 
    0.025457120584967182, 
    0, 
    0.003827357408070185, 
    0.15461587101531737, 
    0.17959635625119563, 
    0.047008688313432516, 
    0.11217260716244967, 
    0.23930300462997142
   ], 
   [
    0.04938764738848134, 
    0.06466944765032506, 
    0.1229122947558353, 
    0.11343779780021429, 
    0, 
    0.0948225137948195, 
    0.10033522868893097, 
    0.166929582031993, 
    0.155037707906285, 
    0.1324677799831156
   ], 
   [
    0.13296749977729938, 
    0.12168775750362744, 
    0.023515885076478404, 
    0.10618808434807886, 
    0.13123172208415207, 
    0, 
    0.12935138695001525, 
    0.09840633608757038, 
    0.10019046916866524, 
    0.15646085900411313
   ], 
   [
    0.09288452052244414, 
    0.10155639003444787, 
    0.09975780117041708, 
    0.10595694914540922, 
    0.11526876860771652, 
    0.13592322609780022, 
    0, 
    0.11911501184644216, 
    0.12040964481242074, 
    0.10912768776290188
   ], 
   [
    0.1260278957312055, 
    0.04484315472415336, 
    0.10802174047283435, 
    0.0991936128795662, 
    0.18549810810900821, 
    0.012523036402533813, 
    0.12162902656839521, 
    0, 
    0.2678319968451018, 
    0.03443142826720166
   ], 
   [
    0.07732866526274845, 
    0.08523979695236608, 
    0.15273520560197537, 
    0.228999944819738, 
    0.1044497966389848, 
    0.16293190189168305, 
    0.002806557727974681, 
    0.01910150664148055, 
    0, 
    0.16640662446304913
   ], 
   [
    0.00969286717923551, 
    0.15801022563387862, 
    0.05059968361191774, 
    0.07150729085148162, 
    0.1437180005182542, 
    0.18036313428638442, 
    0.12300251166468759, 
    0.1417959425540345, 
    0.12131034370012585, 
    0
   ]
  ]
 }, 
 "vehicle_capacities": [
  5, 
  5, 
  5, 
  25, 
  25, 
  30, 
  30, 
  30, 
  30, 
  30
 ]
}