{
 "vehicle_cost_per_km": [
  5, 
  5, 
  5, 
  5, 
  5, 
  5, 
  5, 
  5, 
  5, 
  5
 ], 
 "runs": [
  {
   "avg_task_cost_vs_number_of_task": [
    370, 
    368.75, 
    465.8333333333333, 
    406.375, 
    325.1, 
    283.6666666666667, 
    325.2857142857143, 
    293.0625, 
    280.6111111111111, 
    252.55, 
    293.40909090909093, 
    282.375, 
    259.96153846153845, 
    256.39285714285705, 
    312.6333333333333, 
    293.09375, 
    279.44117647058823, 
    273.5833333333333, 
    276.1842105263158, 
    237.52500000000003, 
    257.26190476190476, 
    247.61363636363637, 
    248.34782608695647, 
    247.54166666666666, 
    239.02, 
    289.1730769230769, 
    262.6111111111111, 
    258.89285714285717, 
    275.2586206896551, 
    257.5833333333333
   ], 
   "number_of_vehicles": 3
  }
 ], 
 "vehicle_starting_positions": [
  "Amsterdam", 
  "Rotterdam", 
  "Den Haag", 
  "Utrecht", 
  "Eindhoven", 
  "Almere", 
  "Groningen", 
  "Nijmegen", 
  "Breda", 
  "Apeldoorn"
 ], 
 "task_distribution": {
  "distance_matrix": [
   [
    0, 
    90.6, 
    65.2, 
    45.6, 
    137.5, 
    31.9, 
    185.9, 
    132, 
    119.1, 
    90.2
   ], 
   [
    90.6, 
    0, 
    25.4, 
    62.3, 
    110.8, 
    105.6, 
    259.6, 
    112, 
    48.6, 
    129.3
   ], 
   [
    65.2, 
    25.4, 
    0, 
    87.7, 
    136.2, 
    97.1, 
    251.1, 
    137.4, 
    74, 
    154.7
   ], 
   [
    45.6, 
    62.3, 
    87.7, 
    0, 
    91.9, 
    43.3, 
    197.3, 
    86.4, 
    73.5, 
    67
   ], 
   [
    137.5, 
    110.8, 
    136.2, 
    91.9, 
    0, 
    135.2, 
    268.3, 
    70.2, 
    62.2, 
    127.3
   ], 
   [
    31.9, 
    105.6, 
    97.1, 
    43.3, 
    135.2, 
    0, 
    154, 
    129.7, 
    116.8, 
    80.1
   ], 
   [
    185.9, 
    259.6, 
    251.1, 
    197.3, 
    268.3, 
    154, 
    0, 
    198.1, 
    270.8, 
    141
   ], 
   [
    132, 
    112, 
    137.4, 
    86.4, 
    70.2, 
    129.7, 
    198.1, 
    0, 
    96.2, 
    57.1
   ], 
   [
    119.1, 
    48.6, 
    74, 
    73.5, 
    62.2, 
    116.8, 
    270.8, 
    96.2, 
    0, 
    140.5
   ], 
   [
    90.2, 
    129.3, 
    154.7, 
    67, 
    127.3, 
    80.1, 
    141, 
    57.1, 
    140.5, 
    0
   ]
  ], 
  "weight_matrix": [
   [
    0, 
    3, 
    3, 
    3, 
    3, 
    3, 
    3, 
    3, 
    3, 
    3
   ], 
   [
    3, 
    0, 
    3, 
    3, 
    3, 
    3, 
    3, 
    3, 
    3, 
    3
   ], 
   [
    3, 
    3, 
    0, 
    3, 
    3, 
    3, 
    3, 
    3, 
    3, 
    3
   ], 
   [
    3, 
    3, 
    3, 
    0, 
    3, 
    3, 
    3, 
    3, 
    3, 
    3
   ], 
   [
    3, 
    3, 
    3, 
    3, 
    0, 
    3, 
    3, 
    3, 
    3, 
    3
   ], 
   [
    3, 
    3, 
    3, 
    3, 
    3, 
    0, 
    3, 
    3, 
    3, 
    3
   ], 
   [
    3, 
    3, 
    3, 
    3, 
    3, 
    3, 
    0, 
    3, 
    3, 
    3
   ], 
   [
    3, 
    3, 
    3, 
    3, 
    3, 
    3, 
    3, 
    0, 
    3, 
    3
   ], 
   [
    3, 
    3, 
    3, 
    3, 
    3, 
    3, 
    3, 
    3, 
    0, 
    3
   ], 
   [
    3, 
    3, 
    3, 
    3, 
    3, 
    3, 
    3, 
    3, 
    3, 
    0
   ]
  ], 
  "city_names": [
   "Amsterdam", 
   "Rotterdam", 
   "Den Haag", 
   "Utrecht", 
   "Eindhoven", 
   "Almere", 
   "Groningen", 
   "Nijmegen", 
   "Breda", 
   "Apeldoorn"
  ], 
  "reward_matrix": [
   [
    0, 
    73456, 
    83796, 
    91775, 
    54364, 
    97352, 
    34661, 
    56603, 
    61855, 
    73619
   ], 
   [
    73456, 
    0, 
    99999, 
    84977, 
    65233, 
    67350, 
    4659, 
    64745, 
    90554, 
    57702
   ], 
   [
    83796, 
    99999, 
    0, 
    74637, 
    54893, 
    70810, 
    8119, 
    54405, 
    80214, 
    47362
   ], 
   [
    91775, 
    84977, 
    74637, 
    0, 
    72927, 
    92712, 
    30020, 
    75166, 
    80418, 
    83064
   ], 
   [
    54364, 
    65233, 
    54893, 
    72927, 
    0, 
    55300, 
    1117, 
    81761, 
    85018, 
    58516
   ], 
   [
    97352, 
    67350, 
    70810, 
    92712, 
    55300, 
    0, 
    47647, 
    57539, 
    62791, 
    77731
   ], 
   [
    34661, 
    4659, 
    8119, 
    30020, 
    1117, 
    47647, 
    0, 
    29695, 
    100, 
    52939
   ], 
   [
    56603, 
    64745, 
    54405, 
    75166, 
    81761, 
    57539, 
    29695, 
    0, 
    71177, 
    87094
   ], 
   [
    61855, 
    90554, 
    80214, 
    80418, 
    85018, 
    62791, 
    100, 
    71177, 
    0, 
    53143
   ], 
   [
    73619, 
    57702, 
    47362, 
    83064, 
    58516, 
    77731, 
    52939, 
    87094, 
    53143, 
    0
   ]
  ], 
  "probability_matrix": [
   [
    0, 
    0.1582433442836117, 
    0.0012265291282277423, 
    0.0374230589224601, 
    0.15448051362861068, 
    0.04552560471554539, 
    0.0018177953168353352, 
    0.24047332377900582, 
    0.24743791470567927, 
    0.11337191552002399
   ], 
   [
    0.0815867667092938, 
    0, 
    0.057523210348329905, 
    0.13224512105788358, 
    0.2224335899085224, 
    0.07591079439631583, 
    0.08506094804121601, 
    0.041923950669250414, 
    0.15527536111563742, 
    0.14804025775355062
   ], 
   [
    0.06815994979849722, 
    0.12181086558207702, 
    0, 
    0.16506899287180551, 
    0.08603198839335811, 
    0.005596956363851684, 
    0.15161872576326363, 
    0.1459054564247662, 
    0.05124602517349947, 
    0.20456103962888125
   ], 
   [
    0.17386567125745753, 
    0.19561873773401722, 
    0.028389508929083946, 
    0, 
    0.09548191807751694, 
    0.051638844696368175, 
    0.02343552933493975, 
    0.17007702109340847, 
    0.050723330248755805, 
    0.21076943862845207
   ], 
   [
    0.03529120589405501, 
    0.11759712976900684, 
    0.10131170998461048, 
    0.16497591249627047, 
    0, 
    0.1725590190788714, 
    0.17066676713908485, 
    0.05818224389160776, 
    0.1424243313724411, 
    0.036991680374052184
   ], 
   [
    0.007915042842937908, 
    0.12431189951400051, 
    0.20671020071401736, 
    0.13779283628488656, 
    0.18921346329986144, 
    0, 
    0.12488923738180763, 
    0.11444553259723339, 
    0.040545772652486795, 
    0.05417601471276865
   ], 
   [
    0.08007910895419677, 
    0.1772283292582651, 
    0.04109824095064558, 
    0.08423383969496416, 
    0.1903203488718364, 
    0.16750998295011513, 
    0, 
    0.18940493851693585, 
    0.019010640283307588, 
    0.05111457051973347
   ], 
   [
    0.07511740819245595, 
    0.056006481998616596, 
    0.19100790009269747, 
    0.09556842700990241, 
    0.09996018509655476, 
    0.026920230389202188, 
    0.17226633982855263, 
    0, 
    0.20092786817626784, 
    0.0822251592157501
   ], 
   [
    0.023999994255654918, 
    0.12041876180968031, 
    0.1398402133394995, 
    0.20701605760459513, 
    0.10346655711852727, 
    0.09009527391507242, 
    0.11602864476923662, 
    0.08268667995086268, 
    0, 
    0.11644781723687123
   ], 
   [
    0.16774345925750897, 
    0.006086191140504978, 
    0.0437773872934663, 
    0.07236847189477309, 
    0.11513503690516451, 
    0.16189150036370917, 
    0.07257153497908916, 
    0.14329930218091116, 
    0.2171271159848726, 
    0
   ]
  ]
 }, 
 "vehicle_capacities": [
  15, 
  15, 
  15, 
  5, 
  20, 
  30, 
  30, 
  30, 
  30, 
  30
 ]
}