{
 "vehicle_cost_per_km": [
  5, 
  5, 
  5, 
  5, 
  5
 ], 
 "runs": [
  {
   "avg_task_cost_vs_number_of_task": [
    335, 
    467, 
    858, 
    643.5, 
    625.5999999999999, 
    521.3333333333333, 
    499.2142857142856, 
    436.8124999999999, 
    402.7777777777777, 
    362.49999999999994, 
    358.95454545454544, 
    329.04166666666663, 
    324.88461538461536, 
    305.5714285714286, 
    297.26666666666665, 
    281.40625000000006, 
    273.44117647058823, 
    264.44444444444446, 
    249.57894736842104, 
    296.975, 
    248.952380952381, 
    239.52272727272728, 
    252.93478260869566, 
    249.9375, 
    246.74000000000007, 
    226.82692307692312, 
    255.40740740740742, 
    241.82142857142853, 
    209.77586206896558, 
    246.4
   ], 
   "number_of_vehicles": 2
  }, 
  {
   "avg_task_cost_vs_number_of_task": [
    335, 
    467, 
    858, 
    643.5, 
    625.5999999999999, 
    521.3333333333333, 
    520.1428571428571, 
    436.8124999999999, 
    402.7777777777777, 
    362.49999999999994, 
    387.22727272727275, 
    329.04166666666663, 
    303.73076923076917, 
    305.57142857142856, 
    285.3666666666667, 
    274.68750000000006, 
    282.02941176470586, 
    278.6388888888889, 
    275.94736842105266, 
    297.62500000000006, 
    269.1666666666667, 
    260.0454545454546, 
    260.80434782608694, 
    233.45833333333337, 
    260.3, 
    240.1153846153846, 
    235.2777777777778, 
    236.6964285714286, 
    203.41379310344828, 
    247.05
   ], 
   "number_of_vehicles": 3
  }, 
  {
   "avg_task_cost_vs_number_of_task": [
    335, 
    467, 
    858, 
    643.5, 
    625.5999999999999, 
    553.9166666666666, 
    499.2142857142856, 
    463.49999999999994, 
    436.3333333333333, 
    362.49999999999994, 
    361.45454545454544, 
    329.04166666666663, 
    303.73076923076917, 
    318.9285714285715, 
    346.6, 
    288.37500000000006, 
    263.9117647058824, 
    290.41666666666674, 
    279.3421052631579, 
    280.725, 
    265.1666666666667, 
    267.59090909090907, 
    249.1304347826087, 
    261.9166666666667, 
    260.26, 
    211.42307692307693, 
    243.94444444444449, 
    220.96428571428572, 
    248.96551724137933, 
    239.28333333333333
   ], 
   "number_of_vehicles": 4
  }, 
  {
   "avg_task_cost_vs_number_of_task": [
    335, 
    467, 
    692.8333333333334, 
    519.625, 
    544.1999999999999, 
    453.49999999999994, 
    429, 
    375.375, 
    428.6111111111111, 
    322.2, 
    362.22727272727275, 
    297.75000000000006, 
    303.73076923076917, 
    255.21428571428572, 
    275.8333333333333, 
    277.96875, 
    263.3529411764706, 
    261.6111111111111, 
    292.421052631579, 
    240.8, 
    270.3333333333333, 
    227.9318181818182, 
    254.7826086956522, 
    243.58333333333334, 
    260.02, 
    225.5, 
    210.0185185185185, 
    208.55357142857142, 
    244.5, 
    213.66666666666666
   ], 
   "number_of_vehicles": 5
  }
 ], 
 "vehicle_starting_positions": [
  "Breda", 
  "Apeldoorn", 
  "Eindhoven", 
  "Rotterdam", 
  "Groningen", 
  "Den Haag", 
  "Almere", 
  "Nijmegen", 
  "Utrecht", 
  "Amsterdam"
 ], 
 "task_distribution": {
  "distance_matrix": [
   [
    0, 
    90.6, 
    65.2, 
    45.6, 
    137.5, 
    31.9, 
    185.9, 
    132, 
    119.1, 
    90.2
   ], 
   [
    90.6, 
    0, 
    25.4, 
    62.3, 
    110.8, 
    105.6, 
    259.6, 
    112, 
    48.6, 
    129.3
   ], 
   [
    65.2, 
    25.4, 
    0, 
    87.7, 
    136.2, 
    97.1, 
    251.1, 
    137.4, 
    74, 
    154.7
   ], 
   [
    45.6, 
    62.3, 
    87.7, 
    0, 
    91.9, 
    43.3, 
    197.3, 
    86.4, 
    73.5, 
    67
   ], 
   [
    137.5, 
    110.8, 
    136.2, 
    91.9, 
    0, 
    135.2, 
    268.3, 
    70.2, 
    62.2, 
    127.3
   ], 
   [
    31.9, 
    105.6, 
    97.1, 
    43.3, 
    135.2, 
    0, 
    154, 
    129.7, 
    116.8, 
    80.1
   ], 
   [
    185.9, 
    259.6, 
    251.1, 
    197.3, 
    268.3, 
    154, 
    0, 
    198.1, 
    270.8, 
    141
   ], 
   [
    132, 
    112, 
    137.4, 
    86.4, 
    70.2, 
    129.7, 
    198.1, 
    0, 
    96.2, 
    57.1
   ], 
   [
    119.1, 
    48.6, 
    74, 
    73.5, 
    62.2, 
    116.8, 
    270.8, 
    96.2, 
    0, 
    140.5
   ], 
   [
    90.2, 
    129.3, 
    154.7, 
    67, 
    127.3, 
    80.1, 
    141, 
    57.1, 
    140.5, 
    0
   ]
  ], 
  "weight_matrix": [
   [
    0, 
    3, 
    3, 
    3, 
    3, 
    3, 
    3, 
    3, 
    3, 
    3
   ], 
   [
    3, 
    0, 
    3, 
    3, 
    3, 
    3, 
    3, 
    3, 
    3, 
    3
   ], 
   [
    3, 
    3, 
    0, 
    3, 
    3, 
    3, 
    3, 
    3, 
    3, 
    3
   ], 
   [
    3, 
    3, 
    3, 
    0, 
    3, 
    3, 
    3, 
    3, 
    3, 
    3
   ], 
   [
    3, 
    3, 
    3, 
    3, 
    0, 
    3, 
    3, 
    3, 
    3, 
    3
   ], 
   [
    3, 
    3, 
    3, 
    3, 
    3, 
    0, 
    3, 
    3, 
    3, 
    3
   ], 
   [
    3, 
    3, 
    3, 
    3, 
    3, 
    3, 
    0, 
    3, 
    3, 
    3
   ], 
   [
    3, 
    3, 
    3, 
    3, 
    3, 
    3, 
    3, 
    0, 
    3, 
    3
   ], 
   [
    3, 
    3, 
    3, 
    3, 
    3, 
    3, 
    3, 
    3, 
    0, 
    3
   ], 
   [
    3, 
    3, 
    3, 
    3, 
    3, 
    3, 
    3, 
    3, 
    3, 
    0
   ]
  ], 
  "city_names": [
   "Amsterdam", 
   "Rotterdam", 
   "Den Haag", 
   "Utrecht", 
   "Eindhoven", 
   "Almere", 
   "Groningen", 
   "Nijmegen", 
   "Breda", 
   "Apeldoorn"
  ], 
  "reward_matrix": [
   [
    0, 
    73456, 
    83796, 
    91775, 
    54364, 
    97352, 
    34661, 
    56603, 
    61855, 
    73619
   ], 
   [
    73456, 
    0, 
    99999, 
    84977, 
    65233, 
    67350, 
    4659, 
    64745, 
    90554, 
    57702
   ], 
   [
    83796, 
    99999, 
    0, 
    74637, 
    54893, 
    70810, 
    8119, 
    54405, 
    80214, 
    47362
   ], 
   [
    91775, 
    84977, 
    74637, 
    0, 
    72927, 
    92712, 
    30020, 
    75166, 
    80418, 
    83064
   ], 
   [
    54364, 
    65233, 
    54893, 
    72927, 
    0, 
    55300, 
    1117, 
    81761, 
    85018, 
    58516
   ], 
   [
    97352, 
    67350, 
    70810, 
    92712, 
    55300, 
    0, 
    47647, 
    57539, 
    62791, 
    77731
   ], 
   [
    34661, 
    4659, 
    8119, 
    30020, 
    1117, 
    47647, 
    0, 
    29695, 
    100, 
    52939
   ], 
   [
    56603, 
    64745, 
    54405, 
    75166, 
    81761, 
    57539, 
    29695, 
    0, 
    71177, 
    87094
   ], 
   [
    61855, 
    90554, 
    80214, 
    80418, 
    85018, 
    62791, 
    100, 
    71177, 
    0, 
    53143
   ], 
   [
    73619, 
    57702, 
    47362, 
    83064, 
    58516, 
    77731, 
    52939, 
    87094, 
    53143, 
    0
   ]
  ],