{
 "vehicle_cost_per_km": [
  5, 
  5, 
  5, 
  5, 
  5
 ], 
 "runs": [
  {
   "avg_task_cost_vs_number_of_task": [
    1341.5, 
    775.25, 
    746, 
    620.5, 
    496.4, 
    413.6666666666667, 
    441.2857142857143, 
    386.125, 
    343.22222222222223, 
    308.9, 
    306.3181818181818, 
    262.25, 
    256.1923076923077, 
    244.25, 
    253.46666666666667, 
    337.9375, 
    307.88235294117646, 
    305.6666666666667, 
    269.6842105263158, 
    264.15, 
    275.9761904761905, 
    258.43181818181813, 
    299.95652173913044, 
    248.04166666666666, 
    233.82, 
    246.67307692307693, 
    275.7962962962963, 
    228.78571428571428, 
    234.31034482758622, 
    229.61666666666665
   ], 
   "number_of_vehicles": 5
  }
 ], 
 "vehicle_starting_positions": [
  "Amsterdam", 
  "Rotterdam", 
  "Den Haag", 
  "Utrecht", 
  "Eindhoven", 
  "Almere", 
  "Groningen", 
  "Nijmegen", 
  "Breda", 
  "Apeldoorn"
 ], 
 "task_distribution": {
  "distance_matrix": [
   [
    0, 
    90.6, 
    65.2, 
    45.6, 
    137.5, 
    31.9, 
    185.9, 
    132, 
    119.1, 
    90.2
   ], 
   [
    90.6, 
    0, 
    25.4, 
    62.3, 
    110.8, 
    105.6, 
    259.6, 
    112, 
    48.6, 
    129.3
   ], 
   [
    65.2, 
    25.4, 
    0, 
    87.7, 
    136.2, 
    97.1, 
    251.1, 
    137.4, 
    74, 
    154.7
   ], 
   [
    45.6, 
    62.3, 
    87.7, 
    0, 
    91.9, 
    43.3, 
    197.3, 
    86.4, 
    73.5, 
    67
   ], 
   [
    137.5, 
    110.8, 
    136.2, 
    91.9, 
    0, 
    135.2, 
    268.3, 
    70.2, 
    62.2, 
    127.3
   ], 
   [
    31.9, 
    105.6, 
    97.1, 
    43.3, 
    135.2, 
    0, 
    154, 
    129.7, 
    116.8, 
    80.1
   ], 
   [
    185.9, 
    259.6, 
    251.1, 
    197.3, 
    268.3, 
    154, 
    0, 
    198.1, 
    270.8, 
    141
   ], 
   [
    132, 
    112, 
    137.4, 
    86.4, 
    70.2, 
    129.7, 
    198.1, 
    0, 
    96.2, 
    57.1
   ], 
   [
    119.1, 
    48.6, 
    74, 
    73.5, 
    62.2, 
    116.8, 
    270.8, 
    96.2, 
    0, 
    140.5
   ], 
   [
    90.2, 
    129.3, 
    154.7, 
    67, 
    127.3, 
    80.1, 
    141, 
    57.1, 
    140.5, 
    0
   ]
  ], 
  "weight_matrix": [
   [
    0, 
    3, 
    3, 
    3, 
    3, 
    3, 
    3, 
    3, 
    3, 
    3
   ], 
   [
    3, 
    0, 
    3, 
    3, 
    3, 
    3, 
    3, 
    3, 
    3, 
    3
   ], 
   [
    3, 
    3, 
    0, 
    3, 
    3, 
    3, 
    3, 
    3, 
    3, 
    3
   ], 
   [
    3, 
    3, 
    3, 
    0, 
    3, 
    3, 
    3, 
    3, 
    3, 
    3
   ], 
   [
    3, 
    3, 
    3, 
    3, 
    0, 
    3, 
    3, 
    3, 
    3, 
    3
   ], 
   [
    3, 
    3, 
    3, 
    3, 
    3, 
    0, 
    3, 
    3, 
    3, 
    3
   ], 
   [
    3, 
    3, 
    3, 
    3, 
    3, 
    3, 
    0, 
    3, 
    3, 
    3
   ], 
   [
    3, 
    3, 
    3, 
    3, 
    3, 
    3, 
    3, 
    0, 
    3, 
    3
   ], 
   [
    3, 
    3, 
    3, 
    3, 
    3, 
    3, 
    3, 
    3, 
    0, 
    3
   ], 
   [
    3, 
    3, 
    3, 
    3, 
    3, 
    3, 
    3, 
    3, 
    3, 
    0
   ]
  ], 
  "city_names": [
   "Amsterdam", 
   "Rotterdam", 
   "Den Haag", 
   "Utrecht", 
   "Eindhoven", 
   "Almere", 
   "Groningen", 
   "Nijmegen", 
   "Breda", 
   "Apeldoorn"
  ], 
  "reward_matrix": [
   [
    0, 
    73456, 
    83796, 
    91775, 
    54364, 
    97352, 
    34661, 
    56603, 
    61855, 
    73619
   ], 
   [
    73456, 
    0, 
    99999, 
    84977, 
    65233, 
    67350, 
    4659, 
    64745, 
    90554, 
    57702
   ], 
   [
    83796, 
    99999, 
    0, 
    74637, 
    54893, 
    70810, 
    8119, 
    54405, 
    80214, 
    47362
   ], 
   [
    91775, 
    84977, 
    74637, 
    0, 
    72927, 
    92712, 
    30020, 
    75166, 
    80418, 
    83064
   ], 
   [
    54364, 
    65233, 
    54893, 
    72927, 
    0, 
    55300, 
    1117, 
    81761, 
    85018, 
    58516
   ], 
   [
    97352, 
    67350, 
    70810, 
    92712, 
    55300, 
    0, 
    47647, 
    57539, 
    62791, 
    77731
   ], 
   [
    34661, 
    4659, 
    8119, 
    30020, 
    1117, 
    47647, 
    0, 
    29695, 
    100, 
    52939
   ], 
   [
    56603, 
    64745, 
    54405, 
    75166, 
    81761, 
    57539, 
    29695, 
    0, 
    71177, 
    87094
   ], 
   [
    61855, 
    90554, 
    80214, 
    80418, 
    85018, 
    62791, 
    100, 
    71177, 
    0, 
    53143
   ], 
   [
    73619, 
    57702, 
    47362, 
    83064, 
    58516, 
    77731, 
    52939, 
    87094, 
    53143, 
    0
   ]
  ], 
  "probability_matrix": [
   [
    0, 
    0.1478006701472345, 
    0.006607523419265086, 
    0.07398495274674317, 
    0.18070103101658477, 
    0.04404096874504949, 
    0.10543710265367799, 
    0.10630977129209875, 
    0.17075359454757075, 
    0.16436438543177556
   ], 
   [
    0.19705399694959583, 
    0, 
    0.12073646119265712, 
    0.024043374049536288, 
    0.0882605350845923, 
    0.17909003947354238, 
    0.035593372268909705, 
    0.005978983398229183, 
    0.2209644626192297, 
    0.12827877496370757
   ], 
   [
    0.08677254016746279, 
    0.05136569142052413, 
    0, 
    0.04826174975702115, 
    0.052641647300396596, 
    0.22132791670380053, 
    0.0014785399531670642, 
    0.23183816373353497, 
    0.15100863499559522, 
    0.15530511596849736
   ], 
   [
    0.13706866506616475, 
    0.014058782606919479, 
    0.15860026503953706, 
    0, 
    0.1010417438459209, 
    0.18724773090474994, 
    0.13623255496035083, 
    0.13621909682807903, 
    0.11645879673746866, 
    0.013072364010809448
   ], 
   [
    0.041242787778560046, 
    0.21645967849125003, 
    0.019920936448641846, 
    0.20161691670056853, 
    0, 
    0.03069269524760885, 
    0.12355882373376868, 
    0.03849972566344397, 
    0.12539867206246857, 
    0.2026097638736895
   ], 
   [
    0.1486347450887107, 
    0.08015124730689041, 
    0.14037273535894976, 
    0.1089249393322156, 
    0.08624945220119165, 
    0, 
    0.20118940803334867, 
    0.1811241714327837, 
    0.011019802258735481, 
    0.042333498987174006
   ], 
   [
    0.1319554967265094, 
    0.06747499965747371, 
    0.07643784625481483, 
    0.100878603212448, 
    0.09442894911199981, 
    0.16637950311211097, 
    0, 
    0.07357019214188115, 
    0.14168861034109387, 
    0.14718579944166826
   ], 
   [
    0.10422739611145941, 
    0.09118864640924206, 
    0.02830808367094341, 
    0.18227303292325822, 
    0.013867915294432525, 
    0.10854046867735628, 
    0.2496284418156952, 
    0, 
    0.1749352636196319, 
    0.04703075147798084
   ], 
   [
    0.01883446110353953, 
    0.16037629084065047, 
    0.07870668220939016, 
    0.12486258101001396, 
    0.1475155883199603, 
    0.1565449925170206, 
    0.08538209376261836, 
    0.10938157743697297, 
    0, 
    0.11839573279983384
   ], 
   [
    0.08989204659149588, 
    0.07983435888277378, 
    0.11146476787431643, 
    0.10691172304646654, 
    0.2595810845113976, 
    0.04920142125356003, 
    0.09329237958998407, 
    0.1850707540695605, 
    0.024751464180445208, 
    0
   ]
  ]
 }, 
 "vehicle_capacities": [
  5, 
  20, 
  20, 
  20, 
  25, 
  30, 
  30, 
  30, 
  30, 
  30
 ]
}