{
 "vehicle_cost_per_km": [
  5, 
  5, 
  5, 
  5, 
  5
 ], 
 "runs": [
  {
   "avg_task_cost_vs_number_of_task": [
    676, 
    648.25, 
    618.8333333333334, 
    504, 
    433.9, 
    516.5, 
    475.07142857142856, 
    421.12500000000006, 
    355.55555555555554, 
    345.34999999999997, 
    313.95454545454544, 
    266.6666666666667, 
    312.3076923076923, 
    239.35714285714283, 
    223.39999999999998, 
    276, 
    280.02941176470586, 
    224.00000000000003, 
    236.05263157894743, 
    267.77500000000003, 
    285.8095238095238, 
    213.70454545454547, 
    239.30434782608697, 
    267.06249999999994, 
    239.03999999999996, 
    212.1153846153846, 
    222.74074074074073, 
    249.03571428571428, 
    218.74137931034483, 
    229.48333333333332
   ], 
   "number_of_vehicles": 5
  }
 ], 
 "vehicle_starting_positions": [
  "Amsterdam", 
  "Rotterdam", 
  "Den Haag", 
  "Utrecht", 
  "Eindhoven", 
  "Almere", 
  "Groningen", 
  "Nijmegen", 
  "Breda", 
  "Apeldoorn"
 ], 
 "task_distribution": {
  "distance_matrix": [
   [
    0, 
    90.6, 
    65.2, 
    45.6, 
    137.5, 
    31.9, 
    185.9, 
    132, 
    119.1, 
    90.2
   ], 
   [
    90.6, 
    0, 
    25.4, 
    62.3, 
    110.8, 
    105.6, 
    259.6, 
    112, 
    48.6, 
    129.3
   ], 
   [
    65.2, 
    25.4, 
    0, 
    87.7, 
    136.2, 
    97.1, 
    251.1, 
    137.4, 
    74, 
    154.7
   ], 
   [
    45.6, 
    62.3, 
    87.7, 
    0, 
    91.9, 
    43.3, 
    197.3, 
    86.4, 
    73.5, 
    67
   ], 
   [
    137.5, 
    110.8, 
    136.2, 
    91.9, 
    0, 
    135.2, 
    268.3, 
    70.2, 
    62.2, 
    127.3
   ], 
   [
    31.9, 
    105.6, 
    97.1, 
    43.3, 
    135.2, 
    0, 
    154, 
    129.7, 
    116.8, 
    80.1
   ], 
   [
    185.9, 
    259.6, 
    251.1, 
    197.3, 
    268.3, 
    154, 
    0, 
    198.1, 
    270.8, 
    141
   ], 
   [
    132, 
    112, 
    137.4, 
    86.4, 
    70.2, 
    129.7, 
    198.1, 
    0, 
    96.2, 
    57.1
   ], 
   [
    119.1, 
    48.6, 
    74, 
    73.5, 
    62.2, 
    116.8, 
    270.8, 
    96.2, 
    0, 
    140.5
   ], 
   [
    90.2, 
    129.3, 
    154.7, 
    67, 
    127.3, 
    80.1, 
    141, 
    57.1, 
    140.5, 
    0
   ]
  ], 
  "weight_matrix": [
   [
    0, 
    3, 
    3, 
    3, 
    3, 
    3, 
    3, 
    3, 
    3, 
    3
   ], 
   [
    3, 
    0, 
    3, 
    3, 
    3, 
    3, 
    3, 
    3, 
    3, 
    3
   ], 
   [
    3, 
    3, 
    0, 
    3, 
    3, 
    3, 
    3, 
    3, 
    3, 
    3
   ], 
   [
    3, 
    3, 
    3, 
    0, 
    3, 
    3, 
    3, 
    3, 
    3, 
    3
   ], 
   [
    3, 
    3, 
    3, 
    3, 
    0, 
    3, 
    3, 
    3, 
    3, 
    3
   ], 
   [
    3, 
    3, 
    3, 
    3, 
    3, 
    0, 
    3, 
    3, 
    3, 
    3
   ], 
   [
    3, 
    3, 
    3, 
    3, 
    3, 
    3, 
    0, 
    3, 
    3, 
    3
   ], 
   [
    3, 
    3, 
    3, 
    3, 
    3, 
    3, 
    3, 
    0, 
    3, 
    3
   ], 
   [
    3, 
    3, 
    3, 
    3, 
    3, 
    3, 
    3, 
    3, 
    0, 
    3
   ], 
   [
    3, 
    3, 
    3, 
    3, 
    3, 
    3, 
    3, 
    3, 
    3, 
    0
   ]
  ], 
  "city_names": [
   "Amsterdam", 
   "Rotterdam", 
   "Den Haag", 
   "Utrecht", 
   "Eindhoven", 
   "Almere", 
   "Groningen", 
   "Nijmegen", 
   "Breda", 
   "Apeldoorn"
  ], 
  "reward_matrix": [
   [
    0, 
    73456, 
    83796, 
    91775, 
    54364, 
    97352, 
    34661, 
    56603, 
    61855, 
    73619
   ], 
   [
    73456, 
    0, 
    99999, 
    84977, 
    65233, 
    67350, 
    4659, 
    64745, 
    90554, 
    57702
   ], 
   [
    83796, 
    99999, 
    0, 
    74637, 
    54893, 
    70810, 
    8119, 
    54405, 
    80214, 
    47362
   ], 
   [
    91775, 
    84977, 
    74637, 
    0, 
    72927, 
    92712, 
    30020, 
    75166, 
    80418, 
    83064
   ], 
   [
    54364, 
    65233, 
    54893, 
    72927, 
    0, 
    55300, 
    1117, 
    81761, 
    85018, 
    58516
   ], 
   [
    97352, 
    67350, 
    70810, 
    92712, 
    55300, 
    0, 
    47647, 
    57539, 
    62791, 
    77731
   ], 
   [
    34661, 
    4659, 
    8119, 
    30020, 
    1117, 
    47647, 
    0, 
    29695, 
    100, 
    52939
   ], 
   [
    56603, 
    64745, 
    54405, 
    75166, 
    81761, 
    57539, 
    29695, 
    0, 
    71177, 
    87094
   ], 
   [
    61855, 
    90554, 
    80214, 
    80418, 
    85018, 
    62791, 
    100, 
    71177, 
    0, 
    53143
   ], 
   [
    73619, 
    57702, 
    47362, 
    83064, 
    58516, 
    77731, 
    52939, 
    87094, 
    53143, 
    0
   ]
  ], 
  "probability_matrix": [
   [
    0, 
    0.15601518527580732, 
    0.16184544449200056, 
    0.11340431709490724, 
    0.1336906853822135, 
    0.13281339365940065, 
    0.031831855073513916, 
    0.1723366233529644, 
    0.01191615404253939, 
    0.0861463416266531
   ], 
   [
    0.08155394288621919, 
    0, 
    0.13777743704117895, 
    0.01595379017824298, 
    0.072878755842548, 
    0.20099943959013603, 
    0.16445299697262297, 
    0.1197816395849839, 
    0.04123903128748295, 
    0.16536296661658506
   ], 
   [
    0.1555462085661648, 
    0.12919430567146242, 
    0, 
    0.11669138011293949, 
    0.09888770070764599, 
    0.12647327486280033, 
    0.1681762944208835, 
    0.010575227475275879, 
    0.11153967642304283, 
    0.0829159317597847
   ], 
   [
    0.20154788293856857, 
    0.20242041102251507, 
    0.08261194418963001, 
    0, 
    0.07347254229040998, 
    0.058683785242093806, 
    0.08153519268921837, 
    0.07986544727278908, 
    0.05342673146729147, 
    0.16643606288748367
   ], 
   [
    0.04949223816759346, 
    0.08953440138787265, 
    0.1925097099190485, 
    0.11783287121520347, 
    0, 
    0.1412951142386303, 
    0.2227219850809564, 
    0.06028238604261216, 
    0.036128242937779366, 
    0.0902030510103037
   ], 
   [
    0.23450335450148074, 
    0.13291207887946005, 
    0.17950173197948396, 
    0.15452085282656008, 
    0.017365133663090174, 
    0, 
    0.13981717928364693, 
    0.048345587819921446, 
    0.005519265383912377, 
    0.08751481566244423
   ], 
   [
    0.17764371314271535, 
    0.10387927467275772, 
    0.013989985044399444, 
    0.09081382890445251, 
    0.09021491901564785, 
    0.13092110485649067, 
    0, 
    0.05478834344086158, 
    0.2027610782987117, 
    0.13498775262396331
   ], 
   [
    0.13792957378919107, 
    0.006652833669572048, 
    0.27287988775766614, 
    0.02495401383365007, 
    0.07156764911615886, 
    0.052835999257725655, 
    0.10458171995533293, 
    0, 
    0.26610441202865576, 
    0.06249391059204758
   ], 
   [
    0.2593697021590007, 
    0.00468387739625421, 
    0.08717477923505419, 
    0.02572321456524301, 
    0.0069793749996733935, 
    0.12188049219791489, 
    0.10864258540197505, 
    0.262020055534497, 
    0, 
    0.12352591851038766
   ], 
   [
    0.0015851754260387519, 
    0.23076063973118843, 
    0.02291382926976213, 
    0.22042377078812514, 
    0.019137273702909262, 
    0.21349485073828992, 
    0.05461908768272885, 
    0.10358097340079465, 
    0.13348439926016284, 
    0
   ]
  ]
 }, 
 "vehicle_capacities": [
  5, 
  5, 
  20, 
  30, 
  30, 
  30, 
  30, 
  30, 
  30, 
  30
 ]
}