{
 "vehicle_cost_per_km": [
  5, 
  5, 
  5, 
  5, 
  5
 ], 
 "runs": [
  {
   "avg_task_cost_vs_number_of_task": [
    702, 
    1412.5, 
    1041.5, 
    841.125, 
    672.9, 
    560.75, 
    499.2857142857142, 
    500.8749999999999, 
    445.2222222222221, 
    408.25, 
    371.1363636363637, 
    354.5833333333333, 
    351.34615384615387, 
    324.60714285714283, 
    289.7, 
    332.53125, 
    297.5882352941176, 
    325.52777777777777, 
    309.0263157894737, 
    324.275, 
    271.8095238095238, 
    240.5227272727273, 
    239.5, 
    223.2708333333333, 
    218.58, 
    229.8846153846154, 
    248.66666666666666, 
    235, 
    243.00000000000003, 
    224.93333333333334
   ], 
   "number_of_vehicles": 5
  }
 ], 
 "vehicle_starting_positions": [
  "Amsterdam", 
  "Rotterdam", 
  "Den Haag", 
  "Utrecht", 
  "Eindhoven", 
  "Almere", 
  "Groningen", 
  "Nijmegen", 
  "Breda", 
  "Apeldoorn"
 ], 
 "task_distribution": {
  "distance_matrix": [
   [
    0, 
    90.6, 
    65.2, 
    45.6, 
    137.5, 
    31.9, 
    185.9, 
    132, 
    119.1, 
    90.2
   ], 
   [
    90.6, 
    0, 
    25.4, 
    62.3, 
    110.8, 
    105.6, 
    259.6, 
    112, 
    48.6, 
    129.3
   ], 
   [
    65.2, 
    25.4, 
    0, 
    87.7, 
    136.2, 
    97.1, 
    251.1, 
    137.4, 
    74, 
    154.7
   ], 
   [
    45.6, 
    62.3, 
    87.7, 
    0, 
    91.9, 
    43.3, 
    197.3, 
    86.4, 
    73.5, 
    67
   ], 
   [
    137.5, 
    110.8, 
    136.2, 
    91.9, 
    0, 
    135.2, 
    268.3, 
    70.2, 
    62.2, 
    127.3
   ], 
   [
    31.9, 
    105.6, 
    97.1, 
    43.3, 
    135.2, 
    0, 
    154, 
    129.7, 
    116.8, 
    80.1
   ], 
   [
    185.9, 
    259.6, 
    251.1, 
    197.3, 
    268.3, 
    154, 
    0, 
    198.1, 
    270.8, 
    141
   ], 
   [
    132, 
    112, 
    137.4, 
    86.4, 
    70.2, 
    129.7, 
    198.1, 
    0, 
    96.2, 
    57.1
   ], 
   [
    119.1, 
    48.6, 
    74, 
    73.5, 
    62.2, 
    116.8, 
    270.8, 
    96.2, 
    0, 
    140.5
   ], 
   [
    90.2, 
    129.3, 
    154.7, 
    67, 
    127.3, 
    80.1, 
    141, 
    57.1, 
    140.5, 
    0
   ]
  ], 
  "weight_matrix": [
   [
    0, 
    3, 
    3, 
    3, 
    3, 
    3, 
    3, 
    3, 
    3, 
    3
   ], 
   [
    3, 
    0, 
    3, 
    3, 
    3, 
    3, 
    3, 
    3, 
    3, 
    3
   ], 
   [
    3, 
    3, 
    0, 
    3, 
    3, 
    3, 
    3, 
    3, 
    3, 
    3
   ], 
   [
    3, 
    3, 
    3, 
    0, 
    3, 
    3, 
    3, 
    3, 
    3, 
    3
   ], 
   [
    3, 
    3, 
    3, 
    3, 
    0, 
    3, 
    3, 
    3, 
    3, 
    3
   ], 
   [
    3, 
    3, 
    3, 
    3, 
    3, 
    0, 
    3, 
    3, 
    3, 
    3
   ], 
   [
    3, 
    3, 
    3, 
    3, 
    3, 
    3, 
    0, 
    3, 
    3, 
    3
   ], 
   [
    3, 
    3, 
    3, 
    3, 
    3, 
    3, 
    3, 
    0, 
    3, 
    3
   ], 
   [
    3, 
    3, 
    3, 
    3, 
    3, 
    3, 
    3, 
    3, 
    0, 
    3
   ], 
   [
    3, 
    3, 
    3, 
    3, 
    3, 
    3, 
    3, 
    3, 
    3, 
    0
   ]
  ], 
  "city_names": [
   "Amsterdam", 
   "Rotterdam", 
   "Den Haag", 
   "Utrecht", 
   "Eindhoven", 
   "Almere", 
   "Groningen", 
   "Nijmegen", 
   "Breda", 
   "Apeldoorn"
  ], 
  "reward_matrix": [
   [
    0, 
    73456, 
    83796, 
    91775, 
    54364, 
    97352, 
    34661, 
    56603, 
    61855, 
    73619
   ], 
   [
    73456, 
    0, 
    99999, 
    84977, 
    65233, 
    67350, 
    4659, 
    64745, 
    90554, 
    57702
   ], 
   [
    83796, 
    99999, 
    0, 
    74637, 
    54893, 
    70810, 
    8119, 
    54405, 
    80214, 
    47362
   ], 
   [
    91775, 
    84977, 
    74637, 
    0, 
    72927, 
    92712, 
    30020, 
    75166, 
    80418, 
    83064
   ], 
   [
    54364, 
    65233, 
    54893, 
    72927, 
    0, 
    55300, 
    1117, 
    81761, 
    85018, 
    58516
   ], 
   [
    97352, 
    67350, 
    70810, 
    92712, 
    55300, 
    0, 
    47647, 
    57539, 
    62791, 
    77731
   ], 
   [
    34661, 
    4659, 
    8119, 
    30020, 
    1117, 
    47647, 
    0, 
    29695, 
    100, 
    52939
   ], 
   [
    56603, 
    64745, 
    54405, 
    75166, 
    81761, 
    57539, 
    29695, 
    0, 
    71177, 
    87094
   ], 
   [
    61855, 
    90554, 
    80214, 
    80418, 
    85018, 
    62791, 
    100, 
    71177, 
    0, 
    53143
   ], 
   [
    73619, 
    57702, 
    47362, 
    83064, 
    58516, 
    77731, 
    52939, 
    87094, 
    53143, 
    0
   ]
  ], 
  "probability_matrix": [
   [
    0, 
    0.16083453255304814, 
    0.015375922500613953, 
    0.02614464342411329, 
    0.07441879846802103, 
    0.036146204963681726, 
    0.27376908416520446, 
    0.13260558034929168, 
    0.2791417451101356, 
    0.0015634884658900453
   ], 
   [
    0.18511193306354795, 
    0, 
    0.11845871302607949, 
    0.040900089162966356, 
    0.18212979118129402, 
    0.0016938961004449545, 
    0.1809827452251192, 
    0.01777466423871879, 
    0.14565431618639926, 
    0.12729385181543007
   ], 
   [
    0.09161287468197249, 
    0.05509664673543801, 
    0, 
    0.078611047461371, 
    0.18773136149849926, 
    0.058990291041915326, 
    0.016533434288369443, 
    0.1931139685836097, 
    0.1841926490221575, 
    0.1341177266866672
   ], 
   [
    0.04457806228184282, 
    0.08541521958072458, 
    0.21969000415696407, 
    0, 
    0.13560285694070964, 
    0.040453544393405746, 
    0.12763979092289227, 
    0.08655656977398639, 
    0.04410918461176122, 
    0.21595476733771315
   ], 
   [
    0.06370316663236134, 
    0.04005732838062754, 
    0.2359152962817183, 
    0.08195761804006804, 
    0, 
    0.21642194778784302, 
    0.036054905268384604, 
    0.0426652375812086, 
    0.2563197212979831, 
    0.026904778729805307
   ], 
   [
    0.14785569099434578, 
    0.15952777740793156, 
    0.08258822852216578, 
    0.09702420356912128, 
    0.1608616883281707, 
    0, 
    0.07573389671548068, 
    0.08000628128997804, 
    0.14254461085623607, 
    0.0538576223165701
   ], 
   [
    0.055186080818975476, 
    0.20826178398290274, 
    0.11630125702736757, 
    0.14308066065150857, 
    0.2841512185389941, 
    0.004303849081890111, 
    0, 
    0.033161597804460596, 
    0.06710340973832944, 
    0.08845014235557144
   ], 
   [
    0.16251504943397696, 
    0.041550050098283706, 
    0.154121278206056, 
    0.1267346435139358, 
    0.18012284970162615, 
    0.02533284948485729, 
    0.04028164949608622, 
    0, 
    0.106825206461568, 
    0.16251642360360996
   ], 
   [
    0.01034001116861659, 
    0.048900028820071474, 
    0.13691807964725516, 
    0.24777083816655623, 
    0.11569438011049338, 
    0.023708412740729712, 
    0.0809301330504477, 
    0.23965796131382228, 
    0, 
    0.09608015498200771
   ], 
   [
    0.09375980590014497, 
    0.09519589366321009, 
    0.1412858285469118, 
    0.16636054636376923, 
    0.07689431084782793, 
    0.11609757659081907, 
    0.04959906426539636, 
    0.16070031453513958, 
    0.10010665928678109, 
    0
   ]
  ]
 }, 
 "vehicle_capacities": [
  10, 
  15, 
  25, 
  30, 
  30, 
  30, 
  30, 
  30, 
  30, 
  30
 ]
}