{
 "vehicle_cost_per_km": [
  5, 
  15, 
  15, 
  5, 
  5, 
  5, 
  5, 
  5, 
  5, 
  5
 ], 
 "runs": [
  {
   "avg_task_cost_vs_number_of_task": [
    963, 
    754.25, 
    995, 
    786.125, 
    666.2999999999998, 
    585.4166666666666, 
    544.5, 
    504.9375, 
    424.77777777777777, 
    474.05, 
    431.27272727272725, 
    430.4166666666667, 
    383.3461538461539, 
    458.75, 
    358.6, 
    491.90625000000006, 
    391.3235294117647, 
    368.41666666666674, 
    434.57894736842104, 
    352.3, 
    399.07142857142856, 
    363.9772727272727, 
    424.3913043478262, 
    463.5416666666666, 
    472.14, 
    401.75, 
    414.35185185185185, 
    392.19642857142856, 
    508.3793103448277, 
    466.4666666666665
   ], 
   "number_of_vehicles": 3
  }
 ], 
 "vehicle_starting_positions": [
  "Amsterdam", 
  "Rotterdam", 
  "Den Haag", 
  "Utrecht", 
  "Eindhoven", 
  "Almere", 
  "Groningen", 
  "Nijmegen", 
  "Breda", 
  "Apeldoorn"
 ], 
 "task_distribution": {
  "distance_matrix": [
   [
    0, 
    90.6, 
    65.2, 
    45.6, 
    137.5, 
    31.9, 
    185.9, 
    132, 
    119.1, 
    90.2
   ], 
   [
    90.6, 
    0, 
    25.4, 
    62.3, 
    110.8, 
    105.6, 
    259.6, 
    112, 
    48.6, 
    129.3
   ], 
   [
    65.2, 
    25.4, 
    0, 
    87.7, 
    136.2, 
    97.1, 
    251.1, 
    137.4, 
    74, 
    154.7
   ], 
   [
    45.6, 
    62.3, 
    87.7, 
    0, 
    91.9, 
    43.3, 
    197.3, 
    86.4, 
    73.5, 
    67
   ], 
   [
    137.5, 
    110.8, 
    136.2, 
    91.9, 
    0, 
    135.2, 
    268.3, 
    70.2, 
    62.2, 
    127.3
   ], 
   [
    31.9, 
    105.6, 
    97.1, 
    43.3, 
    135.2, 
    0, 
    154, 
    129.7, 
    116.8, 
    80.1
   ], 
   [
    185.9, 
    259.6, 
    251.1, 
    197.3, 
    268.3, 
    154, 
    0, 
    198.1, 
    270.8, 
    141
   ], 
   [
    132, 
    112, 
    137.4, 
    86.4, 
    70.2, 
    129.7, 
    198.1, 
    0, 
    96.2, 
    57.1
   ], 
   [
    119.1, 
    48.6, 
    74, 
    73.5, 
    62.2, 
    116.8, 
    270.8, 
    96.2, 
    0, 
    140.5
   ], 
   [
    90.2, 
    129.3, 
    154.7, 
    67, 
    127.3, 
    80.1, 
    141, 
    57.1, 
    140.5, 
    0
   ]
  ], 
  "weight_matrix": [
   [
    0, 
    3, 
    3, 
    3, 
    3, 
    3, 
    3, 
    3, 
    3, 
    3
   ], 
   [
    3, 
    0, 
    3, 
    3, 
    3, 
    3, 
    3, 
    3, 
    3, 
    3
   ], 
   [
    3, 
    3, 
    0, 
    3, 
    3, 
    3, 
    3, 
    3, 
    3, 
    3
   ], 
   [
    3, 
    3, 
    3, 
    0, 
    3, 
    3, 
    3, 
    3, 
    3, 
    3
   ], 
   [
    3, 
    3, 
    3, 
    3, 
    0, 
    3, 
    3, 
    3, 
    3, 
    3
   ], 
   [
    3, 
    3, 
    3, 
    3, 
    3, 
    0, 
    3, 
    3, 
    3, 
    3
   ], 
   [
    3, 
    3, 
    3, 
    3, 
    3, 
    3, 
    0, 
    3, 
    3, 
    3
   ], 
   [
    3, 
    3, 
    3, 
    3, 
    3, 
    3, 
    3, 
    0, 
    3, 
    3
   ], 
   [
    3, 
    3, 
    3, 
    3, 
    3, 
    3, 
    3, 
    3, 
    0, 
    3
   ], 
   [
    3, 
    3, 
    3, 
    3, 
    3, 
    3, 
    3, 
    3, 
    3, 
    0
   ]
  ], 
  "city_names": [
   "Amsterdam", 
   "Rotterdam", 
   "Den Haag", 
   "Utrecht", 
   "Eindhoven", 
   "Almere", 
   "Groningen", 
   "Nijmegen", 
   "Breda", 
   "Apeldoorn"
  ], 
  "reward_matrix": [
   [
    0, 
    73456, 
    83796, 
    91775, 
    54364, 
    97352, 
    34661, 
    56603, 
    61855, 
    73619
   ], 
   [
    73456, 
    0, 
    99999, 
    84977, 
    65233, 
    67350, 
    4659, 
    64745, 
    90554, 
    57702
   ], 
   [
    83796, 
    99999, 
    0, 
    74637, 
    54893, 
    70810, 
    8119, 
    54405, 
    80214, 
    47362
   ], 
   [
    91775, 
    84977, 
    74637, 
    0, 
    72927, 
    92712, 
    30020, 
    75166, 
    80418, 
    83064
   ], 
   [
    54364, 
    65233, 
    54893, 
    72927, 
    0, 
    55300, 
    1117, 
    81761, 
    85018, 
    58516
   ], 
   [
    97352, 
    67350, 
    70810, 
    92712, 
    55300, 
    0, 
    47647, 
    57539, 
    62791, 
    77731
   ], 
   [
    34661, 
    4659, 
    8119, 
    30020, 
    1117, 
    47647, 
    0, 
    29695, 
    100, 
    52939
   ], 
   [
    56603, 
    64745, 
    54405, 
    75166, 
    81761, 
    57539, 
    29695, 
    0, 
    71177, 
    87094
   ], 
   [
    61855, 
    90554, 
    80214, 
    80418, 
    85018, 
    62791, 
    100, 
    71177, 
    0, 
    53143
   ], 
   [
    73619, 
    57702, 
    47362, 
    83064, 
    58516, 
    77731, 
    52939, 
    87094, 
    53143, 
    0
   ]
  ], 
  "probability_matrix": [
   [
    0, 
    0.19780690726853786, 
    0.2093813566012249, 
    0.14786852117562121, 
    0.042917560317947696, 
    0.08361681416175007, 
    0.08256361870426322, 
    0.09455647583123292, 
    0.13860236397242695, 
    0.002686381966995258
   ], 
   [
    0.1473146149396036, 
    0, 
    0.0644448160237044, 
    0.16355015217976568, 
    0.2098157342878, 
    0.006192307969992492, 
    0.022470951567931857, 
    0.018861704536051547, 
    0.13356990970152147, 
    0.23377980879362892
   ], 
   [
    0.10591186084086301, 
    0.04597800081719328, 
    0, 
    0.16851826453390836, 
    0.1343703290057079, 
    0.20011672807408093, 
    0.12880266473649724, 
    0.07732552023343486, 
    0.02498556416609309, 
    0.11399106759222154
   ], 
   [
    0.07765549078929593, 
    0.12871745855885658, 
    0.05601216687119922, 
    0, 
    0.2031718634395326, 
    0.20388911186863323, 
    0.0887954217662506, 
    0.10041383090038568, 
    0.022869935847730144, 
    0.11847471995811602
   ], 
   [
    0.05630579831991676, 
    0.04643589199763136, 
    0.13220327369948168, 
    0.12583591371706274, 
    0, 
    0.08568207227379046, 
    0.1283750621889959, 
    0.17469750549694557, 
    0.05987015380234375, 
    0.1905943285038317
   ], 
   [
    0.009870083915541573, 
    0.15131010161135347, 
    0.1597116999252925, 
    0.09787283172287806, 
    0.18565448711648838, 
    0, 
    0.10735557157841841, 
    0.11368261525045606, 
    0.10479678532641166, 
    0.06974582355315996
   ], 
   [
    0.07028938867197049, 
    0.13133495243206939, 
    0.057508392025730486, 
    0.05907891204937431, 
    0.03488070013586036, 
    0.18381210785796837, 
    0, 
    0.06273848590305352, 
    0.22270955096484552, 
    0.17764750995912768
   ], 
   [
    0.19068521269505834, 
    0.1437304537134588, 
    0.06611555200195918, 
    0.12130479173725317, 
    0.1540790725634231, 
    0.009828771442137294, 
    0.08042397783476113, 
    0, 
    0.09469386403518078, 
    0.13913830397676846
   ], 
   [
    0.012680480988110395, 
    0.15728731419004285, 
    0.06741058694560505, 
    0.040288430962734635, 
    0.22131436805058038, 
    0.15180936232759, 
    0.06535833210696025, 
    0.2414776502803451, 
    0, 
    0.0423734741480314
   ], 
   [
    0.051601216117722136, 
    0.07775811269214306, 
    0.1853506327645584, 
    0.1014122142372409, 
    0.13401332047019146, 
    0.14817347674236664, 
    0.05951742180372311, 
    0.14187093993750294, 
    0.10030266523455138, 
    0
   ]
  ]
 }, 
 "vehicle_capacities": [
  15, 
  15, 
  15, 
  5, 
  20, 
  30, 
  30, 
  30, 
  30, 
  30
 ]
}