{
 "vehicle_cost_per_km": [
  5, 
  5, 
  5, 
  5, 
  5
 ], 
 "runs": [
  {
   "avg_task_cost_vs_number_of_task": [
    243, 
    582.5, 
    604.5, 
    840.875, 
    701.7, 
    582.3333333333334, 
    517.8571428571429, 
    453.12500000000006, 
    402.7777777777778, 
    362.50000000000006, 
    360.04545454545456, 
    362.625, 
    304.65384615384613, 
    328.10714285714283, 
    274.1, 
    250.81249999999997, 
    286.8529411764706, 
    242.61111111111111, 
    252.81578947368422, 
    200.64999999999998, 
    233.92857142857142, 
    253.9090909090909, 
    248.26086956521743, 
    266.3333333333334, 
    277.48, 
    265.6346153846153, 
    246.53703703703698, 
    265.92857142857144, 
    244.9310344827587, 
    200.05
   ], 
   "number_of_vehicles": 2
  }, 
  {
   "avg_task_cost_vs_number_of_task": [
    243, 
    582.5, 
    604.5, 
    580.375, 
    497.1, 
    414.25, 
    367.14285714285717, 
    417.5, 
    402.7777777777778, 
    334, 
    303.6363636363636, 
    278.3333333333333, 
    304.65384615384613, 
    288.25, 
    279.99999999999994, 
    256.96875, 
    237.38235294117646, 
    237.9166666666667, 
    221.0526315789473, 
    253.025, 
    241.52380952380952, 
    208.4318181818182, 
    243.8913043478261, 
    204.89583333333334, 
    218.34, 
    218.9615384615385, 
    236, 
    226.46428571428572, 
    227.8448275862069, 
    220.3833333333333
   ], 
   "number_of_vehicles": 3
  }, 
  {
   "avg_task_cost_vs_number_of_task": [
    243, 
    407, 
    487.5, 
    580.375, 
    497.1, 
    414.25, 
    367.14285714285717, 
    417.5, 
    371.1111111111111, 
    334, 
    303.6363636363636, 
    278.3333333333333, 
    304.65384615384613, 
    288.25, 
    269.03333333333336, 
    263.40625, 
    250.6764705882353, 
    243.63888888888889, 
    230.89473684210526, 
    253.175, 
    251.42857142857142, 
    201.3409090909091, 
    234.8913043478261, 
    225.16666666666666, 
    245.14, 
    224.1346153846154, 
    224, 
    250.96428571428572, 
    196.98275862068965, 
    225.50000000000003
   ], 
   "number_of_vehicles": 4
  }, 
  {
   "avg_task_cost_vs_number_of_task": [
    243, 
    407, 
    487.5, 
    580.375, 
    497.1, 
    414.25, 
    367.14285714285717, 
    417.5, 
    371.1111111111111, 
    334, 
    303.6363636363636, 
    278.3333333333333, 
    292.7307692307692, 
    278, 
    267.5333333333333, 
    256.96875, 
    265.8235294117647, 
    261.72222222222223, 
    237.84210526315783, 
    234.675, 
    235.5952380952381, 
    226.61363636363637, 
    217.2608695652174, 
    204.4791666666667, 
    221.8, 
    206.17307692307696, 
    237.0185185185185, 
    222.37499999999997, 
    204.8448275862069, 
    224.6
   ], 
   "number_of_vehicles": 5
  }
 ], 
 "vehicle_starting_positions": [
  "Rotterdam", 
  "Eindhoven", 
  "Groningen", 
  "Nijmegen", 
  "Almere", 
  "Amsterdam", 
  "Den Haag", 
  "Utrecht", 
  "Breda", 
  "Apeldoorn"
 ], 
 "task_distribution": {
  "distance_matrix": [
   [
    0, 
    90.6, 
    65.2, 
    45.6, 
    137.5, 
    31.9, 
    185.9, 
    132, 
    119.1, 
    90.2
   ], 
   [
    90.6, 
    0, 
    25.4, 
    62.3, 
    110.8, 
    105.6, 
    259.6, 
    112, 
    48.6, 
    129.3
   ], 
   [
    65.2, 
    25.4, 
    0, 
    87.7, 
    136.2, 
    97.1, 
    251.1, 
    137.4, 
    74, 
    154.7
   ], 
   [
    45.6, 
    62.3, 
    87.7, 
    0, 
    91.9, 
    43.3, 
    197.3, 
    86.4, 
    73.5, 
    67
   ], 
   [
    137.5, 
    110.8, 
    136.2, 
    91.9, 
    0, 
    135.2, 
    268.3, 
    70.2, 
    62.2, 
    127.3
   ], 
   [
    31.9, 
    105.6, 
    97.1, 
    43.3, 
    135.2, 
    0, 
    154, 
    129.7, 
    116.8, 
    80.1
   ], 
   [
    185.9, 
    259.6, 
    251.1, 
    197.3, 
    268.3, 
    154, 
    0, 
    198.1, 
    270.8, 
    141
   ], 
   [
    132, 
    112, 
    137.4, 
    86.4, 
    70.2, 
    129.7, 
    198.1, 
    0, 
    96.2, 
    57.1
   ], 
   [
    119.1, 
    48.6, 
    74, 
    73.5, 
    62.2, 
    116.8, 
    270.8, 
    96.2, 
    0, 
    140.5
   ], 
   [
    90.2, 
    129.3, 
    154.7, 
    67, 
    127.3, 
    80.1, 
    141, 
    57.1, 
    140.5, 
    0
   ]
  ], 
  "weight_matrix": [
   [
    0, 
    3, 
    3, 
    3, 
    3, 
    3, 
    3, 
    3, 
    3, 
    3
   ], 
   [
    3, 
    0, 
    3, 
    3, 
    3, 
    3, 
    3, 
    3, 
    3, 
    3
   ], 
   [
    3, 
    3, 
    0, 
    3, 
    3, 
    3, 
    3, 
    3, 
    3, 
    3
   ], 
   [
    3, 
    3, 
    3, 
    0, 
    3, 
    3, 
    3, 
    3, 
    3, 
    3
   ], 
   [
    3, 
    3, 
    3, 
    3, 
    0, 
    3, 
    3, 
    3, 
    3, 
    3
   ], 
   [
    3, 
    3, 
    3, 
    3, 
    3, 
    0, 
    3, 
    3, 
    3, 
    3
   ], 
   [
    3, 
    3, 
    3, 
    3, 
    3, 
    3, 
    0, 
    3, 
    3, 
    3
   ], 
   [
    3, 
    3, 
    3, 
    3, 
    3, 
    3, 
    3, 
    0, 
    3, 
    3
   ], 
   [
    3, 
    3, 
    3, 
    3, 
    3, 
    3, 
    3, 
    3, 
    0, 
    3
   ], 
   [
    3, 
    3, 
    3, 
    3, 
    3, 
    3, 
    3, 
    3, 
    3, 
    0
   ]
  ], 
  "city_names": [
   "Amsterdam", 
   "Rotterdam", 
   "Den Haag", 
   "Utrecht", 
   "Eindhoven", 
   "Almere", 
   "Groningen", 
   "Nijmegen", 
   "Breda", 
   "Apeldoorn"
  ], 
  "reward_matrix": [
   [
    0, 
    73456, 
    83796, 
    91775, 
    54364, 
    97352, 
    34661, 
    56603, 
    61855, 
    73619
   ], 
   [
    73456, 
    0, 
    99999, 
    84977, 
    65233, 
    67350, 
    4659, 
    64745, 
    90554, 
    57702
   ], 
   [
    83796, 
    99999, 
    0, 
    74637, 
    54893, 
    70810, 
    8119, 
    54405, 
    80214, 
    47362
   ], 
   [
    91775, 
    84977, 
    74637, 
    0, 
    72927, 
    92712, 
    30020, 
    75166, 
    80418, 
    83064
   ], 
   [
    54364, 
    65233, 
    54893, 
    72927, 
    0, 
    55300, 
    1117, 
    81761, 
    85018, 
    58516
   ], 
   [
    97352, 
    67350, 
    70810, 
    92712, 
    55300, 
    0, 
    47647, 
    57539, 
    62791, 
    77731
   ], 
   [
    34661, 
    4659, 
    8119, 
    30020, 
    1117, 
    47647, 
    0, 
    29695, 
    100, 
    52939
   ], 
   [
    56603, 
    64745, 
    54405, 
    75166, 
    81761, 
    57539, 
    29695, 
    0, 
    71177, 
    87094
   ], 
   [
    61855, 
    90554, 
    80214, 
    80418, 
    85018, 
    62791, 
    100, 
    71177, 
    0, 
    53143
   ], 
   [
    73619, 
    57702, 
    47362, 
    83064, 
    58516, 
    77731, 
    52939, 
    87094, 
    53143, 
    0
   ]
  ],