{
 "vehicle_cost_per_km": [
  5, 
  5, 
  5, 
  5, 
  5
 ], 
 "runs": [
  {
   "avg_task_cost_vs_number_of_task": [
    851.5, 
    561.5, 
    501.83333333333326, 
    776.625, 
    670.1999999999999, 
    579.6666666666666, 
    496.85714285714283, 
    475.5, 
    473.22222222222223, 
    401.95, 
    394.8636363636364, 
    417.4583333333333, 
    359.11538461538464, 
    341.9642857142858, 
    334.76666666666665, 
    347.40624999999994, 
    297.55882352941177, 
    302.97222222222223, 
    304, 
    304.3, 
    286.54761904761904, 
    276.1363636363636, 
    266.4130434782609, 
    270.7291666666666, 
    272.66, 
    255.09615384615384, 
    279.4074074074074, 
    245, 
    269.58620689655174, 
    268.05
   ], 
   "number_of_vehicles": 3
  }
 ], 
 "vehicle_starting_positions": [
  "Amsterdam", 
  "Rotterdam", 
  "Den Haag", 
  "Utrecht", 
  "Eindhoven", 
  "Almere", 
  "Groningen", 
  "Nijmegen", 
  "Breda", 
  "Apeldoorn"
 ], 
 "task_distribution": {
  "distance_matrix": [
   [
    0, 
    90.6, 
    65.2, 
    45.6, 
    137.5, 
    31.9, 
    185.9, 
    132, 
    119.1, 
    90.2
   ], 
   [
    90.6, 
    0, 
    25.4, 
    62.3, 
    110.8, 
    105.6, 
    259.6, 
    112, 
    48.6, 
    129.3
   ], 
   [
    65.2, 
    25.4, 
    0, 
    87.7, 
    136.2, 
    97.1, 
    251.1, 
    137.4, 
    74, 
    154.7
   ], 
   [
    45.6, 
    62.3, 
    87.7, 
    0, 
    91.9, 
    43.3, 
    197.3, 
    86.4, 
    73.5, 
    67
   ], 
   [
    137.5, 
    110.8, 
    136.2, 
    91.9, 
    0, 
    135.2, 
    268.3, 
    70.2, 
    62.2, 
    127.3
   ], 
   [
    31.9, 
    105.6, 
    97.1, 
    43.3, 
    135.2, 
    0, 
    154, 
    129.7, 
    116.8, 
    80.1
   ], 
   [
    185.9, 
    259.6, 
    251.1, 
    197.3, 
    268.3, 
    154, 
    0, 
    198.1, 
    270.8, 
    141
   ], 
   [
    132, 
    112, 
    137.4, 
    86.4, 
    70.2, 
    129.7, 
    198.1, 
    0, 
    96.2, 
    57.1
   ], 
   [
    119.1, 
    48.6, 
    74, 
    73.5, 
    62.2, 
    116.8, 
    270.8, 
    96.2, 
    0, 
    140.5
   ], 
   [
    90.2, 
    129.3, 
    154.7, 
    67, 
    127.3, 
    80.1, 
    141, 
    57.1, 
    140.5, 
    0
   ]
  ], 
  "weight_matrix": [
   [
    0, 
    3, 
    3, 
    3, 
    3, 
    3, 
    3, 
    3, 
    3, 
    3
   ], 
   [
    3, 
    0, 
    3, 
    3, 
    3, 
    3, 
    3, 
    3, 
    3, 
    3
   ], 
   [
    3, 
    3, 
    0, 
    3, 
    3, 
    3, 
    3, 
    3, 
    3, 
    3
   ], 
   [
    3, 
    3, 
    3, 
    0, 
    3, 
    3, 
    3, 
    3, 
    3, 
    3
   ], 
   [
    3, 
    3, 
    3, 
    3, 
    0, 
    3, 
    3, 
    3, 
    3, 
    3
   ], 
   [
    3, 
    3, 
    3, 
    3, 
    3, 
    0, 
    3, 
    3, 
    3, 
    3
   ], 
   [
    3, 
    3, 
    3, 
    3, 
    3, 
    3, 
    0, 
    3, 
    3, 
    3
   ], 
   [
    3, 
    3, 
    3, 
    3, 
    3, 
    3, 
    3, 
    0, 
    3, 
    3
   ], 
   [
    3, 
    3, 
    3, 
    3, 
    3, 
    3, 
    3, 
    3, 
    0, 
    3
   ], 
   [
    3, 
    3, 
    3, 
    3, 
    3, 
    3, 
    3, 
    3, 
    3, 
    0
   ]
  ], 
  "city_names": [
   "Amsterdam", 
   "Rotterdam", 
   "Den Haag", 
   "Utrecht", 
   "Eindhoven", 
   "Almere", 
   "Groningen", 
   "Nijmegen", 
   "Breda", 
   "Apeldoorn"
  ], 
  "reward_matrix": [
   [
    0, 
    73456, 
    83796, 
    91775, 
    54364, 
    97352, 
    34661, 
    56603, 
    61855, 
    73619
   ], 
   [
    73456, 
    0, 
    99999, 
    84977, 
    65233, 
    67350, 
    4659, 
    64745, 
    90554, 
    57702
   ], 
   [
    83796, 
    99999, 
    0, 
    74637, 
    54893, 
    70810, 
    8119, 
    54405, 
    80214, 
    47362
   ], 
   [
    91775, 
    84977, 
    74637, 
    0, 
    72927, 
    92712, 
    30020, 
    75166, 
    80418, 
    83064
   ], 
   [
    54364, 
    65233, 
    54893, 
    72927, 
    0, 
    55300, 
    1117, 
    81761, 
    85018, 
    58516
   ], 
   [
    97352, 
    67350, 
    70810, 
    92712, 
    55300, 
    0, 
    47647, 
    57539, 
    62791, 
    77731
   ], 
   [
    34661, 
    4659, 
    8119, 
    30020, 
    1117, 
    47647, 
    0, 
    29695, 
    100, 
    52939
   ], 
   [
    56603, 
    64745, 
    54405, 
    75166, 
    81761, 
    57539, 
    29695, 
    0, 
    71177, 
    87094
   ], 
   [
    61855, 
    90554, 
    80214, 
    80418, 
    85018, 
    62791, 
    100, 
    71177, 
    0, 
    53143
   ], 
   [
    73619, 
    57702, 
    47362, 
    83064, 
    58516, 
    77731, 
    52939, 
    87094, 
    53143, 
    0
   ]
  ], 
  "probability_matrix": [
   [
    0, 
    0.1949772640746729, 
    0.07704585612127948, 
    0.153196454643624, 
    0.13962455457293846, 
    0.03799324434326146, 
    0.20438768961981427, 
    0.039265227559449334, 
    0.14255265144202378, 
    0.010957057622936264
   ], 
   [
    0.205603401244969, 
    0, 
    0.1486562327276921, 
    0.08204698035897225, 
    0.12795576681761384, 
    0.03486549817389578, 
    0.1292825050806298, 
    0.12594547048313168, 
    0.1287033389372763, 
    0.016940806175819403
   ], 
   [
    0.171220188104266, 
    0.06675223839387139, 
    0, 
    0.016021922701105404, 
    0.0446154686338537, 
    0.10898259372975844, 
    0.13712172590904528, 
    0.15138278079819584, 
    0.15769570483634487, 
    0.14620737689355906
   ], 
   [
    0.16026691511194577, 
    0.06806959850530372, 
    0.03511588839393919, 
    0, 
    0.09935693025325397, 
    0.11848351574805473, 
    0.0929814183215153, 
    0.20443682107053096, 
    0.04789857468333161, 
    0.17339033791212474
   ], 
   [
    0.09396610744452485, 
    0.16105185983607415, 
    0.01814714884596889, 
    0.18376600045237204, 
    0, 
    0.06790875896131211, 
    0.16943143579609599, 
    0.12298320150808181, 
    0.0043811255444933936, 
    0.17836436161107672
   ], 
   [
    0.18366392026146605, 
    0.02804353948847978, 
    0.15900066054274595, 
    0.07806131573048235, 
    0.1507867088781789, 
    0, 
    0.07127794842035533, 
    0.13503233365235337, 
    0.09117856421867718, 
    0.10295500880726106
   ], 
   [
    0.04655869141920982, 
    0.07673937072718898, 
    0.2355668775372656, 
    0.07162470006399398, 
    0.06909561703213356, 
    0.10140832462007804, 
    0, 
    0.06210017658416275, 
    0.3010659002077577, 
    0.03584034180820956
   ], 
   [
    0.1894142850006786, 
    0.17679288779042554, 
    0.01888326724935497, 
    0.029090566426996346, 
    0.06423476025094348, 
    0.15201707284355243, 
    0.08542954126435244, 
    0, 
    0.1877652253850648, 
    0.09637239378863137
   ], 
   [
    0.08920127095819777, 
    0.14210340722927003, 
    0.1642482310363594, 
    0.04936749359582996, 
    0.19841845003775319, 
    0.15173313972471006, 
    0.07661182083838475, 
    0.12709846285616236, 
    0, 
    0.0012177237233325735
   ], 
   [
    0.04625965763095123, 
    0.19996220679740628, 
    0.17233600271750385, 
    0.03857831811736429, 
    0.025307669851829116, 
    0.2826558830232757, 
    0.09423194749904229, 
    0.014061083996441947, 
    0.12660723036618537, 
    0
   ]
  ]
 }, 
 "vehicle_capacities": [
  15, 
  15, 
  15, 
  5, 
  20, 
  30, 
  30, 
  30, 
  30, 
  30
 ]
}