{
    "vehicle_cost_per_km": [
        5, 
        5, 
        5, 
        5, 
        5
    ], 
    "runs": [
        {
            "avg_task_cost_vs_number_of_task": [
                4055, 
                2668.5, 
                2607.5, 
                2702.5, 
                2162, 
                2122.9999999999995, 
                1948.5714285714282, 
                1852.4999999999998, 
                1726.5555555555554, 
                1759.5999999999992, 
                1637.1818181818178, 
                1596.5833333333333, 
                1505.5384615384612, 
                1628.285714285714, 
                1847.9999999999995, 
                1732.4999999999995, 
                1630.588235294117, 
                1603.8888888888885, 
                1519.473684210526, 
                1502.4999999999995, 
                1596.6666666666663, 
                1635.363636363636, 
                1678.239130434782, 
                1587.7916666666667, 
                1554.2, 
                1510.307692307692, 
                1533.2222222222222, 
                1554.5, 
                1644.8965517241375, 
                1606.483333333333
            ], 
            "number_of_vehicles": 3
        }
    ], 
    "vehicle_starting_positions": [
        "Newcastle", 
        "Cardiff", 
        "Plymouth", 
        "Norwich", 
        "Manchester", 
        "London", 
        "Leeds", 
        "Sheffield", 
        "Birmingham", 
        "Liverpool", 
        "Portsmouth"
    ], 
    "task_distribution": {
        "distance_matrix": [
            [
                0, 
                345, 
                477.8, 
                348, 
                209.9, 
                233, 
                246.5, 
                205.2, 
                115, 
                244.6, 
                307.8
            ], 
            [
                345, 
                0, 
                592.8, 
                463, 
                205.7, 
                348, 
                98.5, 
                139.8, 
                230, 
                171, 
                422.8
            ], 
            [
                477.8, 
                592.8, 
                0, 
                359.8, 
                457.7, 
                244.8, 
                494.3, 
                453, 
                362.8, 
                492.4, 
                170
            ], 
            [
                348, 
                463, 
                359.8, 
                0, 
                327.9, 
                115, 
                364.5, 
                323.2, 
                233, 
                362.6, 
                189.8
            ], 
            [
                209.9, 
                205.7, 
                457.7, 
                327.9, 
                0, 
                212.9, 
                107.2, 
                148.5, 
                94.9, 
                34.7, 
                287.7
            ], 
            [
                233, 
                348, 
                244.8, 
                115, 
                212.9, 
                0, 
                249.5, 
                208.2, 
                118, 
                247.6, 
                74.8
            ], 
            [
                246.5, 
                98.5, 
                494.3, 
                364.5, 
                107.2, 
                249.5, 
                0, 
                41.3, 
                131.5, 
                72.5, 
                324.3
            ], 
            [
                205.2, 
                139.8, 
                453, 
                323.2, 
                148.5, 
                208.2, 
                41.3, 
                0, 
                90.2, 
                113.8, 
                283
            ], 
            [
                115, 
                230, 
                362.8, 
                233, 
                94.9, 
                118, 
                131.5, 
                90.2, 
                0, 
                129.6, 
                192.8
            ], 
            [
                244.6, 
                171, 
                492.4, 
                362.6, 
                34.7, 
                247.6, 
                72.5, 
                113.8, 
                129.6, 
                0, 
                322.4
            ], 
            [
                307.8, 
                422.8, 
                170, 
                189.8, 
                287.7, 
                74.8, 
                324.3, 
                283, 
                192.8, 
                322.4, 
                0
            ]
        ], 
        "weight_matrix": [
            [
                0, 
                3, 
                3, 
                3, 
                3, 
                3, 
                3, 
                3, 
                3, 
                3, 
                3
            ], 
            [
                3, 
                0, 
                3, 
                3, 
                3, 
                3, 
                3, 
                3, 
                3, 
                3, 
                3
            ], 
            [
                3, 
                3, 
                0, 
                3, 
                3, 
                3, 
                3, 
                3, 
                3, 
                3, 
                3
            ], 
            [
                3, 
                3, 
                3, 
                0, 
                3, 
                3, 
                3, 
                3, 
                3, 
                3, 
                3
            ], 
            [
                3, 
                3, 
                3, 
                3, 
                0, 
                3, 
                3, 
                3, 
                3, 
                3, 
                3
            ], 
            [
                3, 
                3, 
                3, 
                3, 
                3, 
                0, 
                3, 
                3, 
                3, 
                3, 
                3
            ], 
            [
                3, 
                3, 
                3, 
                3, 
                3, 
                3, 
                0, 
                3, 
                3, 
                3, 
                3
            ], 
            [
                3, 
                3, 
                3, 
                3, 
                3, 
                3, 
                3, 
                0, 
                3, 
                3, 
                3
            ], 
            [
                3, 
                3, 
                3, 
                3, 
                3, 
                3, 
                3, 
                3, 
                0, 
                3, 
                3
            ], 
            [
                3, 
                3, 
                3, 
                3, 
                3, 
                3, 
                3, 
                3, 
                3, 
                0, 
                3
            ], 
            [
                3, 
                3, 
                3, 
                3, 
                3, 
                3, 
                3, 
                3, 
                3, 
                3, 
                0
            ]
        ],