{
    "vehicle_starting_positions": ["Newcastle","Cardiff","Plymouth","Norwich","Manchester","London","Leeds","Sheffield","Birmingham","Liverpool","Portsmouth"],
    "task_distribution": {
        "distance_matrix": [
            [0,345,477.8,348,209.9,233,246.5,205.2,115,244.6,307.8],
            [345,0,592.8,463,205.7,348,98.5,139.8,230,171,422.8],
            [477.8,592.8,0,359.8,457.7,244.8,494.3,453,362.8,492.4,170],
            [348,463,359.8,0,327.9,115,364.5,323.2,233,362.6,189.8],
            [209.9,205.7,457.7,327.9,0,212.9,107.2,148.5,94.9,34.7,287.7],
            [233,348,244.8,115,212.9,0,249.5,208.2,118,247.6,74.8],
            [246.5,98.5,494.3,364.5,107.2,249.5,0,41.3,131.5,72.5,324.3],
            [205.2,139.8,453,323.2,148.5,208.2,41.3,0,90.2,113.8,283],
            [115,230,362.8,233,94.9,118,131.5,90.2,0,129.6,192.8],
            [244.6,171,492.4,362.6,34.7,247.6,72.5,113.8,129.6,0,322.4],
            [307.8,422.8,170,189.8,287.7,74.8,324.3,283,192.8,322.4,0]
        ],
        "weight_matrix": [
            [0,3,3,3,3,3,3,3,3,3,3],
            [3,0,3,3,3,3,3,3,3,3,3],
            [3,3,0,3,3,3,3,3,3,3,3],
            [3,3,3,0,3,3,3,3,3,3,3],
            [3,3,3,3,0,3,3,3,3,3,3],
            [3,3,3,3,3,0,3,3,3,3,3],
            [3,3,3,3,3,3,0,3,3,3,3],
            [3,3,3,3,3,3,3,0,3,3,3],
            [3,3,3,3,3,3,3,3,0,3,3],
            [3,3,3,3,3,3,3,3,3,0,3],
            [3,3,3,3,3,3,3,3,3,3,0]
        ],
        "probability_matrix": [
            [0,0.10904520683286435,0.07903794114916446,0.0773359044166732,0.018285222694355965,0.013321078359119677,0.10283118018125896,0.18783392250359057,0.15279610767119328,0.10188103570565064,0.15763240048612892],
            [0.09784508908942745,0,0.1071532765928594,0.13635552446730695,0.04355990233266528,0.12147714680843852,0.07291019089153276,0.14157828860537572,0.11595071367304005,0.04713902356529343,0.11603084397406048],
            [0.023328683893226777,0.17315149846565037,0,0.08154288524222963,0.2231188502853859,0.18162061451355177,0.018739740218841422,0.19062562313514742,0.04454090966208709,0.02106715505603388,0.04226403952784574],
            [0.00404277096342788,0.02944556432297704,0.08699675585133415,0,0.25549003710099827,0.05493058656874038,0.1000706836613486,0.0416174543022062,0.06878281349348929,0.1822140740989013,0.1764092596365769],
            [0.05096150916237673,0.1291824353822659,0.019669857970189438,0.022004304887434094,0,0.1891432260592269,0.19154500883936104,0.0870074941784095,0.20949203720693604,0.053699309193556,0.04729481712024431],
            [0.11285650113387877,0.04041854005218591,0.08169406351501403,0.07133369952664885,0.09183671078980582,0,0.19008213774656524,0.015192336306316563,0.06282597408453738,0.13979823263258773,0.1939618042124597],
            [0.09026284103950394,0.12564257667132908,0.10403461699804244,0.1412998281651283,0.004254504995095358,0.12860785579971146,0,0.06188625116668422,0.08577974094877389,0.13143134309657487,0.12680044111915645],
            [0.17192692486484187,0.07070165690140452,0.1235212856813801,0.11198394140764506,0.008131272110442525,0.028290356925439904,0.06349157747130123,0,0.1705364992812253,0.13636564951142907,0.1150508358448904],
            [0.12145272320967913,0.1427869736522718,0.24046613371220643,0.012278299962933767,0.01066410988916725,0.15403033030068872,0.0019047496192986652,0.02418681640749839,0,0.26957528320982094,0.022654580036435085],
            [0.10694051723570588,0.020664866843404555,0.1671140878639026,0.05915308431421247,0.20186212813189822,0.054964470522483336,0.0490941397252288,0.1893580013607986,0.12714500860802203,0,0.023703695394343704],
            [0.17991114333558095,0.09609680621257996,0.06437638423110464,0.0163535921138706,0.15650252864033995,0.1240754223816559,0.004178032981623632,0.24107895524682368,0.05988736931534987,0.05753976554107083,0]
        ],
        "city_names": ["Cardiff","Newcastle","Plymouth","Norwich","Manchester","London","Leeds","Sheffield","Birmingham","Liverpool","Portsmouth"],
        "reward_matrix": [
            [0,44455,20684,43918,68638,64503,62087,69479,85625,62427,51114],
            [44455,0,100,23333,69390,43918,88578,81186,65040,75601,30529],
            [20684,100,0,41806,24282,62391,17731,25123,41269,18071,75780],
            [43918,23333,41806,0,47516,85625,40965,48357,64503,41305,72236],
            [68638,69390,24282,47516,0,68101,87021,79628,89223,99999,54712],
            [64503,43918,62391,85625,68101,0,61550,68942,85088,61890,92821],
            [62087,88578,17731,40965,87021,61550,0,98817,82671,93232,48161],
            [69479,81186,25123,48357,79628,68942,98817,0,90064,85840,55553],
            [85625,65040,41269,64503,89223,85088,82671,90064,0,83012,71699],
            [62427,75601,18071,41305,99999,61890,93232,85840,83012,0,48501],
            [51114,30529,75780,72236,54712,92821,48161,55553,71699,48501,0]
        ]
    },
    "vehicle_cost_per_km": [10,5,5,5,5,5,5,5,5,5,5],
    "vehicle_capacities": [5,5,5,30,30,30,30,30,30,30,30],
    "runs": [{
        "number_of_vehicles": 3,
        "avg_task_cost_vs_number_of_task": [1398,896.0000000000001,939.3333333333334,1043.75,1245.4,1495,1331,1318.6875,1172.1666666666667,1178.8,1211.545454545455,1171,1150.3076923076922,1094.857142857143,1021.8666666666668,1108.2500000000002,1118.9411764705885,1097.0555555555557,1102.3157894736842,1110.925,1191.7142857142858,1153.3181818181818,1241.434782608696,1326.3333333333333,1355.36,1347.4615384615386,1388.851851851852,1377.7857142857142,1350.5862068965516,1329.5333333333333]
    }]
}