{
    "vehicle_cost_per_km": [
        5, 
        5, 
        5, 
        5, 
        5
    ], 
    "runs": [
        {
            "avg_task_cost_vs_number_of_task": [
                1600.5, 
                987.2500000000001, 
                979.5, 
                1140.7499999999998, 
                1196.1, 
                1136.0833333333333, 
                1146.4999999999998, 
                1003.1874999999999, 
                891.7222222222222, 
                802.55, 
                729.590909090909, 
                668.7916666666666, 
                617.3461538461538, 
                578.9285714285714, 
                628.6333333333333, 
                589.34375, 
                571.1470588235294, 
                539.0833333333334, 
                517.6842105263158, 
                552.625, 
                470.3333333333333, 
                465.86363636363626, 
                575.304347826087, 
                481.02083333333326, 
                561.4, 
                443.71153846153834, 
                463.7592592592592, 
                454.4107142857143, 
                400.4137931034482, 
                421.2166666666666
            ], 
            "number_of_vehicles": 2
        }, 
        {
            "avg_task_cost_vs_number_of_task": [
                1238, 
                806.0000000000001, 
                858.6666666666666, 
                1050.125, 
                1086.6, 
                1136.0833333333333, 
                1146.4999999999998, 
                1003.1874999999999, 
                891.7222222222222, 
                802.55, 
                779.5, 
                714.5416666666666, 
                655.1153846153846, 
                622.1785714285714, 
                604.8666666666667, 
                613.6875, 
                557.2647058823529, 
                575.8055555555555, 
                520.6578947368421, 
                473.675, 
                524.2380952380952, 
                441.0681818181818, 
                469.43478260869557, 
                492.45833333333326, 
                525.44, 
                492.6923076923077, 
                479.3333333333333, 
                439.66071428571433, 
                478.43103448275855, 
                382.8500000000001
            ], 
            "number_of_vehicles": 3
        }, 
        {
            "avg_task_cost_vs_number_of_task": [
                1238, 
                806.0000000000001, 
                858.6666666666666, 
                1050.125, 
                1086.6, 
                1138.5, 
                1150.7142857142858, 
                1003.1874999999999, 
                891.7222222222222, 
                857.45, 
                779.5, 
                725.875, 
                670.0384615384615, 
                655.25, 
                628.6333333333333, 
                584.1875, 
                560.5882352941177, 
                519.2777777777778, 
                669.5, 
                484.7, 
                464.76190476190476, 
                459.40909090909093, 
                586.8913043478261, 
                469.0416666666668, 
                449.84, 
                501.923076923077, 
                460.85185185185185, 
                478.14285714285717, 
                416.03448275862064, 
                410.25
            ], 
            "number_of_vehicles": 4
        }, 
        {
            "avg_task_cost_vs_number_of_task": [
                1238, 
                806.0000000000001, 
                858.6666666666666, 
                1050.125, 
                1045.3, 
                1101.6666666666665, 
                1075.642857142857, 
                919.5, 
                868.7777777777777, 
                842.45, 
                765.8636363636364, 
                651.5833333333333, 
                648.0384615384615, 
                607.4285714285714, 
                566.9333333333333, 
                638.40625, 
                548.4411764705883, 
                517.9722222222222, 
                501.57894736842104, 
                495.8, 
                686.3333333333334, 
                423.79545454545456, 
                490.39130434782606, 
                462.8958333333333, 
                477.0200000000001, 
                486.9615384615386, 
                443.037037037037, 
                506.41071428571433, 
                489.05172413793105, 
                426.50000000000006
            ], 
            "number_of_vehicles": 5
        }
    ], 
    "vehicle_starting_positions": [
        "Leeds", 
        "London", 
        "Liverpool", 
        "Newcastle", 
        "Sheffield", 
        "Birmingham", 
        "Cardiff", 
        "Plymouth", 
        "Norwich", 
        "Manchester", 
        "Portsmouth"
    ], 
    "task_distribution": {
        "weight_matrix": [
            [
                0, 
                3, 
                3, 
                3, 
                3, 
                3, 
                3, 
                3, 
                3, 
                3, 
                3
            ], 
            [
                3, 
                0, 
                3, 
                3, 
                3, 
                3, 
                3, 
                3, 
                3, 
                3, 
                3
            ], 
            [
                3, 
                3, 
                0, 
                3, 
                3, 
                3, 
                3, 
                3, 
                3, 
                3, 
                3
            ], 
            [
                3, 
                3, 
                3, 
                0, 
                3, 
                3, 
                3, 
                3, 
                3, 
                3, 
                3
            ], 
            [
                3, 
                3, 
                3, 
                3, 
                0, 
                3, 
                3, 
                3, 
                3, 
                3, 
                3
            ], 
            [
                3, 
                3, 
                3, 
                3, 
                3, 
                0, 
                3, 
                3, 
                3, 
                3, 
                3
            ], 
            [
                3, 
                3, 
                3, 
                3, 
                3, 
                3, 
                0, 
                3, 
                3, 
                3, 
                3
            ], 
            [
                3, 
                3, 
                3, 
                3, 
                3, 
                3, 
                3, 
                0, 
                3, 
                3, 
                3
            ], 
            [
                3, 
                3, 
                3, 
                3, 
                3, 
                3, 
                3, 
                3, 
                0, 
                3, 
                3
            ], 
            [
                3, 
                3, 
                3, 
                3, 
                3, 
                3, 
                3, 
                3, 
                3, 
                0, 
                3
            ], 
            [
                3, 
                3, 
                3, 
                3, 
                3, 
                3, 
                3, 
                3, 
                3, 
                3, 
                0
            ]
        ],