{
    "vehicle_starting_positions": ["Newcastle","Cardiff","Plymouth","Norwich","Manchester","London","Leeds","Sheffield","Birmingham","Liverpool","Portsmouth"],
    "task_distribution": {
        "distance_matrix": [
            [0,345,477.8,348,209.9,233,246.5,205.2,115,244.6,307.8],
            [345,0,592.8,463,205.7,348,98.5,139.8,230,171,422.8],
            [477.8,592.8,0,359.8,457.7,244.8,494.3,453,362.8,492.4,170],
            [348,463,359.8,0,327.9,115,364.5,323.2,233,362.6,189.8],
            [209.9,205.7,457.7,327.9,0,212.9,107.2,148.5,94.9,34.7,287.7],
            [233,348,244.8,115,212.9,0,249.5,208.2,118,247.6,74.8],
            [246.5,98.5,494.3,364.5,107.2,249.5,0,41.3,131.5,72.5,324.3],
            [205.2,139.8,453,323.2,148.5,208.2,41.3,0,90.2,113.8,283],
            [115,230,362.8,233,94.9,118,131.5,90.2,0,129.6,192.8],
            [244.6,171,492.4,362.6,34.7,247.6,72.5,113.8,129.6,0,322.4],
            [307.8,422.8,170,189.8,287.7,74.8,324.3,283,192.8,322.4,0]
        ],
        "weight_matrix": [
            [0,3,3,3,3,3,3,3,3,3,3],
            [3,0,3,3,3,3,3,3,3,3,3],
            [3,3,0,3,3,3,3,3,3,3,3],
            [3,3,3,0,3,3,3,3,3,3,3],
            [3,3,3,3,0,3,3,3,3,3,3],
            [3,3,3,3,3,0,3,3,3,3,3],
            [3,3,3,3,3,3,0,3,3,3,3],
            [3,3,3,3,3,3,3,0,3,3,3],
            [3,3,3,3,3,3,3,3,0,3,3],
            [3,3,3,3,3,3,3,3,3,0,3],
            [3,3,3,3,3,3,3,3,3,3,0]
        ],
        "probability_matrix": [
            [0,0.16367221078315167,0.062357336613261496,0.0955993475974172,0.014211481335067151,0.05478424280477666,0.11608908015219466,0.10426450807535508,0.1556246623235841,0.04220489615257369,0.19119223416261819],
            [0.007659390379008196,0,0.0968914874165276,0.10265777721726133,0.1530616685161556,0.08241383158075934,0.1306475343232082,0.057298780154726184,0.09248275307396728,0.121454533392927,0.15543224394545926],
            [0.07237546862291358,0.1146996011904201,0,0.20616645968710426,0.1368776757002376,0.052225220637777514,0.1944440193108843,0.001524110888351086,0.01667947408877893,5.488441942718842E-4,0.20445912567926086],
            [0.14968877609834413,0.027460604952151725,0.05807642599976869,0,0.1927218613675583,0.03478417778481544,0.19904885100820507,0.15996412500145513,0.09104978449834096,0.04543658774524541,0.041768805544114974],
            [0.19481544678562915,0.11574163607609499,0.10620457684874168,0.06905994240925704,0,0.16893561873238114,0.01379758881925465,0.19956361495100064,0.004364785878051054,0.050266345706507815,0.07725044379308164],
            [0.12191633426505477,0.1251171340837598,0.2029697455765716,0.07051582799890291,0.022013172079199166,0,0.12364213031652259,0.18266585514506803,0.14520575788902315,0.003892717772638656,0.0020613248732594402],
            [0.013064070269398074,0.04180032180043218,0.10757836511311476,0.01777011483894976,0.1827984027191024,0.1378711942299815,0,0.09768911644293007,0.024241492387480627,0.22033233049282291,0.15685459170578755],
            [0.1476300114518093,0.1771700423646724,0.03676813023651456,0.096029337861639,0.06788459855788571,0.15864660327029345,0.033750497809596706,0,0.06799046871102332,0.1568076307484667,0.05732267898809882],
            [0.16608245774902344,8.56022155552774E-4,0.05597466124179097,0.07318739512240084,0.14940752900854057,0.022279868126947162,0.12869149147194778,0.17288221413381694,0,0.0650575472293978,0.16558081376058187],
            [0.0560010211825981,0.06080545960537829,0.17773850747992523,0.1117392610440674,0.04412038137168466,0.09605032832176681,0.07634944129210129,0.11487084718822878,0.1743100922817804,0,0.088014660232469],
            [0.09933824802522155,0.20277750017439966,0.11052996438741193,0.04118315561064311,0.011703920499935544,0.16763876890139634,0.030813661948670898,0.03480556605956156,0.22133719779720365,0.07987201659555586,0]
        ],
        "city_names": ["Cardiff","Newcastle","Plymouth","Norwich","Manchester","London","Leeds","Sheffield","Birmingham","Liverpool","Portsmouth"],
        "reward_matrix": [
            [0,44455,20684,43918,68638,64503,62087,69479,85625,62427,51114],
            [44455,0,100,23333,69390,43918,88578,81186,65040,75601,30529],
            [20684,100,0,41806,24282,62391,17731,25123,41269,18071,75780],
            [43918,23333,41806,0,47516,85625,40965,48357,64503,41305,72236],
            [68638,69390,24282,47516,0,68101,87021,79628,89223,99999,54712],
            [64503,43918,62391,85625,68101,0,61550,68942,85088,61890,92821],
            [62087,88578,17731,40965,87021,61550,0,98817,82671,93232,48161],
            [69479,81186,25123,48357,79628,68942,98817,0,90064,85840,55553],
            [85625,65040,41269,64503,89223,85088,82671,90064,0,83012,71699],
            [62427,75601,18071,41305,99999,61890,93232,85840,83012,0,48501],
            [51114,30529,75780,72236,54712,92821,48161,55553,71699,48501,0]
        ]
    },
    "vehicle_cost_per_km": [5,15,15,5,5,5,5,5,5,5,5],
    "vehicle_capacities": [15,15,15,30,30,30,30,30,30,30,30],
    "runs": [{
        "number_of_vehicles": 3,
        "avg_task_cost_vs_number_of_task": [699,2717.75,1976,1769.5,1486.1999999999998,1238.4999999999998,1061.5714285714284,928.875,825.6666666666666,915.6,969.8181818181819,953.5833333333334,943.7692307692306,871.6428571428572,1034.5333333333333,869.1875,793.9411764705882,1072.8055555555557,951.4736842105264,956.3499999999998,900.1904761904761,904.4545454545455,973,954.5,1022.8399999999997,986.0000000000001,974.1481481481479,991.3928571428571,1035.0344827586205,997.3666666666668]
    }]
}