{
    "vehicle_cost_per_km": [
        5, 
        5, 
        5, 
        5, 
        5
    ], 
    "runs": [
        {
            "avg_task_cost_vs_number_of_task": [
                1224, 
                2418.5, 
                2187.3333333333335, 
                1825.5, 
                1805.4, 
                1504.5, 
                1348.5714285714287, 
                1417.25, 
                1494.6666666666667, 
                1359.6, 
                1462.1818181818182, 
                1485.3333333333333, 
                1426.3846153846155, 
                1474.142857142857, 
                1539.0666666666666, 
                1478.8125, 
                1436.7058823529412, 
                1438, 
                1362.3157894736842, 
                1413.65, 
                1362.8571428571424, 
                1432.9545454545453, 
                1423.8260869565215, 
                1464.0416666666667, 
                1464.88, 
                1455.0384615384614, 
                1422.4444444444441, 
                1405.5357142857142, 
                1389.7931034482756, 
                1379.1999999999998
            ], 
            "number_of_vehicles": 3
        }
    ], 
    "vehicle_starting_positions": [
        "Newcastle", 
        "Cardiff", 
        "Plymouth", 
        "Norwich", 
        "Manchester", 
        "London", 
        "Leeds", 
        "Sheffield", 
        "Birmingham", 
        "Liverpool", 
        "Portsmouth"
    ], 
    "task_distribution": {
        "distance_matrix": [
            [
                0, 
                345, 
                477.8, 
                348, 
                209.9, 
                233, 
                246.5, 
                205.2, 
                115, 
                244.6, 
                307.8
            ], 
            [
                345, 
                0, 
                592.8, 
                463, 
                205.7, 
                348, 
                98.5, 
                139.8, 
                230, 
                171, 
                422.8
            ], 
            [
                477.8, 
                592.8, 
                0, 
                359.8, 
                457.7, 
                244.8, 
                494.3, 
                453, 
                362.8, 
                492.4, 
                170
            ], 
            [
                348, 
                463, 
                359.8, 
                0, 
                327.9, 
                115, 
                364.5, 
                323.2, 
                233, 
                362.6, 
                189.8
            ], 
            [
                209.9, 
                205.7, 
                457.7, 
                327.9, 
                0, 
                212.9, 
                107.2, 
                148.5, 
                94.9, 
                34.7, 
                287.7
            ], 
            [
                233, 
                348, 
                244.8, 
                115, 
                212.9, 
                0, 
                249.5, 
                208.2, 
                118, 
                247.6, 
                74.8
            ], 
            [
                246.5, 
                98.5, 
                494.3, 
                364.5, 
                107.2, 
                249.5, 
                0, 
                41.3, 
                131.5, 
                72.5, 
                324.3
            ], 
            [
                205.2, 
                139.8, 
                453, 
                323.2, 
                148.5, 
                208.2, 
                41.3, 
                0, 
                90.2, 
                113.8, 
                283
            ], 
            [
                115, 
                230, 
                362.8, 
                233, 
                94.9, 
                118, 
                131.5, 
                90.2, 
                0, 
                129.6, 
                192.8
            ], 
            [
                244.6, 
                171, 
                492.4, 
                362.6, 
                34.7, 
                247.6, 
                72.5, 
                113.8, 
                129.6, 
                0, 
                322.4
            ], 
            [
                307.8, 
                422.8, 
                170, 
                189.8, 
                287.7, 
                74.8, 
                324.3, 
                283, 
                192.8, 
                322.4, 
                0
            ]
        ], 
        "weight_matrix": [
            [
                0, 
                3, 
                3, 
                3, 
                3, 
                3, 
                3, 
                3, 
                3, 
                3, 
                3
            ], 
            [
                3, 
                0, 
                3, 
                3, 
                3, 
                3, 
                3, 
                3, 
                3, 
                3, 
                3
            ], 
            [
                3, 
                3, 
                0, 
                3, 
                3, 
                3, 
                3, 
                3, 
                3, 
                3, 
                3
            ], 
            [
                3, 
                3, 
                3, 
                0, 
                3, 
                3, 
                3, 
                3, 
                3, 
                3, 
                3
            ], 
            [
                3, 
                3, 
                3, 
                3, 
                0, 
                3, 
                3, 
                3, 
                3, 
                3, 
                3
            ], 
            [
                3, 
                3, 
                3, 
                3, 
                3, 
                0, 
                3, 
                3, 
                3, 
                3, 
                3
            ], 
            [
                3, 
                3, 
                3, 
                3, 
                3, 
                3, 
                0, 
                3, 
                3, 
                3, 
                3
            ], 
            [
                3, 
                3, 
                3, 
                3, 
                3, 
                3, 
                3, 
                0, 
                3, 
                3, 
                3
            ], 
            [
                3, 
                3, 
                3, 
                3, 
                3, 
                3, 
                3, 
                3, 
                0, 
                3, 
                3
            ], 
            [
                3, 
                3, 
                3, 
                3, 
                3, 
                3, 
                3, 
                3, 
                3, 
                0, 
                3
            ], 
            [
                3, 
                3, 
                3, 
                3, 
                3, 
                3, 
                3, 
                3, 
                3, 
                3, 
                0
            ]
        ],