{
    "vehicle_cost_per_km": [
        5, 
        5, 
        5, 
        5, 
        5
    ], 
    "runs": [
        {
            "avg_task_cost_vs_number_of_task": [
                2495, 
                1424, 
                949.3333333333334, 
                805.5, 
                644.4, 
                728.6666666666665, 
                974.2857142857143, 
                852.5, 
                757.7777777777778, 
                739.5, 
                672.2727272727273, 
                758.25, 
                739.6923076923077, 
                686.8571428571429, 
                606.6, 
                649.2500000000001, 
                555.6470588235294, 
                525.1111111111111, 
                478.89473684210526, 
                483.7, 
                433.2857142857143, 
                480.0454545454546, 
                527.9565217391304, 
                500.1666666666666, 
                476.9200000000001, 
                517.3076923076923, 
                473.7407407407408, 
                450, 
                424.2586206896552, 
                395.1666666666667
            ], 
            "number_of_vehicles": 2
        }, 
        {
            "avg_task_cost_vs_number_of_task": [
                2495, 
                1424, 
                949.3333333333334, 
                805.5, 
                644.4, 
                728.6666666666665, 
                920.8571428571428, 
                805.7499999999999, 
                716.2222222222222, 
                739.5, 
                672.2727272727273, 
                758.25, 
                715.3846153846154, 
                650.3571428571429, 
                669.8666666666667, 
                613.3125, 
                569.0588235294117, 
                575.25, 
                528.8421052631579, 
                475.6, 
                486.0952380952381, 
                549.7954545454545, 
                582.5652173913044, 
                450.5833333333333, 
                471.8, 
                450.3269230769231, 
                464.14814814814815, 
                449.8392857142857, 
                378.41379310344826, 
                455.6666666666667
            ], 
            "number_of_vehicles": 3
        }, 
        {
            "avg_task_cost_vs_number_of_task": [
                1783.5, 
                891.75, 
                941.5, 
                799.625, 
                644.4, 
                728.6666666666665, 
                920.8571428571428, 
                805.7499999999999, 
                716.2222222222222, 
                739.5, 
                672.2727272727273, 
                775, 
                699.9230769230769, 
                649.9285714285714, 
                621.5666666666667, 
                594.5, 
                591.0588235294117, 
                526.4166666666666, 
                478.89473684210526, 
                454.95, 
                482.57142857142856, 
                441.8636363636364, 
                491.30434782608694, 
                517.9166666666666, 
                409.96, 
                578.4615384615383, 
                435.44444444444457, 
                505.92857142857156, 
                432.75862068965523, 
                444.93333333333334
            ], 
            "number_of_vehicles": 4
        }, 
        {
            "avg_task_cost_vs_number_of_task": [
                1247.5, 
                891.75, 
                941.5, 
                799.625, 
                644.4, 
                728.6666666666665, 
                920.8571428571428, 
                805.7499999999999, 
                716.2222222222222, 
                760.15, 
                672.2727272727273, 
                745.2916666666666, 
                687.6538461538462, 
                638.8214285714286, 
                595.9666666666667, 
                568.6875, 
                547.0588235294117, 
                564.4444444444445, 
                553.0526315789474, 
                553.8, 
                496.2857142857143, 
                493.15909090909093, 
                516.1086956521739, 
                459.9166666666667, 
                522.64, 
                396.21153846153845, 
                407.962962962963, 
                434.6607142857143, 
                372.89655172413785, 
                440.9333333333334
            ], 
            "number_of_vehicles": 5
        }
    ], 
    "vehicle_starting_positions": [
        "Norwich", 
        "London", 
        "Portsmouth", 
        "Manchester", 
        "Leeds", 
        "Sheffield", 
        "Cardiff", 
        "Birmingham", 
        "Newcastle", 
        "Liverpool", 
        "Plymouth"
    ], 
    "task_distribution": {
        "weight_matrix": [
            [
                0, 
                3, 
                3, 
                3, 
                3, 
                3, 
                3, 
                3, 
                3, 
                3, 
                3
            ], 
            [
                3, 
                0, 
                3, 
                3, 
                3, 
                3, 
                3, 
                3, 
                3, 
                3, 
                3
            ], 
            [
                3, 
                3, 
                0, 
                3, 
                3, 
                3, 
                3, 
                3, 
                3, 
                3, 
                3
            ], 
            [
                3, 
                3, 
                3, 
                0, 
                3, 
                3, 
                3, 
                3, 
                3, 
                3, 
                3
            ], 
            [
                3, 
                3, 
                3, 
                3, 
                0, 
                3, 
                3, 
                3, 
                3, 
                3, 
                3
            ], 
            [
                3, 
                3, 
                3, 
                3, 
                3, 
                0, 
                3, 
                3, 
                3, 
                3, 
                3
            ], 
            [
                3, 
                3, 
                3, 
                3, 
                3, 
                3, 
                0, 
                3, 
                3, 
                3, 
                3
            ], 
            [
                3, 
                3, 
                3, 
                3, 
                3, 
                3, 
                3, 
                0, 
                3, 
                3, 
                3
            ], 
            [
                3, 
                3, 
                3, 
                3, 
                3, 
                3, 
                3, 
                3, 
                0, 
                3, 
                3
            ], 
            [
                3, 
                3, 
                3, 
                3, 
                3, 
                3, 
                3, 
                3, 
                3, 
                0, 
                3
            ], 
            [
                3, 
                3, 
                3, 
                3, 
                3, 
                3, 
                3, 
                3, 
                3, 
                3, 
                0
            ]
        ],