{
    "vehicle_cost_per_km": [
        5, 
        5, 
        5, 
        5, 
        5
    ], 
    "runs": [
        {
            "avg_task_cost_vs_number_of_task": [
                1438.5000000000002, 
                1438.5, 
                1472.4999999999998, 
                1227.4999999999998, 
                1013.9, 
                1036.5833333333333, 
                991.2142857142857, 
                918.9375, 
                816.8333333333334, 
                747.45, 
                784.0454545454545, 
                718.7083333333334, 
                663.4230769230769, 
                645.5357142857143, 
                602.5, 
                564.84375, 
                675.6176470588236, 
                502.0833333333333, 
                466.0263157894737, 
                466.175, 
                523.4047619047619, 
                539.5681818181819, 
                453.5652173913044, 
                432.06249999999994, 
                487.38, 
                445.7115384615385, 
                587.648148148148, 
                490.05357142857156, 
                571.1896551724138, 
                527.7166666666667
            ], 
            "number_of_vehicles": 2
        }, 
        {
            "avg_task_cost_vs_number_of_task": [
                1415, 
                1426.75, 
                1464.6666666666667, 
                1221.625, 
                1013.9, 
                1036.5833333333333, 
                991.2142857142857, 
                867.3125, 
                816.8333333333334, 
                747.45, 
                791.6363636363636, 
                718.7083333333334, 
                663.4230769230769, 
                645.5357142857143, 
                602.5, 
                564.84375, 
                542.3823529411765, 
                502.0833333333333, 
                503.55263157894734, 
                528.225, 
                588.9285714285714, 
                526.7500000000001, 
                544.8478260869565, 
                607.3333333333334, 
                450.86, 
                587.2115384615383, 
                628.9629629629629, 
                634.3392857142857, 
                590.551724137931, 
                574.3833333333334
            ], 
            "number_of_vehicles": 3
        }, 
        {
            "avg_task_cost_vs_number_of_task": [
                1415, 
                1426.75, 
                1464.6666666666667, 
                1221.625, 
                1013.9, 
                1036.5833333333333, 
                991.2142857142857, 
                889, 
                853.4444444444445, 
                747.45, 
                784.0454545454545, 
                718.7083333333334, 
                754.1923076923077, 
                622, 
                574.9666666666667, 
                576.28125, 
                531.6176470588235, 
                512.25, 
                605.0263157894736, 
                554.475, 
                499.6904761904762, 
                499.3409090909092, 
                492.80434782608694, 
                522.3958333333334, 
                463.5400000000001, 
                646.4038461538462, 
                479.09259259259267, 
                621.5178571428571, 
                626.1896551724138, 
                556.6833333333333
            ], 
            "number_of_vehicles": 4
        }, 
        {
            "avg_task_cost_vs_number_of_task": [
                964, 
                1201.25, 
                1306.5, 
                1103, 
                918.9999999999998, 
                957.5, 
                991.2142857142857, 
                867.3125, 
                876.3888888888889, 
                782.15, 
                784.0454545454545, 
                718.7083333333334, 
                663.4230769230769, 
                616.0357142857143, 
                602.5, 
                560.71875, 
                531.6176470588235, 
                671.1944444444445, 
                541.3947368421053, 
                558.475, 
                596.7380952380952, 
                615.4318181818181, 
                545.5217391304348, 
                648.0208333333334, 
                625.64, 
                482.21153846153845, 
                612.0555555555555, 
                537.3035714285714, 
                597.396551724138, 
                513.2166666666668
            ], 
            "number_of_vehicles": 5
        }
    ], 
    "vehicle_starting_positions": [
        "Manchester", 
        "Leeds", 
        "Sheffield", 
        "Liverpool", 
        "Birmingham", 
        "Cardiff", 
        "London", 
        "Plymouth", 
        "Norwich", 
        "Newcastle", 
        "Portsmouth"
    ], 
    "task_distribution": {
        "weight_matrix": [
            [
                0, 
                3, 
                3, 
                3, 
                3, 
                3, 
                3, 
                3, 
                3, 
                3, 
                3
            ], 
            [
                3, 
                0, 
                3, 
                3, 
                3, 
                3, 
                3, 
                3, 
                3, 
                3, 
                3
            ], 
            [
                3, 
                3, 
                0, 
                3, 
                3, 
                3, 
                3, 
                3, 
                3, 
                3, 
                3
            ], 
            [
                3, 
                3, 
                3, 
                0, 
                3, 
                3, 
                3, 
                3, 
                3, 
                3, 
                3
            ], 
            [
                3, 
                3, 
                3, 
                3, 
                0, 
                3, 
                3, 
                3, 
                3, 
                3, 
                3
            ], 
            [
                3, 
                3, 
                3, 
                3, 
                3, 
                0, 
                3, 
                3, 
                3, 
                3, 
                3
            ], 
            [
                3, 
                3, 
                3, 
                3, 
                3, 
                3, 
                0, 
                3, 
                3, 
                3, 
                3
            ], 
            [
                3, 
                3, 
                3, 
                3, 
                3, 
                3, 
                3, 
                0, 
                3, 
                3, 
                3
            ], 
            [
                3, 
                3, 
                3, 
                3, 
                3, 
                3, 
                3, 
                3, 
                0, 
                3, 
                3
            ], 
            [
                3, 
                3, 
                3, 
                3, 
                3, 
                3, 
                3, 
                3, 
                3, 
                0, 
                3
            ], 
            [
                3, 
                3, 
                3, 
                3, 
                3, 
                3, 
                3, 
                3, 
                3, 
                3, 
                0
            ]
        ],