{
    "vehicle_cost_per_km": [
        5, 
        5, 
        5, 
        5, 
        5
    ], 
    "runs": [
        {
            "avg_task_cost_vs_number_of_task": [
                1621.5, 
                2135.25, 
                1423.5, 
                1495.125, 
                1426.1, 
                1188.4166666666667, 
                1155.4999999999998, 
                1011.0625, 
                944.6111111111111, 
                850.15, 
                772.8636363636364, 
                708.4583333333334, 
                653.9615384615385, 
                607.25, 
                654.2333333333333, 
                658.65625, 
                710.0882352941176, 
                580.8888888888889, 
                635.3421052631579, 
                581.8, 
                546.7380952380952, 
                556.7727272727273, 
                579.1521739130435, 
                510.31249999999994, 
                563.72, 
                507.61538461538464, 
                599.3148148148148, 
                513.2678571428571, 
                510.32758620689657, 
                545.9666666666666
            ], 
            "number_of_vehicles": 2
        }, 
        {
            "avg_task_cost_vs_number_of_task": [
                1612, 
                2130.5, 
                1423.5, 
                1281.375, 
                1255.1, 
                1045.9166666666667, 
                1155.4999999999998, 
                1011.0625, 
                939, 
                845.1, 
                768.2727272727273, 
                708.4583333333334, 
                653.9615384615385, 
                603.6428571428571, 
                632.4333333333333, 
                581.625, 
                615.0588235294117, 
                617.7222222222222, 
                607.4473684210525, 
                575.7, 
                497.1666666666667, 
                582.2272727272726, 
                468.0869565217391, 
                584.5624999999999, 
                506.6599999999999, 
                450.34615384615375, 
                461.3703703703705, 
                609.125, 
                451.55172413793105, 
                473.6666666666667
            ], 
            "number_of_vehicles": 3
        }, 
        {
            "avg_task_cost_vs_number_of_task": [
                964, 
                1806.4999999999998, 
                1423.5, 
                1281.375, 
                1140.1, 
                950.0833333333334, 
                1073.3571428571427, 
                1011.0625, 
                939, 
                845.1, 
                772.8636363636364, 
                708.4583333333334, 
                653.9615384615385, 
                607.25, 
                632.4333333333333, 
                558.96875, 
                654.6176470588235, 
                618.25, 
                603.9736842105264, 
                593.825, 
                608.8333333333334, 
                475.95454545454544, 
                483.17391304347825, 
                538.5833333333334, 
                521.16, 
                450.34615384615387, 
                485.1666666666666, 
                513.3035714285714, 
                422.03448275862064, 
                563.4666666666667
            ], 
            "number_of_vehicles": 4
        }, 
        {
            "avg_task_cost_vs_number_of_task": [
                964, 
                1806.4999999999998, 
                1423.5, 
                1281.375, 
                1140.1, 
                950.0833333333334, 
                1073.3571428571427, 
                1011.0625, 
                944.6111111111111, 
                850.15, 
                772.8636363636364, 
                728.8333333333334, 
                672.7692307692307, 
                616.0357142857143, 
                620.4, 
                558.96875, 
                679.0588235294117, 
                618.25, 
                696.2105263157895, 
                603.2750000000001, 
                583.2619047619048, 
                505.84090909090907, 
                554.8695652173913, 
                602.375, 
                468.36, 
                576.2115384615385, 
                581.4629629629629, 
                507.1607142857143, 
                455.91379310344826, 
                496.75
            ], 
            "number_of_vehicles": 5
        }
    ], 
    "vehicle_starting_positions": [
        "Leeds", 
        "Norwich", 
        "Liverpool", 
        "Birmingham", 
        "Manchester", 
        "Newcastle", 
        "Sheffield", 
        "Portsmouth", 
        "London", 
        "Cardiff", 
        "Plymouth"
    ], 
    "task_distribution": {
        "weight_matrix": [
            [
                0, 
                3, 
                3, 
                3, 
                3, 
                3, 
                3, 
                3, 
                3, 
                3, 
                3
            ], 
            [
                3, 
                0, 
                3, 
                3, 
                3, 
                3, 
                3, 
                3, 
                3, 
                3, 
                3
            ], 
            [
                3, 
                3, 
                0, 
                3, 
                3, 
                3, 
                3, 
                3, 
                3, 
                3, 
                3
            ], 
            [
                3, 
                3, 
                3, 
                0, 
                3, 
                3, 
                3, 
                3, 
                3, 
                3, 
                3
            ], 
            [
                3, 
                3, 
                3, 
                3, 
                0, 
                3, 
                3, 
                3, 
                3, 
                3, 
                3
            ], 
            [
                3, 
                3, 
                3, 
                3, 
                3, 
                0, 
                3, 
                3, 
                3, 
                3, 
                3
            ], 
            [
                3, 
                3, 
                3, 
                3, 
                3, 
                3, 
                0, 
                3, 
                3, 
                3, 
                3
            ], 
            [
                3, 
                3, 
                3, 
                3, 
                3, 
                3, 
                3, 
                0, 
                3, 
                3, 
                3
            ], 
            [
                3, 
                3, 
                3, 
                3, 
                3, 
                3, 
                3, 
                3, 
                0, 
                3, 
                3
            ], 
            [
                3, 
                3, 
                3, 
                3, 
                3, 
                3, 
                3, 
                3, 
                3, 
                0, 
                3
            ], 
            [
                3, 
                3, 
                3, 
                3, 
                3, 
                3, 
                3, 
                3, 
                3, 
                3, 
                0
            ]
        ],