{
    "vehicle_cost_per_km": [
        5, 
        5, 
        5, 
        5, 
        5
    ], 
    "runs": [
        {
            "avg_task_cost_vs_number_of_task": [
                7790, 
                6290, 
                4193.333333333333, 
                4613.75, 
                3989, 
                4268.333333333333, 
                4194.285714285715, 
                3670, 
                3731.1111111111113, 
                4269, 
                4462.272727272727, 
                4263.333333333333, 
                4302.307692307692, 
                4645, 
                4434.666666666667, 
                4533.125, 
                4725.294117647059, 
                4727.777777777777, 
                4588.1578947368425, 
                4470.75, 
                4697.142857142857, 
                4483.636363636364, 
                4325.434782608696, 
                4309.166666666667, 
                4170.6, 
                4161.538461538462, 
                4030.3703703703704, 
                3999.285714285714, 
                4054.655172413793, 
                4223.166666666667
            ], 
            "number_of_vehicles": 3
        }
    ], 
    "vehicle_starting_positions": [
        "Brest", 
        "Paris", 
        "Marseille", 
        "Gen\u00e8ve", 
        "Monaco", 
        "Le Havre", 
        "Bordeaux", 
        "Lyon", 
        "Strasbourg"
    ], 
    "task_distribution": {
        "distance_matrix": [
            [
                0, 
                591, 
                1373, 
                1206, 
                1598, 
                787, 
                1175, 
                1057, 
                1078
            ], 
            [
                591, 
                0, 
                782, 
                615, 
                1007, 
                196, 
                584, 
                466, 
                487
            ], 
            [
                1373, 
                782, 
                0, 
                465, 
                225, 
                978, 
                646, 
                316, 
                854
            ], 
            [
                1206, 
                615, 
                465, 
                0, 
                521, 
                811, 
                737, 
                149, 
                389
            ], 
            [
                1598, 
                1007, 
                225, 
                521, 
                0, 
                1203, 
                871, 
                541, 
                910
            ], 
            [
                787, 
                196, 
                978, 
                811, 
                1203, 
                0, 
                780, 
                662, 
                683
            ], 
            [
                1175, 
                584, 
                646, 
                737, 
                871, 
                780, 
                0, 
                588, 
                1071
            ], 
            [
                1057, 
                466, 
                316, 
                149, 
                541, 
                662, 
                588, 
                0, 
                538
            ], 
            [
                1078, 
                487, 
                854, 
                389, 
                910, 
                683, 
                1071, 
                538, 
                0
            ]
        ], 
        "weight_matrix": [
            [
                0, 
                3, 
                3, 
                3, 
                3, 
                3, 
                3, 
                3, 
                3
            ], 
            [
                3, 
                0, 
                3, 
                3, 
                3, 
                3, 
                3, 
                3, 
                3
            ], 
            [
                3, 
                3, 
                0, 
                3, 
                3, 
                3, 
                3, 
                3, 
                3
            ], 
            [
                3, 
                3, 
                3, 
                0, 
                3, 
                3, 
                3, 
                3, 
                3
            ], 
            [
                3, 
                3, 
                3, 
                3, 
                0, 
                3, 
                3, 
                3, 
                3
            ], 
            [
                3, 
                3, 
                3, 
                3, 
                3, 
                0, 
                3, 
                3, 
                3
            ], 
            [
                3, 
                3, 
                3, 
                3, 
                3, 
                3, 
                0, 
                3, 
                3
            ], 
            [
                3, 
                3, 
                3, 
                3, 
                3, 
                3, 
                3, 
                0, 
                3
            ], 
            [
                3, 
                3, 
                3, 
                3, 
                3, 
                3, 
                3, 
                3, 
                0
            ]
        ], 
        "city_names": [
            "Brest", 
            "Paris", 
            "Marseille", 
            "Gen\u00e8ve", 
            "Monaco", 
            "Le Havre", 
            "Bordeaux", 
            "Lyon", 
            "Strasbourg"
        ],