{
    "vehicle_cost_per_km": [
        5, 
        5, 
        5, 
        5, 
        5
    ], 
    "runs": [
        {
            "avg_task_cost_vs_number_of_task": [
                4870, 
                4870, 
                5671.666666666667, 
                6251.25, 
                6628, 
                5777.5, 
                5607.857142857143, 
                5800.625, 
                5543.333333333333, 
                5635, 
                5388.181818181818, 
                5154.583333333333, 
                5501.153846153846, 
                5336.428571428572, 
                5268.333333333333, 
                5368.125, 
                5128.235294117647, 
                5113.888888888889, 
                5071.8421052631575, 
                4892.75, 
                4939.761904761905, 
                5044.772727272727, 
                5037.173913043478, 
                4881.041666666667, 
                5050.4, 
                4928.076923076923, 
                4982.407407407408, 
                4804.464285714285, 
                4829.310344827586, 
                4903.333333333333
            ], 
            "number_of_vehicles": 3
        }
    ], 
    "vehicle_starting_positions": [
        "Brest", 
        "Paris", 
        "Marseille", 
        "Gen\u00e8ve", 
        "Monaco", 
        "Le Havre", 
        "Bordeaux", 
        "Lyon", 
        "Strasbourg"
    ], 
    "task_distribution": {
        "distance_matrix": [
            [
                0, 
                591, 
                1373, 
                1206, 
                1598, 
                787, 
                1175, 
                1057, 
                1078
            ], 
            [
                591, 
                0, 
                782, 
                615, 
                1007, 
                196, 
                584, 
                466, 
                487
            ], 
            [
                1373, 
                782, 
                0, 
                465, 
                225, 
                978, 
                646, 
                316, 
                854
            ], 
            [
                1206, 
                615, 
                465, 
                0, 
                521, 
                811, 
                737, 
                149, 
                389
            ], 
            [
                1598, 
                1007, 
                225, 
                521, 
                0, 
                1203, 
                871, 
                541, 
                910
            ], 
            [
                787, 
                196, 
                978, 
                811, 
                1203, 
                0, 
                780, 
                662, 
                683
            ], 
            [
                1175, 
                584, 
                646, 
                737, 
                871, 
                780, 
                0, 
                588, 
                1071
            ], 
            [
                1057, 
                466, 
                316, 
                149, 
                541, 
                662, 
                588, 
                0, 
                538
            ], 
            [
                1078, 
                487, 
                854, 
                389, 
                910, 
                683, 
                1071, 
                538, 
                0
            ]
        ], 
        "weight_matrix": [
            [
                0, 
                3, 
                3, 
                3, 
                3, 
                3, 
                3, 
                3, 
                3
            ], 
            [
                3, 
                0, 
                3, 
                3, 
                3, 
                3, 
                3, 
                3, 
                3
            ], 
            [
                3, 
                3, 
                0, 
                3, 
                3, 
                3, 
                3, 
                3, 
                3
            ], 
            [
                3, 
                3, 
                3, 
                0, 
                3, 
                3, 
                3, 
                3, 
                3
            ], 
            [
                3, 
                3, 
                3, 
                3, 
                0, 
                3, 
                3, 
                3, 
                3
            ], 
            [
                3, 
                3, 
                3, 
                3, 
                3, 
                0, 
                3, 
                3, 
                3
            ], 
            [
                3, 
                3, 
                3, 
                3, 
                3, 
                3, 
                0, 
                3, 
                3
            ], 
            [
                3, 
                3, 
                3, 
                3, 
                3, 
                3, 
                3, 
                0, 
                3
            ], 
            [
                3, 
                3, 
                3, 
                3, 
                3, 
                3, 
                3, 
                3, 
                0
            ]
        ], 
        "city_names": [
            "Brest", 
            "Paris", 
            "Marseille", 
            "Gen\u00e8ve", 
            "Monaco", 
            "Le Havre", 
            "Bordeaux", 
            "Lyon", 
            "Strasbourg"
        ],