{
    "vehicle_starting_positions": ["Brest","Paris","Marseille","Genève","Monaco","Le Havre","Bordeaux","Lyon","Strasbourg"],
    "task_distribution": {
        "distance_matrix": [
            [0,591,1373,1206,1598,787,1175,1057,1078],
            [591,0,782,615,1007,196,584,466,487],
            [1373,782,0,465,225,978,646,316,854],
            [1206,615,465,0,521,811,737,149,389],
            [1598,1007,225,521,0,1203,871,541,910],
            [787,196,978,811,1203,0,780,662,683],
            [1175,584,646,737,871,780,0,588,1071],
            [1057,466,316,149,541,662,588,0,538],
            [1078,487,854,389,910,683,1071,538,0]
        ],
        "weight_matrix": [
            [0,3,3,3,3,3,3,3,3],
            [3,0,3,3,3,3,3,3,3],
            [3,3,0,3,3,3,3,3,3],
            [3,3,3,0,3,3,3,3,3],
            [3,3,3,3,0,3,3,3,3],
            [3,3,3,3,3,0,3,3,3],
            [3,3,3,3,3,3,0,3,3],
            [3,3,3,3,3,3,3,0,3],
            [3,3,3,3,3,3,3,3,0]
        ],
        "probability_matrix": [
            [0,0.17104659504675215,0.23109329291782493,0.028908628749795127,0.12240628926720162,0.14394575887288266,0.035529326519852675,0.2371165003835637,0.029953608242127155],
            [0.17500190550819908,0,0.02361609211209011,0.17771465783713097,0.07723598093944824,0.14575849234580718,0.16915545965184497,0.16811524009498838,0.06340217151049103],
            [0.28894212239236783,0.17033835825707302,0,0.05925726091227361,0.2276450025742004,0.09682361428779682,0.009860347556212406,0.007484844566235297,0.13964844945384042],
            [0.14940651192376778,0.16484030854450926,0.06970695081750594,0,0.0250875093244786,0.10814592421732047,0.15782644183616645,0.1664258800028504,0.1585604733334012],
            [0.07218132133237891,0.04560395305263832,0.04331187711715925,0.03745772776435303,0,0.11370901019770335,0.1773828916309535,0.24277770276155292,0.26757551614326064],
            [0.006635631097995421,0.024716754264259587,0.17171427451099966,0.36325087286096597,0.035676087722848915,0,0.1377203504766726,0.1412551473091475,0.11903088175711032],
            [0.004034498679875937,0.20949627938123544,0.16022438542684564,0.15382656125062,0.10673417195375846,0.0826070761314202,0,0.06648178044997105,0.21659524672627328],
            [0.04498290669375393,0.2025328265748071,0.0520904748250094,0.138715673037873,0.1079766140943072,0.200101312836551,0.1862893681350801,0,0.06731082380261834],
            [0.05647184079233048,0.10808279183845199,0.2327300963782364,0.2765795357155089,0.0506184096892595,0.00586713030231113,0.21912123441535789,0.05052896086854372,0]
        ],
        "city_names": ["Brest","Paris","Marseille","Genève","Monaco","Le Havre","Bordeaux","Lyon","Strasbourg"],
        "reward_matrix": [
            [0,69526,15612,27125,100,56013,29263,37398,35950],
            [69526,0,56357,67871,40845,96758,70008,78143,76696],
            [15612,56357,0,78212,94759,42844,65734,88485,51393],
            [27125,67871,78212,0,74352,54358,59460,99999,83452],
            [100,40845,94759,74352,0,27332,50221,72973,47533],
            [56013,96758,42844,54358,27332,0,56495,64631,63183],
            [29263,70008,65734,59460,50221,56495,0,69732,36433],
            [37398,78143,88485,99999,72973,64631,69732,0,73180],
            [35950,76696,51393,83452,47533,63183,36433,73180,0]
        ]
    },
    "vehicle_cost_per_km": [5,15,10,5,5,5,5,5,5],
    "vehicle_capacities": [5,5,5,30,30,30,30,30,30],
    "runs": [{
        "number_of_vehicles": 3,
        "avg_task_cost_vs_number_of_task": [7990,7325,6718.333333333333,6576.25,5711,5407.5,4635,4055.625,3822.777777777778,4055.5,4010.909090909091,4326.666666666667,4595.384615384615,4427.857142857143,4232,4049.0625,4042.3529411764707,4071.3888888888887,3970.2631578947367,3921.5,4125.952380952381,4046.818181818182,4453.260869565217,4329.583333333333,4223.2,4335.576923076923,4522.592592592592,4516.607142857143,4627.241379310345,4596.333333333333]
    }]
}