{
    "vehicle_cost_per_km": [
        5, 
        5, 
        5, 
        5, 
        5
    ], 
    "runs": [
        {
            "avg_task_cost_vs_number_of_task": [
                6985, 
                8045, 
                7368.333333333333, 
                7288.75, 
                6956, 
                6038.333333333333, 
                5545, 
                5199.375, 
                5290, 
                4957, 
                4506.363636363636, 
                4130.833333333333, 
                4709.615384615385, 
                4654.285714285715, 
                4387, 
                4326.25, 
                4436.176470588235, 
                4240.277777777777, 
                4067.6315789473683, 
                4104.25, 
                4140.714285714285, 
                4197.045454545455, 
                4079.3478260869565, 
                4229.583333333333, 
                4402, 
                4397.5, 
                4354.259259259259, 
                4443.928571428572, 
                4329.482758620689, 
                4382.166666666667
            ], 
            "number_of_vehicles": 3
        }
    ], 
    "vehicle_starting_positions": [
        "Brest", 
        "Paris", 
        "Marseille", 
        "Gen\u00e8ve", 
        "Monaco", 
        "Le Havre", 
        "Bordeaux", 
        "Lyon", 
        "Strasbourg"
    ], 
    "task_distribution": {
        "distance_matrix": [
            [
                0, 
                591, 
                1373, 
                1206, 
                1598, 
                787, 
                1175, 
                1057, 
                1078
            ], 
            [
                591, 
                0, 
                782, 
                615, 
                1007, 
                196, 
                584, 
                466, 
                487
            ], 
            [
                1373, 
                782, 
                0, 
                465, 
                225, 
                978, 
                646, 
                316, 
                854
            ], 
            [
                1206, 
                615, 
                465, 
                0, 
                521, 
                811, 
                737, 
                149, 
                389
            ], 
            [
                1598, 
                1007, 
                225, 
                521, 
                0, 
                1203, 
                871, 
                541, 
                910
            ], 
            [
                787, 
                196, 
                978, 
                811, 
                1203, 
                0, 
                780, 
                662, 
                683
            ], 
            [
                1175, 
                584, 
                646, 
                737, 
                871, 
                780, 
                0, 
                588, 
                1071
            ], 
            [
                1057, 
                466, 
                316, 
                149, 
                541, 
                662, 
                588, 
                0, 
                538
            ], 
            [
                1078, 
                487, 
                854, 
                389, 
                910, 
                683, 
                1071, 
                538, 
                0
            ]
        ], 
        "weight_matrix": [
            [
                0, 
                3, 
                3, 
                3, 
                3, 
                3, 
                3, 
                3, 
                3
            ], 
            [
                3, 
                0, 
                3, 
                3, 
                3, 
                3, 
                3, 
                3, 
                3
            ], 
            [
                3, 
                3, 
                0, 
                3, 
                3, 
                3, 
                3, 
                3, 
                3
            ], 
            [
                3, 
                3, 
                3, 
                0, 
                3, 
                3, 
                3, 
                3, 
                3
            ], 
            [
                3, 
                3, 
                3, 
                3, 
                0, 
                3, 
                3, 
                3, 
                3
            ], 
            [
                3, 
                3, 
                3, 
                3, 
                3, 
                0, 
                3, 
                3, 
                3
            ], 
            [
                3, 
                3, 
                3, 
                3, 
                3, 
                3, 
                0, 
                3, 
                3
            ], 
            [
                3, 
                3, 
                3, 
                3, 
                3, 
                3, 
                3, 
                0, 
                3
            ], 
            [
                3, 
                3, 
                3, 
                3, 
                3, 
                3, 
                3, 
                3, 
                0
            ]
        ], 
        "city_names": [
            "Brest", 
            "Paris", 
            "Marseille", 
            "Gen\u00e8ve", 
            "Monaco", 
            "Le Havre", 
            "Bordeaux", 
            "Lyon", 
            "Strasbourg"
        ],