{
    "vehicle_starting_positions": ["Brest","Paris","Marseille","Genève","Monaco","Le Havre","Bordeaux","Lyon","Strasbourg"],
    "task_distribution": {
        "distance_matrix": [
            [0,591,1373,1206,1598,787,1175,1057,1078],
            [591,0,782,615,1007,196,584,466,487],
            [1373,782,0,465,225,978,646,316,854],
            [1206,615,465,0,521,811,737,149,389],
            [1598,1007,225,521,0,1203,871,541,910],
            [787,196,978,811,1203,0,780,662,683],
            [1175,584,646,737,871,780,0,588,1071],
            [1057,466,316,149,541,662,588,0,538],
            [1078,487,854,389,910,683,1071,538,0]
        ],
        "weight_matrix": [
            [0,3,3,3,3,3,3,3,3],
            [3,0,3,3,3,3,3,3,3],
            [3,3,0,3,3,3,3,3,3],
            [3,3,3,0,3,3,3,3,3],
            [3,3,3,3,0,3,3,3,3],
            [3,3,3,3,3,0,3,3,3],
            [3,3,3,3,3,3,0,3,3],
            [3,3,3,3,3,3,3,0,3],
            [3,3,3,3,3,3,3,3,0]
        ],
        "probability_matrix": [
            [0,0.18421695250967032,0.22240562548396942,0.06856900708176268,0.03123894432538544,0.02830553015703205,0.21698806332294335,0.17999015000896312,0.06828572711027371],
            [0.024423268721939003,0,0.06957688981795511,0.08746262193169675,0.21394879243893286,0.04875710455282923,0.040763838589144404,0.2273879424518907,0.287679541495612],
            [0.17613778320241194,0.07151277331218302,0,0.15318204468896285,0.02227416419732259,0.04760139237652579,0.19474069470589303,0.19262275840973805,0.14192838910696262],
            [0.06446052935779761,0.015170697131638931,0.1406179049408528,0,0.14369878916202092,0.20696944131577116,0.18886455114048156,0.1284318486562625,0.11178623829517444],
            [0.18988318984105793,0.1650749312820353,0.12314940583829763,0.04558040674325993,0,0.010652458957420183,0.15043582972782482,0.1965936455711267,0.11863013203897753],
            [0.18856443390476219,0.23792267606010561,0.13802931925929074,0.07303033017653264,0.18327038235253912,0,0.09399912929716125,0.060757739065447715,0.024425989884160733],
            [0.007484236896721392,0.006556254535248336,0.16930027173222215,0.23660433895809604,0.0742265173001935,0.10919433996279092,0,0.2196792615384998,0.17695477907622786],
            [0.08070404644787013,0.10384147104543537,0.18223141769125073,0.1884474435516696,0.014495167729007889,0.2835431837002245,0.06701809949014745,0,0.07971917034439424],
            [0.09953983396195384,0.12203669951090863,0.08415403245957769,0.07325942854834731,0.17315777636902,0.20808035887083867,0.09099669031582763,0.14877517996352627,0]
        ],
        "city_names": ["Brest","Paris","Marseille","Genève","Monaco","Le Havre","Bordeaux","Lyon","Strasbourg"],
        "reward_matrix": [
            [0,69526,15612,27125,100,56013,29263,37398,35950],
            [69526,0,56357,67871,40845,96758,70008,78143,76696],
            [15612,56357,0,78212,94759,42844,65734,88485,51393],
            [27125,67871,78212,0,74352,54358,59460,99999,83452],
            [100,40845,94759,74352,0,27332,50221,72973,47533],
            [56013,96758,42844,54358,27332,0,56495,64631,63183],
            [29263,70008,65734,59460,50221,56495,0,69732,36433],
            [37398,78143,88485,99999,72973,64631,69732,0,73180],
            [35950,76696,51393,83452,47533,63183,36433,73180,0]
        ]
    },
    "vehicle_cost_per_km": [10,15,10,5,5,5,5,5,5],
    "vehicle_capacities": [10,10,10,30,30,30,30,30,30],
    "runs": [{
        "number_of_vehicles": 3,
        "avg_task_cost_vs_number_of_task": [13730,9190,7990,6695,6472,5393.333333333333,5641.428571428572,4936.25,4715.555555555556,4904,4713.636363636364,4320.833333333333,3988.4615384615386,4801.428571428572,4555.333333333333,4812.5,4184.705882352941,4277.777777777777,4445.263157894737,4761.5,4428.0952380952385,4578.636363636364,4739.565217391304,4642.5,4313.2,4577.307692307692,4252.592592592592,4333.928571428572,4008.2758620689656,4165.666666666667]
    }]
}