{
    "vehicle_cost_per_km": [
        5, 
        5, 
        5, 
        5, 
        5
    ], 
    "runs": [
        {
            "avg_task_cost_vs_number_of_task": [
                7685, 
                4402.5, 
                3546.6666666666665, 
                3363.75, 
                3041, 
                3247.5, 
                2783.5714285714284, 
                2758.75, 
                2452.222222222222, 
                2600.5, 
                2412.7272727272725, 
                2167.0833333333335, 
                2000.3846153846155, 
                1857.5, 
                1733.6666666666667, 
                1658.75, 
                1529.7058823529412, 
                1474.4444444444443, 
                1440.7894736842106, 
                1402.75, 
                1397.857142857143, 
                1432.5, 
                1333.2608695652175, 
                1396.0416666666667, 
                1542.2, 
                1229.6153846153845, 
                1511.111111111111, 
                1330.357142857143, 
                1399.1379310344828, 
                1328.8333333333333
            ], 
            "number_of_vehicles": 2
        }, 
        {
            "avg_task_cost_vs_number_of_task": [
                5850, 
                4402.5, 
                3546.6666666666665, 
                3363.75, 
                3041, 
                3247.5, 
                2783.5714285714284, 
                2758.75, 
                2452.222222222222, 
                2600.5, 
                2412.7272727272725, 
                2167.0833333333335, 
                2041.5384615384614, 
                1857.5, 
                1733.6666666666667, 
                1658.75, 
                1654.1176470588234, 
                1474.4444444444443, 
                1447.1052631578948, 
                1382.5, 
                1459.2857142857142, 
                1288.1818181818182, 
                1398.695652173913, 
                1339.5833333333333, 
                1372, 
                1292.6923076923076, 
                1513.5185185185185, 
                1501.607142857143, 
                1257.7586206896551, 
                1143.3333333333333
            ], 
            "number_of_vehicles": 3
        }, 
        {
            "avg_task_cost_vs_number_of_task": [
                5850, 
                4402.5, 
                3546.6666666666665, 
                3363.75, 
                3041, 
                3247.5, 
                2783.5714285714284, 
                2758.75, 
                2550, 
                2654, 
                2412.7272727272725, 
                2167.0833333333335, 
                2065.3846153846152, 
                1931.4285714285713, 
                1790, 
                1625.3125, 
                1561.1764705882354, 
                1655.5555555555557, 
                1545, 
                1467.75, 
                1397.857142857143, 
                1410.909090909091, 
                1276.304347826087, 
                1377.5, 
                1278, 
                1446.1538461538462, 
                1282.037037037037, 
                1479.2857142857142, 
                1350.6896551724137, 
                1326.8333333333333
            ], 
            "number_of_vehicles": 4
        }, 
        {
            "avg_task_cost_vs_number_of_task": [
                5850, 
                4402.5, 
                3546.6666666666665, 
                3363.75, 
                2985, 
                3252.5, 
                2783.5714285714284, 
                2747.5, 
                2442.222222222222, 
                2541.5, 
                2341.818181818182, 
                2117.9166666666665, 
                1993.4615384615386, 
                1911.4285714285713, 
                1694.3333333333333, 
                1588.4375, 
                1658.5294117647059, 
                1511.9444444444443, 
                1374.7368421052631, 
                1472.5, 
                1263.095238095238, 
                1361.8181818181818, 
                1283.4782608695652, 
                1402.2916666666667, 
                1285.4, 
                1242.6923076923076, 
                1285.7407407407406, 
                1389.8214285714287, 
                1396.3793103448277, 
                1372.3333333333333
            ], 
            "number_of_vehicles": 5
        }
    ], 
    "vehicle_starting_positions": [
        "Marseille", 
        "Brest", 
        "Paris", 
        "Le Havre", 
        "Monaco", 
        "Gen\u00e8ve", 
        "Bordeaux", 
        "Strasbourg", 
        "Lyon"
    ], 
    "task_distribution": {
        "weight_matrix": [
            [
                0, 
                3, 
                3, 
                3, 
                3, 
                3, 
                3, 
                3, 
                3
            ], 
            [
                3, 
                0, 
                3, 
                3, 
                3, 
                3, 
                3, 
                3, 
                3
            ], 
            [
                3, 
                3, 
                0, 
                3, 
                3, 
                3, 
                3, 
                3, 
                3
            ], 
            [
                3, 
                3, 
                3, 
                0, 
                3, 
                3, 
                3, 
                3, 
                3
            ], 
            [
                3, 
                3, 
                3, 
                3, 
                0, 
                3, 
                3, 
                3, 
                3
            ], 
            [
                3, 
                3, 
                3, 
                3, 
                3, 
                0, 
                3, 
                3, 
                3
            ], 
            [
                3, 
                3, 
                3, 
                3, 
                3, 
                3, 
                0, 
                3, 
                3
            ], 
            [
                3, 
                3, 
                3, 
                3, 
                3, 
                3, 
                3, 
                0, 
                3
            ], 
            [
                3, 
                3, 
                3, 
                3, 
                3, 
                3, 
                3, 
                3, 
                0
            ]
        ], 
        "city_names": [
            "Brest", 
            "Paris", 
            "Marseille", 
            "Gen\u00e8ve", 
            "Monaco", 
            "Le Havre", 
            "Bordeaux", 
            "Lyon", 
            "Strasbourg"
        ],