{
    "vehicle_starting_positions": ["Brest","Paris","Marseille","Genève","Monaco","Le Havre","Bordeaux","Lyon","Strasbourg"],
    "task_distribution": {
        "distance_matrix": [
            [0,591,1373,1206,1598,787,1175,1057,1078],
            [591,0,782,615,1007,196,584,466,487],
            [1373,782,0,465,225,978,646,316,854],
            [1206,615,465,0,521,811,737,149,389],
            [1598,1007,225,521,0,1203,871,541,910],
            [787,196,978,811,1203,0,780,662,683],
            [1175,584,646,737,871,780,0,588,1071],
            [1057,466,316,149,541,662,588,0,538],
            [1078,487,854,389,910,683,1071,538,0]
        ],
        "weight_matrix": [
            [0,3,3,3,3,3,3,3,3],
            [3,0,3,3,3,3,3,3,3],
            [3,3,0,3,3,3,3,3,3],
            [3,3,3,0,3,3,3,3,3],
            [3,3,3,3,0,3,3,3,3],
            [3,3,3,3,3,0,3,3,3],
            [3,3,3,3,3,3,0,3,3],
            [3,3,3,3,3,3,3,0,3],
            [3,3,3,3,3,3,3,3,0]
        ],
        "probability_matrix": [
            [0,0.06903146357285038,0.23186365875594042,0.13582297033443863,0.0017966857409080713,0.0612893456200999,0.10504237651428276,0.18277747790112184,0.21237602156035798],
            [0.17209799021332559,0,0.1175072499797335,0.11447329114704972,0.13205179152527236,0.061757937014705826,0.23746112511646364,0.05746273131034225,0.10718788369310706],
            [0.1575827125444968,0.1187990592749991,0,0.05454364689554218,0.0048172685038129215,0.20024863200921858,0.21526778076991146,0.18627010126433471,0.06247079873768424],
            [0.15470359358708427,0.19122399405708346,0.05404735405884099,0,0.1259093185483882,0.060142872957582326,0.07577670765890031,0.19695290671340993,0.14124325241871047],
            [0.10536417202526008,0.0800624471777132,0.20336685730147963,0.20568770362032718,0,0.06038767948759412,0.21564762420251252,0.06836637595447748,0.06111714023063589],
            [0.0037066738677236765,0.13968855429331953,0.17982679544904276,0.07666323880523251,0.14920692099806923,0,0.07450385033129306,0.24613708175395135,0.13026688450136786],
            [0.2530652502913034,0.03236886432965953,0.023730333544334743,0.16350421740587806,0.2708936773089594,0.1552993893357395,0,0.026087042453846798,0.07505122533027872],
            [0.19086783779711006,0.16593902361260765,0.11784139522448223,0.042137433267562224,0.1991416396271546,0.07998954002820614,0.03798414364210672,0,0.16609898680077056],
            [0.09795709210059593,0.12668535916004658,0.08099595077937626,0.17961882951721636,0.14043592713520664,0.020295987985745643,0.1856572108550816,0.16835364246673087,0]
        ],
        "city_names": ["Brest","Paris","Marseille","Genève","Monaco","Le Havre","Bordeaux","Lyon","Strasbourg"],
        "reward_matrix": [
            [0,69526,15612,27125,100,56013,29263,37398,35950],
            [69526,0,56357,67871,40845,96758,70008,78143,76696],
            [15612,56357,0,78212,94759,42844,65734,88485,51393],
            [27125,67871,78212,0,74352,54358,59460,99999,83452],
            [100,40845,94759,74352,0,27332,50221,72973,47533],
            [56013,96758,42844,54358,27332,0,56495,64631,63183],
            [29263,70008,65734,59460,50221,56495,0,69732,36433],
            [37398,78143,88485,99999,72973,64631,69732,0,73180],
            [35950,76696,51393,83452,47533,63183,36433,73180,0]
        ]
    },
    "vehicle_cost_per_km": [5,15,10,5,5,5,5,5,5],
    "vehicle_capacities": [10,10,10,30,30,30,30,30,30],
    "runs": [{
        "number_of_vehicles": 3,
        "avg_task_cost_vs_number_of_task": [10570,7050,5850,5442.5,4871,4391.666666666667,4133.571428571428,3616.875,3232.222222222222,2909,3129.090909090909,2868.3333333333335,2890.769230769231,2830.3571428571427,2898.6666666666665,2607.8125,2397.9411764705883,2516.1111111111113,2669.2105263157896,3014,2800.2380952380954,2707.0454545454545,2846.521739130435,2851.25,2910.4,2590.769230769231,3035.740740740741,3195,2822.4137931034484,3086.5]
    }]
}