{
    "vehicle_starting_positions": ["Brest","Paris","Marseille","Genève","Monaco","Le Havre","Bordeaux","Lyon","Strasbourg"],
    "task_distribution": {
        "distance_matrix": [
            [0,591,1373,1206,1598,787,1175,1057,1078],
            [591,0,782,615,1007,196,584,466,487],
            [1373,782,0,465,225,978,646,316,854],
            [1206,615,465,0,521,811,737,149,389],
            [1598,1007,225,521,0,1203,871,541,910],
            [787,196,978,811,1203,0,780,662,683],
            [1175,584,646,737,871,780,0,588,1071],
            [1057,466,316,149,541,662,588,0,538],
            [1078,487,854,389,910,683,1071,538,0]
        ],
        "weight_matrix": [
            [0,3,3,3,3,3,3,3,3],
            [3,0,3,3,3,3,3,3,3],
            [3,3,0,3,3,3,3,3,3],
            [3,3,3,0,3,3,3,3,3],
            [3,3,3,3,0,3,3,3,3],
            [3,3,3,3,3,0,3,3,3],
            [3,3,3,3,3,3,0,3,3],
            [3,3,3,3,3,3,3,0,3],
            [3,3,3,3,3,3,3,3,0]
        ],
        "probability_matrix": [
            [0,0.08888080480280923,0.12666984601889905,0.019011424729515836,0.2593190767133669,0.28022048506308095,0.10093555731737666,0.11888387342039472,0.00607893193455663],
            [0.20896382899843224,0,0.026293936399697244,0.17827605539285463,0.20946087637764516,0.032106147885499425,0.027690164422071055,0.19020663523429496,0.12700235528950515],
            [0.21887164349695093,0.0376112628548633,0,0.06129231462972248,0.2851058870236983,0.13643706523005217,0.08098827110073806,0.10148843650659665,0.07820511915737816],
            [0.09931606682074616,0.1793171521670917,0.09466081003601264,0,0.1744289645717964,0.17227902309186977,0.012951879273568757,0.18357590260507992,0.08347020143383475],
            [0.1690180891535351,0.07650026687547852,0.15941085421438472,0.08728356019052702,0,0.1747307968734862,0.23655210777395402,0.004108382962599238,0.09239594195603525],
            [0.11676656909451559,0.16870185154675882,0.11491811080199701,0.16632887710453187,0.0624133633579199,0,0.08057070549781879,0.14115637103085146,0.1491441515656065],
            [0.020102549065949916,0.08421766440889628,0.06864373492635,0.20954777689767737,0.1861643222382734,0.1849721874298747,0,0.13000176021194665,0.11635000482103176],
            [0.14316746924725401,0.04135921910495026,0.01145522715361919,0.18536856551216255,0.2964780997110265,0.15196566207653558,0.05222128443219257,0,0.11798447276225948],
            [0.1793450491347073,0.14076322893190057,0.17664420875782746,0.1274745137522538,0.04465150391229143,0.05580633581343921,0.155173307339824,0.12014185235775622,0]
        ],
        "city_names": ["Brest","Paris","Marseille","Genève","Monaco","Le Havre","Bordeaux","Lyon","Strasbourg"],
        "reward_matrix": [
            [0,69526,15612,27125,100,56013,29263,37398,35950],
            [69526,0,56357,67871,40845,96758,70008,78143,76696],
            [15612,56357,0,78212,94759,42844,65734,88485,51393],
            [27125,67871,78212,0,74352,54358,59460,99999,83452],
            [100,40845,94759,74352,0,27332,50221,72973,47533],
            [56013,96758,42844,54358,27332,0,56495,64631,63183],
            [29263,70008,65734,59460,50221,56495,0,69732,36433],
            [37398,78143,88485,99999,72973,64631,69732,0,73180],
            [35950,76696,51393,83452,47533,63183,36433,73180,0]
        ]
    },
    "vehicle_cost_per_km": [10,15,10,5,5,5,5,5,5],
    "vehicle_capacities": [5,5,5,30,30,30,30,30,30],
    "runs": [{
        "number_of_vehicles": 3,
        "avg_task_cost_vs_number_of_task": [9780,13000,10773.333333333334,10362.5,9392,9278.333333333334,9498.57142857143,8956.25,8648.888888888889,9162,10241.818181818182,10250,9885.384615384615,9735,9561.333333333334,9286.875,8905.882352941177,8576.666666666666,8637.894736842105,8595,8570,8576.363636363636,9134.782608695652,8997.5,8637.6,8578.461538461539,8605.185185185184,8670,8371.034482758621,8264.333333333334]
    }]
}