{
    "vehicle_cost_per_km": [
        5, 
        5, 
        5, 
        5, 
        5
    ], 
    "runs": [
        {
            "avg_task_cost_vs_number_of_task": [
                4270, 
                3352.5, 
                4660, 
                3495, 
                3022, 
                2616.6666666666665, 
                2665, 
                2478.75, 
                2531.6666666666665, 
                2401, 
                2324.5454545454545, 
                2292.5, 
                2133.4615384615386, 
                1981.0714285714287, 
                1899.3333333333333, 
                1988.75, 
                1810, 
                1709.4444444444443, 
                1878.6842105263158, 
                1747.75, 
                1603.095238095238, 
                1614.7727272727273, 
                1561.5217391304348, 
                1702.9166666666667, 
                1593, 
                1683.2692307692307, 
                1367.7777777777778, 
                1521.7857142857142, 
                1493.103448275862, 
                1635.3333333333333
            ], 
            "number_of_vehicles": 3
        }
    ], 
    "vehicle_starting_positions": [
        "Brest", 
        "Paris", 
        "Marseille", 
        "Gen\u00e8ve", 
        "Monaco", 
        "Le Havre", 
        "Bordeaux", 
        "Lyon", 
        "Strasbourg"
    ], 
    "task_distribution": {
        "distance_matrix": [
            [
                0, 
                591, 
                1373, 
                1206, 
                1598, 
                787, 
                1175, 
                1057, 
                1078
            ], 
            [
                591, 
                0, 
                782, 
                615, 
                1007, 
                196, 
                584, 
                466, 
                487
            ], 
            [
                1373, 
                782, 
                0, 
                465, 
                225, 
                978, 
                646, 
                316, 
                854
            ], 
            [
                1206, 
                615, 
                465, 
                0, 
                521, 
                811, 
                737, 
                149, 
                389
            ], 
            [
                1598, 
                1007, 
                225, 
                521, 
                0, 
                1203, 
                871, 
                541, 
                910
            ], 
            [
                787, 
                196, 
                978, 
                811, 
                1203, 
                0, 
                780, 
                662, 
                683
            ], 
            [
                1175, 
                584, 
                646, 
                737, 
                871, 
                780, 
                0, 
                588, 
                1071
            ], 
            [
                1057, 
                466, 
                316, 
                149, 
                541, 
                662, 
                588, 
                0, 
                538
            ], 
            [
                1078, 
                487, 
                854, 
                389, 
                910, 
                683, 
                1071, 
                538, 
                0
            ]
        ], 
        "weight_matrix": [
            [
                0, 
                3, 
                3, 
                3, 
                3, 
                3, 
                3, 
                3, 
                3
            ], 
            [
                3, 
                0, 
                3, 
                3, 
                3, 
                3, 
                3, 
                3, 
                3
            ], 
            [
                3, 
                3, 
                0, 
                3, 
                3, 
                3, 
                3, 
                3, 
                3
            ], 
            [
                3, 
                3, 
                3, 
                0, 
                3, 
                3, 
                3, 
                3, 
                3
            ], 
            [
                3, 
                3, 
                3, 
                3, 
                0, 
                3, 
                3, 
                3, 
                3
            ], 
            [
                3, 
                3, 
                3, 
                3, 
                3, 
                0, 
                3, 
                3, 
                3
            ], 
            [
                3, 
                3, 
                3, 
                3, 
                3, 
                3, 
                0, 
                3, 
                3
            ], 
            [
                3, 
                3, 
                3, 
                3, 
                3, 
                3, 
                3, 
                0, 
                3
            ], 
            [
                3, 
                3, 
                3, 
                3, 
                3, 
                3, 
                3, 
                3, 
                0
            ]
        ], 
        "city_names": [
            "Brest", 
            "Paris", 
            "Marseille", 
            "Gen\u00e8ve", 
            "Monaco", 
            "Le Havre", 
            "Bordeaux", 
            "Lyon", 
            "Strasbourg"
        ],