{
    "vehicle_starting_positions": ["Brest","Paris","Marseille","Genève","Monaco","Le Havre","Bordeaux","Lyon","Strasbourg"],
    "task_distribution": {
        "distance_matrix": [
            [0,591,1373,1206,1598,787,1175,1057,1078],
            [591,0,782,615,1007,196,584,466,487],
            [1373,782,0,465,225,978,646,316,854],
            [1206,615,465,0,521,811,737,149,389],
            [1598,1007,225,521,0,1203,871,541,910],
            [787,196,978,811,1203,0,780,662,683],
            [1175,584,646,737,871,780,0,588,1071],
            [1057,466,316,149,541,662,588,0,538],
            [1078,487,854,389,910,683,1071,538,0]
        ],
        "weight_matrix": [
            [0,3,3,3,3,3,3,3,3],
            [3,0,3,3,3,3,3,3,3],
            [3,3,0,3,3,3,3,3,3],
            [3,3,3,0,3,3,3,3,3],
            [3,3,3,3,0,3,3,3,3],
            [3,3,3,3,3,0,3,3,3],
            [3,3,3,3,3,3,0,3,3],
            [3,3,3,3,3,3,3,0,3],
            [3,3,3,3,3,3,3,3,0]
        ],
        "probability_matrix": [
            [0,0.22329103610074075,0.15707370322652423,0.06513192575683897,0.1756731303084531,0.14094056966277452,0.12601091718668897,0.05130452626674404,0.06057419149123536],
            [0.08904355839995709,0,0.1849021790023375,0.15321301091217912,0.08665106547180258,0.05159726578269701,0.11441798096931276,0.10311559075832918,0.21705934870338492],
            [0.06725765735298705,0.1974179712520991,0,0.1978156987857213,0.05362048999021402,0.012951782564817589,0.2264464930782139,0.20751701212010476,0.03697289485584235],
            [0.14997830352499666,0.12841313935154328,0.18856846890243295,0,0.03735903988307265,0.13994938905015106,0.06678833730606899,0.12015030159727887,0.16879302038445554],
            [0.1281426648709538,0.13964589595653143,0.23786900696448446,0.06031538147377549,0,0.1742937820122613,0.022563096999885804,0.03304846831998132,0.20412170340212635],
            [0.08543857087422091,0.04962269727259151,0.1760637107344999,0.12359153420683094,0.04553458991733443,0,0.2187734763014167,0.20541468287992531,0.09556073781318028],
            [0.15025038471586388,0.017091914743096077,0.03537166033912791,0.14130020760382475,0.20578026404413058,0.1367337916514734,0,0.07960809563355133,0.233863681268932],
            [0.18715390419701228,0.08953592166601586,0.058593235137610854,0.06290293266059731,0.19120141175073987,0.1723820760999157,0.16192889230210375,0,0.0763016261860045],
            [0.13271522115785833,0.23465248466503116,0.22579239364305342,0.044900499567271206,0.0885651932044291,0.12469439459526714,0.0505326061020723,0.0981472070650174,0]
        ],
        "city_names": ["Brest","Paris","Marseille","Genève","Monaco","Le Havre","Bordeaux","Lyon","Strasbourg"],
        "reward_matrix": [
            [0,69526,15612,27125,100,56013,29263,37398,35950],
            [69526,0,56357,67871,40845,96758,70008,78143,76696],
            [15612,56357,0,78212,94759,42844,65734,88485,51393],
            [27125,67871,78212,0,74352,54358,59460,99999,83452],
            [100,40845,94759,74352,0,27332,50221,72973,47533],
            [56013,96758,42844,54358,27332,0,56495,64631,63183],
            [29263,70008,65734,59460,50221,56495,0,69732,36433],
            [37398,78143,88485,99999,72973,64631,69732,0,73180],
            [35950,76696,51393,83452,47533,63183,36433,73180,0]
        ]
    },
    "vehicle_cost_per_km": [5,15,15,5,5,5,5,5,5],
    "vehicle_capacities": [15,15,15,30,30,30,30,30,30],
    "runs": [{
        "number_of_vehicles": 3,
        "avg_task_cost_vs_number_of_task": [9775,8122.5,7376.666666666667,5743.75,4595,3829.1666666666665,3282.1428571428573,3174.375,3074.4444444444443,2491,2632.7272727272725,2711.6666666666665,2540.769230769231,2581.0714285714284,2677,2638.75,2335.8823529411766,2510,2567.8947368421054,2217,2716.4285714285716,2733.181818181818,2474.1304347826085,2587.0833333333335,2708.6,2236.923076923077,2565.740740740741,2388.75,2569.310344827586,2727]
    }]
}