{
    "vehicle_cost_per_km": [
        5, 
        5, 
        5, 
        5, 
        5
    ], 
    "runs": [
        {
            "avg_task_cost_vs_number_of_task": [
                5285, 
                4040, 
                4496.666666666667, 
                3533.75, 
                2827, 
                2355.8333333333335, 
                2019.2857142857142, 
                1766.875, 
                2050, 
                1845, 
                1677.2727272727273, 
                1537.5, 
                1690, 
                1569.2857142857142, 
                1464.6666666666667, 
                1451.875, 
                1482.3529411764705, 
                1519.1666666666667, 
                1609.4736842105262, 
                1564, 
                1569.7619047619048, 
                1472.2727272727273, 
                1501.0869565217392, 
                1481.6666666666667, 
                1590, 
                1246.7307692307693, 
                1315.1851851851852, 
                1266.9642857142858, 
                1536.3793103448277, 
                1326
            ], 
            "number_of_vehicles": 2
        }, 
        {
            "avg_task_cost_vs_number_of_task": [
                5285, 
                4040, 
                3936.6666666666665, 
                2952.5, 
                2362, 
                2231.6666666666665, 
                1912.857142857143, 
                1673.75, 
                1980, 
                1782, 
                1620, 
                1485, 
                1673.4615384615386, 
                1614.2857142857142, 
                1471.3333333333333, 
                1412.5, 
                1488.235294117647, 
                1446.9444444444443, 
                1349.7368421052631, 
                1343.5, 
                1437.142857142857, 
                1400.6818181818182, 
                1316.5217391304348, 
                1401.875, 
                1088.6, 
                1118.6538461538462, 
                1121.4814814814815, 
                1330.357142857143, 
                1555.1724137931035, 
                1173.8333333333333
            ], 
            "number_of_vehicles": 3
        }, 
        {
            "avg_task_cost_vs_number_of_task": [
                5285, 
                4040, 
                3936.6666666666665, 
                2952.5, 
                2362, 
                2231.6666666666665, 
                1912.857142857143, 
                1673.75, 
                1980, 
                1782, 
                1620, 
                1485, 
                1697.6923076923076, 
                1576.4285714285713, 
                1671, 
                1472.5, 
                1580.5882352941176, 
                1528.611111111111, 
                1349.7368421052631, 
                1413, 
                1383.5714285714287, 
                1444.090909090909, 
                1514.3478260869565, 
                1364.5833333333333, 
                1211.2, 
                1223.2692307692307, 
                1218.888888888889, 
                1165.357142857143, 
                1240.344827586207, 
                1267.5
            ], 
            "number_of_vehicles": 4
        }, 
        {
            "avg_task_cost_vs_number_of_task": [
                5285, 
                4040, 
                3936.6666666666665, 
                2952.5, 
                2362, 
                2231.6666666666665, 
                1912.857142857143, 
                1673.75, 
                1980, 
                1782, 
                1620, 
                1485, 
                1738.4615384615386, 
                1553.9285714285713, 
                1506.6666666666667, 
                1539.375, 
                1527.0588235294117, 
                1455, 
                1534.2105263157894, 
                1614.25, 
                1309.047619047619, 
                1355.909090909091, 
                1365.8695652173913, 
                1323.75, 
                1267.2, 
                1193.2692307692307, 
                1204.2592592592594, 
                1296.25, 
                1280.8620689655172, 
                1410
            ], 
            "number_of_vehicles": 5
        }
    ], 
    "vehicle_starting_positions": [
        "Lyon", 
        "Brest", 
        "Gen\u00e8ve", 
        "Le Havre", 
        "Bordeaux", 
        "Monaco", 
        "Marseille", 
        "Strasbourg", 
        "Paris"
    ], 
    "task_distribution": {
        "weight_matrix": [
            [
                0, 
                3, 
                3, 
                3, 
                3, 
                3, 
                3, 
                3, 
                3
            ], 
            [
                3, 
                0, 
                3, 
                3, 
                3, 
                3, 
                3, 
                3, 
                3
            ], 
            [
                3, 
                3, 
                0, 
                3, 
                3, 
                3, 
                3, 
                3, 
                3
            ], 
            [
                3, 
                3, 
                3, 
                0, 
                3, 
                3, 
                3, 
                3, 
                3
            ], 
            [
                3, 
                3, 
                3, 
                3, 
                0, 
                3, 
                3, 
                3, 
                3
            ], 
            [
                3, 
                3, 
                3, 
                3, 
                3, 
                0, 
                3, 
                3, 
                3
            ], 
            [
                3, 
                3, 
                3, 
                3, 
                3, 
                3, 
                0, 
                3, 
                3
            ], 
            [
                3, 
                3, 
                3, 
                3, 
                3, 
                3, 
                3, 
                0, 
                3
            ], 
            [
                3, 
                3, 
                3, 
                3, 
                3, 
                3, 
                3, 
                3, 
                0
            ]
        ], 
        "city_names": [
            "Brest", 
            "Paris", 
            "Marseille", 
            "Gen\u00e8ve", 
            "Monaco", 
            "Le Havre", 
            "Bordeaux", 
            "Lyon", 
            "Strasbourg"
        ],