{
    "vehicle_cost_per_km": [
        5, 
        5, 
        5, 
        5, 
        5
    ], 
    "runs": [
        {
            "avg_task_cost_vs_number_of_task": [
                2955, 
                2640, 
                4181.666666666667, 
                3837.5, 
                3126, 
                2900, 
                2606.4285714285716, 
                2885, 
                2906.6666666666665, 
                2775.5, 
                2523.181818181818, 
                2544.5833333333335, 
                2422.6923076923076, 
                2487.1428571428573, 
                2372.6666666666665, 
                2256.875, 
                2124.1176470588234, 
                2232.5, 
                2281.5789473684213, 
                2289.5, 
                2445, 
                2363.6363636363635, 
                2380, 
                2342.5, 
                2448.6, 
                2161.346153846154, 
                2408.5185185185187, 
                2300.1785714285716, 
                2270.862068965517, 
                2282.6666666666665
            ], 
            "number_of_vehicles": 3
        }
    ], 
    "vehicle_starting_positions": [
        "Brest", 
        "Paris", 
        "Marseille", 
        "Gen\u00e8ve", 
        "Monaco", 
        "Le Havre", 
        "Bordeaux", 
        "Lyon", 
        "Strasbourg"
    ], 
    "task_distribution": {
        "distance_matrix": [
            [
                0, 
                591, 
                1373, 
                1206, 
                1598, 
                787, 
                1175, 
                1057, 
                1078
            ], 
            [
                591, 
                0, 
                782, 
                615, 
                1007, 
                196, 
                584, 
                466, 
                487
            ], 
            [
                1373, 
                782, 
                0, 
                465, 
                225, 
                978, 
                646, 
                316, 
                854
            ], 
            [
                1206, 
                615, 
                465, 
                0, 
                521, 
                811, 
                737, 
                149, 
                389
            ], 
            [
                1598, 
                1007, 
                225, 
                521, 
                0, 
                1203, 
                871, 
                541, 
                910
            ], 
            [
                787, 
                196, 
                978, 
                811, 
                1203, 
                0, 
                780, 
                662, 
                683
            ], 
            [
                1175, 
                584, 
                646, 
                737, 
                871, 
                780, 
                0, 
                588, 
                1071
            ], 
            [
                1057, 
                466, 
                316, 
                149, 
                541, 
                662, 
                588, 
                0, 
                538
            ], 
            [
                1078, 
                487, 
                854, 
                389, 
                910, 
                683, 
                1071, 
                538, 
                0
            ]
        ], 
        "weight_matrix": [
            [
                0, 
                3, 
                3, 
                3, 
                3, 
                3, 
                3, 
                3, 
                3
            ], 
            [
                3, 
                0, 
                3, 
                3, 
                3, 
                3, 
                3, 
                3, 
                3
            ], 
            [
                3, 
                3, 
                0, 
                3, 
                3, 
                3, 
                3, 
                3, 
                3
            ], 
            [
                3, 
                3, 
                3, 
                0, 
                3, 
                3, 
                3, 
                3, 
                3
            ], 
            [
                3, 
                3, 
                3, 
                3, 
                0, 
                3, 
                3, 
                3, 
                3
            ], 
            [
                3, 
                3, 
                3, 
                3, 
                3, 
                0, 
                3, 
                3, 
                3
            ], 
            [
                3, 
                3, 
                3, 
                3, 
                3, 
                3, 
                0, 
                3, 
                3
            ], 
            [
                3, 
                3, 
                3, 
                3, 
                3, 
                3, 
                3, 
                0, 
                3
            ], 
            [
                3, 
                3, 
                3, 
                3, 
                3, 
                3, 
                3, 
                3, 
                0
            ]
        ], 
        "city_names": [
            "Brest", 
            "Paris", 
            "Marseille", 
            "Gen\u00e8ve", 
            "Monaco", 
            "Le Havre", 
            "Bordeaux", 
            "Lyon", 
            "Strasbourg"
        ],