{
    "vehicle_cost_per_km": [
        5, 
        5, 
        5, 
        5, 
        5
    ], 
    "runs": [
        {
            "avg_task_cost_vs_number_of_task": [
                4880, 
                5395, 
                5220, 
                3915, 
                4281, 
                3567.5, 
                3258.5714285714284, 
                3094.375, 
                2992.222222222222, 
                2693, 
                2453.181818181818, 
                2361.25, 
                2150, 
                1927.5, 
                1799, 
                1930.625, 
                1722.6470588235295, 
                1499.1666666666667, 
                1775.5263157894738, 
                1574.75, 
                1534.5238095238096, 
                1381.8181818181818, 
                1421.7391304347825, 
                1747.0833333333333, 
                1551.4, 
                1431.5384615384614, 
                1530.1851851851852, 
                1295, 
                1440.1724137931035, 
                1539.6666666666667
            ], 
            "number_of_vehicles": 2
        }, 
        {
            "avg_task_cost_vs_number_of_task": [
                3900, 
                4905, 
                4893.333333333333, 
                3670, 
                4145, 
                3567.5, 
                3635, 
                3094.375, 
                2947.222222222222, 
                2554.5, 
                2364.090909090909, 
                2361.25, 
                2075.769230769231, 
                1927.5, 
                2071.6666666666665, 
                1848.125, 
                1759.1176470588234, 
                1548.611111111111, 
                1665.5263157894738, 
                1349.25, 
                1557.142857142857, 
                1460.6818181818182, 
                1215.8695652173913, 
                1609.7916666666667, 
                1309.8, 
                1365.3846153846155, 
                1583.5185185185185, 
                1735.357142857143, 
                1783.2758620689656, 
                1325.6666666666667
            ], 
            "number_of_vehicles": 3
        }, 
        {
            "avg_task_cost_vs_number_of_task": [
                3900, 
                4905, 
                4893.333333333333, 
                3670, 
                4139, 
                3567.5, 
                3635, 
                3094.375, 
                2992.222222222222, 
                2674, 
                2540.909090909091, 
                2248.75, 
                2075.769230769231, 
                1997.5, 
                1945.3333333333333, 
                1686.5625, 
                1645, 
                1444.7222222222222, 
                1368.6842105263158, 
                1536.25, 
                1718.3333333333333, 
                1322.7272727272727, 
                1252.608695652174, 
                1415.8333333333333, 
                1178.2, 
                1208.8461538461538, 
                1380.5555555555557, 
                1458.392857142857, 
                1340, 
                1333.5
            ], 
            "number_of_vehicles": 4
        }, 
        {
            "avg_task_cost_vs_number_of_task": [
                3900, 
                4905, 
                4893.333333333333, 
                3670, 
                4139, 
                3449.1666666666665, 
                3258.5714285714284, 
                3216.875, 
                2992.222222222222, 
                2693, 
                2542.2727272727275, 
                2361.25, 
                2200.769230769231, 
                1927.5, 
                1799, 
                1747.8125, 
                1780.8823529411766, 
                1636.388888888889, 
                1805.2631578947369, 
                1689, 
                1439.5238095238096, 
                1271.1363636363637, 
                1537.1739130434783, 
                1403.125, 
                1566.2, 
                1468.4615384615386, 
                1452.7777777777778, 
                1313.0357142857142, 
                1316.0344827586207, 
                1272.3333333333333
            ], 
            "number_of_vehicles": 5
        }
    ], 
    "vehicle_starting_positions": [
        "Gen\u00e8ve", 
        "Paris", 
        "Le Havre", 
        "Monaco", 
        "Bordeaux", 
        "Brest", 
        "Lyon", 
        "Marseille", 
        "Strasbourg"
    ], 
    "task_distribution": {
        "weight_matrix": [
            [
                0, 
                3, 
                3, 
                3, 
                3, 
                3, 
                3, 
                3, 
                3
            ], 
            [
                3, 
                0, 
                3, 
                3, 
                3, 
                3, 
                3, 
                3, 
                3
            ], 
            [
                3, 
                3, 
                0, 
                3, 
                3, 
                3, 
                3, 
                3, 
                3
            ], 
            [
                3, 
                3, 
                3, 
                0, 
                3, 
                3, 
                3, 
                3, 
                3
            ], 
            [
                3, 
                3, 
                3, 
                3, 
                0, 
                3, 
                3, 
                3, 
                3
            ], 
            [
                3, 
                3, 
                3, 
                3, 
                3, 
                0, 
                3, 
                3, 
                3
            ], 
            [
                3, 
                3, 
                3, 
                3, 
                3, 
                3, 
                0, 
                3, 
                3
            ], 
            [
                3, 
                3, 
                3, 
                3, 
                3, 
                3, 
                3, 
                0, 
                3
            ], 
            [
                3, 
                3, 
                3, 
                3, 
                3, 
                3, 
                3, 
                3, 
                0
            ]
        ], 
        "city_names": [
            "Brest", 
            "Paris", 
            "Marseille", 
            "Gen\u00e8ve", 
            "Monaco", 
            "Le Havre", 
            "Bordeaux", 
            "Lyon", 
            "Strasbourg"
        ],