{
    "vehicle_starting_positions": ["Lausanne","Genève","Sion","Neuchâtel","Bern","Basel","Fribourg","Zürich","Aarau","Luzern","St-Gallen","Thun"],
    "task_distribution": {
        "distance_matrix": [
            [0,90,150,100,150,290,100,320,260,350,440,190],
            [90,0,240,190,240,380,190,410,350,440,530,280],
            [150,240,0,220,160,300,210,330,270,360,450,120],
            [100,190,220,0,60,200,110,230,170,260,350,100],
            [150,240,160,60,0,140,50,170,110,200,290,40],
            [290,380,300,200,140,0,190,120,180,190,240,180],
            [100,190,210,110,50,190,0,220,160,250,340,90],
            [320,410,330,230,170,120,220,0,60,70,120,210],
            [260,350,270,170,110,180,160,60,0,90,180,150],
            [350,440,360,260,200,190,250,70,90,0,190,240],
            [440,530,450,350,290,240,340,120,180,190,0,330],
            [190,280,120,100,40,180,90,210,150,240,330,0]
        ],
        "weight_matrix": [
            [0,3,3,3,3,3,3,3,3,3,3,3],
            [3,0,3,3,3,3,3,3,3,3,3,3],
            [3,3,0,3,3,3,3,3,3,3,3,3],
            [3,3,3,0,3,3,3,3,3,3,3,3],
            [3,3,3,3,0,3,3,3,3,3,3,3],
            [3,3,3,3,3,0,3,3,3,3,3,3],
            [3,3,3,3,3,3,0,3,3,3,3,3],
            [3,3,3,3,3,3,3,0,3,3,3,3],
            [3,3,3,3,3,3,3,3,0,3,3,3],
            [3,3,3,3,3,3,3,3,3,0,3,3],
            [3,3,3,3,3,3,3,3,3,3,0,3],
            [3,3,3,3,3,3,3,3,3,3,3,0]
        ],
        "probability_matrix": [
            [0,0.09969376501890488,0.10319984271532862,0.17313194424906433,0.11083814796854884,0.002467420777709257,0.019280548688933384,0.016447333127838387,0.07762541734962891,0.152834023999709,0.07862114606748798,0.16586041003684626],
            [0.09972401518196738,0,0.14718921328685092,0.04336033525653722,0.18446894874115574,0.07208525185961813,0.11550664986769274,0.12023906476451396,0.07395367140893187,0.030844113842444523,0.08275092038581841,0.029877815404469116],
            [0.019932951563996482,0.07989206220668096,0,0.10344660968578195,0.11606306431361747,0.14108727842193938,0.11888092430173682,0.1513213505835658,0.06420229882835476,0.05763821794961984,0.0268709158393143,0.12066432630539216],
            [0.05164884838646532,0.025140895770875325,0.06367543801113593,0,0.04505879132132874,0.11766826269205173,0.10478062654847306,0.013704401156279591,0.26263125709676644,0.10414618175997407,0.10703034113677627,0.10451495611987363],
            [0.0883745156244596,0.054969330737808714,0.07212639255708324,0.16838935933054197,0,0.08904919765782841,0.050043204544868734,0.006806092798057097,0.15369179853217999,0.043770956266747214,0.09604239825466568,0.17673675369575936],
            [0.23451299984742074,0.050677080495975246,0.07373963291775594,0.08900345038206048,0.03720487796651625,0,0.04873178721989891,0.08029614916232666,0.14046933020466595,0.09728145625206665,0.08795948925001855,0.060123746301294745],
            [0.028086367467809497,0.0018168749698264785,0.15865444589145541,0.1248299277521636,0.055114742650080435,0.061442087653164876,0,1.375149197428364E-4,0.12879349098135198,0.11072806745398618,0.22052720487973762,0.10986927538068111],
            [0.10801885538787456,0.08062046530851366,0.0995115422674085,0.02489324059354929,0.07772820462135445,0.11255217922487107,0.06733865369516445,0,0.09657317070086106,0.1376159859314673,0.13874762117242934,0.05640008109650652],
            [0.0711836074018486,0.01267393594632172,0.10617902850371545,0.04717250047999765,0.12974003105182216,0.1318482611967232,0.16510061678093474,0.08725380490500635,0,0.03695735239330433,0.10192175957280514,0.10996910176752067],
            [0.10832594833610236,0.11720327255036643,0.12622063147829846,0.023376236879346857,0.10728862559987876,0.133917463391975,0.040491569677336206,0.021277592169425222,0.08531055995749379,0,0.11839584738649653,0.11819225257328038],
            [0.1266065618401154,0.0832513615989982,0.01670689138914435,0.02257833343353079,0.15303634532917137,0.07951831903402243,0.12162842573634419,0.1180010063572245,0.01690820407650476,0.12003428677410065,0,0.14173026443084327],
            [0.1562846902651878,0.05882390645557178,0.03764306494539046,0.03277519614457894,0.01593503843239063,0.076734747931819,0.10714632558233043,0.09268433335289049,0.08975017525396149,0.15758718462751206,0.17463533700836684,0]
        ],
        "city_names": ["Lausanne","Genève","Sion","Neuchâtel","Bern","Basel","Fribourg","Zürich","Aarau","Luzern","St-Gallen","Thun"],
        "reward_matrix": [
            [0,89805,77572,87766,77572,49030,87766,42913,55146,36797,18448,69417],
            [89805,0,59223,69417,59223,30681,69417,24565,36797,18448,100,51068],
            [77572,59223,0,63301,75533,46991,65340,40875,53107,34758,16410,83688],
            [87766,69417,63301,0,95921,67378,85727,61262,73495,55146,36797,87766],
            [77572,59223,75533,95921,0,79611,97960,73495,85727,67378,49030,99999],
            [49030,30681,46991,67378,79611,0,69417,83688,71456,69417,59223,71456],
            [87766,69417,65340,85727,97960,69417,0,63301,75533,57185,38836,89805],
            [42913,24565,40875,61262,73495,83688,63301,0,95921,93882,83688,65340],
            [55146,36797,53107,73495,85727,71456,75533,95921,0,89805,71456,77572],
            [36797,18448,34758,55146,67378,69417,57185,93882,89805,0,69417,59223],
            [18448,100,16410,36797,49030,59223,38836,83688,71456,69417,0,40875],
            [69417,51068,83688,87766,99999,71456,89805,65340,77572,59223,40875,0]
        ]
    },
    "vehicle_cost_per_km": [5,5,5,5,5,5,5,5,5,5,5,5],
    "vehicle_capacities": [10,10,10,30,30,30,30,30,30,30,30,30],
    "runs": [{
        "number_of_vehicles": 3,
        "avg_task_cost_vs_number_of_task": [2700,1700,1133.3333333333333,1087.5,870,925,971.4285714285714,968.75,900,810,772.7272727272727,708.3333333333334,734.6153846153846,757.1428571428571,723.3333333333334,715.625,717.6470588235294,716.6666666666666,728.9473684210526,665,692.8571428571429,770.4545454545455,693.4782608695652,677.0833333333334,688,673.0769230769231,687.0370370370371,635.7142857142857,700,635]
    }]
}