{
    "vehicle_starting_positions": ["Lausanne","Genève","Sion","Neuchâtel","Bern","Basel","Fribourg","Zürich","Aarau","Luzern","St-Gallen","Thun"],
    "task_distribution": {
        "distance_matrix": [
            [0,90,150,100,150,290,100,320,260,350,440,190],
            [90,0,240,190,240,380,190,410,350,440,530,280],
            [150,240,0,220,160,300,210,330,270,360,450,120],
            [100,190,220,0,60,200,110,230,170,260,350,100],
            [150,240,160,60,0,140,50,170,110,200,290,40],
            [290,380,300,200,140,0,190,120,180,190,240,180],
            [100,190,210,110,50,190,0,220,160,250,340,90],
            [320,410,330,230,170,120,220,0,60,70,120,210],
            [260,350,270,170,110,180,160,60,0,90,180,150],
            [350,440,360,260,200,190,250,70,90,0,190,240],
            [440,530,450,350,290,240,340,120,180,190,0,330],
            [190,280,120,100,40,180,90,210,150,240,330,0]
        ],
        "weight_matrix": [
            [0,3,3,3,3,3,3,3,3,3,3,3],
            [3,0,3,3,3,3,3,3,3,3,3,3],
            [3,3,0,3,3,3,3,3,3,3,3,3],
            [3,3,3,0,3,3,3,3,3,3,3,3],
            [3,3,3,3,0,3,3,3,3,3,3,3],
            [3,3,3,3,3,0,3,3,3,3,3,3],
            [3,3,3,3,3,3,0,3,3,3,3,3],
            [3,3,3,3,3,3,3,0,3,3,3,3],
            [3,3,3,3,3,3,3,3,0,3,3,3],
            [3,3,3,3,3,3,3,3,3,0,3,3],
            [3,3,3,3,3,3,3,3,3,3,0,3],
            [3,3,3,3,3,3,3,3,3,3,3,0]
        ],
        "probability_matrix": [
            [0,0.06036612253070705,0.15087824629480343,0.07680059266918797,0.153710459102666,0.11027902790635001,0.17510065323126955,0.042310735833219634,0.04392894702296628,8.931590838104002E-4,0.05040672791342307,0.13532532841159672],
            [0.050474532194337715,0,0.1313095819864265,0.16166794287280817,0.013395624576061632,0.10354506015482183,0.033316169636753275,0.16427657698804235,0.1393726186564028,0.018881495116844966,0.07057911428501734,0.11318128353248352],
            [0.14336906545855943,0.058788500321684665,0,0.05820294266414373,0.05856210980045872,0.14046326347861965,0.09903506602403864,0.13397906022190145,0.0451742830670128,0.10054578215269731,0.12874509616146174,0.03313483064942162],
            [0.011645558423314991,0.007990746727075502,0.10975343614765742,0,0.18974290525771148,0.11978558251791069,0.07103828411945243,0.10966913005106986,0.1839540378220133,0.005306673147632386,0.17977439497077763,0.011339250815384162],
            [0.12883487249558628,0.12163921494783991,0.17070822996090873,0.18679435070436642,0,0.056940401471039695,0.00273113977845138,0.0778451790345738,0.11916277395589762,0.09928496554279886,0.02752774652427604,0.00853112558426138],
            [0.10808177194613632,0.09883534465833115,0.06831700457881533,0.10815017727812871,0.11711165158089926,0,0.0954141097622586,0.011777400022104666,0.07716746242039742,0.12106854814918797,0.11129500290512952,0.08278152669861107],
            [0.03986725493623141,0.04563145971613855,0.15159036107564702,0.07976189088985558,0.07088895800277413,0.004796724667369562,0,0.0886710653218533,0.05113654959595581,0.20223214413610752,0.14970917291778474,0.11571441874028221],
            [0.006509935447715414,0.2013173183057098,0.03984962794860069,0.16464309510331865,0.03321078528390086,0.19626540563040207,0.038556485507089976,0,0.11819334014903568,0.020789121447688446,0.10980653987781824,0.07085834529872014],
            [0.07737857532537021,0.1382424443847101,0.13816372958462658,0.020122118164247225,0.12615725058815222,0.050787723135363845,0.13772772074061151,0.13997450302196554,0,0.050196156738880796,0.014303661918507952,0.10694611639756398],
            [0.1373250720570478,0.072042864648618,0.02489559061299112,0.0747793808856561,0.10571752211089688,0.0486735204906165,0.10631243859348377,0.15152412533715717,0.07964251525860204,0,0.06365509027529417,0.13543187972963658],
            [0.10012220031766313,0.10142645337723234,0.09398387565601903,0.033241687222373174,0.22679242116563336,0.10044479798919885,0.0324585381833638,0.04760086334461227,0.17889816259411334,0.016338767978337315,0,0.06869223217145362],
            [0.06859032037140356,0.08006135069266178,0.17959942189189457,0.12300972935823143,0.1391661611711893,0.049366274123541304,0.10887386721884387,0.06680322777530336,0.13282420552588203,0.046485995454388626,0.005219446416660423,0]
        ],
        "city_names": ["Lausanne","Genève","Sion","Neuchâtel","Bern","Basel","Fribourg","Zürich","Aarau","Luzern","St-Gallen","Thun"],
        "reward_matrix": [
            [0,89805,77572,87766,77572,49030,87766,42913,55146,36797,18448,69417],
            [89805,0,59223,69417,59223,30681,69417,24565,36797,18448,100,51068],
            [77572,59223,0,63301,75533,46991,65340,40875,53107,34758,16410,83688],
            [87766,69417,63301,0,95921,67378,85727,61262,73495,55146,36797,87766],
            [77572,59223,75533,95921,0,79611,97960,73495,85727,67378,49030,99999],
            [49030,30681,46991,67378,79611,0,69417,83688,71456,69417,59223,71456],
            [87766,69417,65340,85727,97960,69417,0,63301,75533,57185,38836,89805],
            [42913,24565,40875,61262,73495,83688,63301,0,95921,93882,83688,65340],
            [55146,36797,53107,73495,85727,71456,75533,95921,0,89805,71456,77572],
            [36797,18448,34758,55146,67378,69417,57185,93882,89805,0,69417,59223],
            [18448,100,16410,36797,49030,59223,38836,83688,71456,69417,0,40875],
            [69417,51068,83688,87766,99999,71456,89805,65340,77572,59223,40875,0]
        ]
    },
    "vehicle_cost_per_km": [15,10,10,5,5,5,5,5,5,5,5,5],
    "vehicle_capacities": [15,15,15,30,30,30,30,30,30,30,30,30],
    "runs": [{
        "number_of_vehicles": 3,
        "avg_task_cost_vs_number_of_task": [4200,2400,2933.3333333333335,2200,1960,2050,1828.5714285714287,1812.5,1611.111111111111,1530,1527.2727272727273,1383.3333333333333,1323.076923076923,1242.857142857143,1366.6666666666667,1193.75,1288.235294117647,1272.2222222222222,1194.7368421052631,1225,1300,1018.1818181818181,1147.8260869565217,1116.6666666666667,1044,1088.4615384615386,1029.6296296296296,1050,1137.9310344827586,1141.6666666666667]
    }]
}