{
    "vehicle_starting_positions": ["Lausanne","Genève","Sion","Neuchâtel","Bern","Basel","Fribourg","Zürich","Aarau","Luzern","St-Gallen","Thun"],
    "task_distribution": {
        "distance_matrix": [
            [0,90,150,100,150,290,100,320,260,350,440,190],
            [90,0,240,190,240,380,190,410,350,440,530,280],
            [150,240,0,220,160,300,210,330,270,360,450,120],
            [100,190,220,0,60,200,110,230,170,260,350,100],
            [150,240,160,60,0,140,50,170,110,200,290,40],
            [290,380,300,200,140,0,190,120,180,190,240,180],
            [100,190,210,110,50,190,0,220,160,250,340,90],
            [320,410,330,230,170,120,220,0,60,70,120,210],
            [260,350,270,170,110,180,160,60,0,90,180,150],
            [350,440,360,260,200,190,250,70,90,0,190,240],
            [440,530,450,350,290,240,340,120,180,190,0,330],
            [190,280,120,100,40,180,90,210,150,240,330,0]
        ],
        "weight_matrix": [
            [0,3,3,3,3,3,3,3,3,3,3,3],
            [3,0,3,3,3,3,3,3,3,3,3,3],
            [3,3,0,3,3,3,3,3,3,3,3,3],
            [3,3,3,0,3,3,3,3,3,3,3,3],
            [3,3,3,3,0,3,3,3,3,3,3,3],
            [3,3,3,3,3,0,3,3,3,3,3,3],
            [3,3,3,3,3,3,0,3,3,3,3,3],
            [3,3,3,3,3,3,3,0,3,3,3,3],
            [3,3,3,3,3,3,3,3,0,3,3,3],
            [3,3,3,3,3,3,3,3,3,0,3,3],
            [3,3,3,3,3,3,3,3,3,3,0,3],
            [3,3,3,3,3,3,3,3,3,3,3,0]
        ],
        "probability_matrix": [
            [0,0.09563165240750238,0.11854398125045763,0.1711478415706274,0.13100430574238095,0.052747687801796964,0.15397910786567254,0.004995571992295557,0.019946233293864163,0.06278163282612209,0.019577301720503096,0.16964468352877746],
            [0.10819528493677236,0,0.11882238460640433,0.02264043274921675,0.09330543604226964,0.04116090277319667,0.1212478026700384,0.14775124531829115,0.07256760126330779,0.07781541073999615,0.11560051174622808,0.08089298715427894],
            [0.009191148739570188,0.15404798260056327,0,0.0768309661374062,0.14397174622378997,0.027174639213252416,0.13971595735412437,0.07939537099210217,0.12131218648603793,0.11159793439517797,0.06738457184234531,0.06937749601563016],
            [0.1001387990862862,0.01760786094605616,0.16220150652707135,0,0.11292797059639685,0.03824224186114891,0.10555435887602495,0.08316590200266592,0.11849577253850047,0.04067415468357621,0.10689789074637335,0.11409354213589953],
            [0.021582464794644107,0.07537607117138409,0.024451661891768693,0.12302574443924934,0,0.049168333551345866,0.09822700934501946,0.18326550019092144,0.07643606345825975,0.17562627786809937,0.05861269081139971,0.11422818247790828],
            [0.09765152950228154,0.0675692712500264,0.06162716137016661,0.0510968633516294,0.10998276604579293,0,0.09093750186133907,0.13124924535476915,0.11866294116872436,0.10051341886888353,0.12166203079283681,0.04904727043355033],
            [0.06895371365530985,0.07851925107944213,0.14293571707488084,0.13432731092529945,0.1512810799999223,0.06212921190997253,0,0.0011618604087509062,0.0831389723876414,0.08939274764405905,0.10650336846739537,0.08165676644732622],
            [0.0797040121493128,0.15949415332497124,0.15198034561233215,0.12551008056324495,0.07151587888859148,0.03943216684562006,0.13608137316856025,0,0.01167541677549094,0.09095706654362724,0.002197177188167375,0.13145232894008138],
            [0.03381449920003262,0.15213911359980184,0.012103907853701915,0.15312495768159187,0.08735377300297674,0.05837790142514274,0.09284814058093378,0.028403868772783055,0,0.12148477731496879,0.11021568859504881,0.15013337197301765],
            [0.22086687190030616,0.019067390260832633,0.036106902916008175,0.07735505312229718,0.1739587751962291,0.0012302244913924105,0.08075055589135628,0.01764872934836902,0.12952000331979757,0,0.02357931565309758,0.21991617790031384],
            [0.004281411353800575,0.13618073164655972,0.1591296299638876,0.02691060506309537,0.16596122823592271,0.006344794564516819,0.05116438974403912,0.1595666864272226,0.10898553998230054,0.11999823019469721,0,0.06147675282395763],
            [0.05264867698736187,0.12765731460178825,0.16498307335445175,0.1436793658164676,0.0029448075683326117,0.05328461077876682,0.019423702615583446,0.08293070709428634,0.12111889209018024,0.14853904973155382,0.0827897993612272,0]
        ],
        "city_names": ["Lausanne","Genève","Sion","Neuchâtel","Bern","Basel","Fribourg","Zürich","Aarau","Luzern","St-Gallen","Thun"],
        "reward_matrix": [
            [0,89805,77572,87766,77572,49030,87766,42913,55146,36797,18448,69417],
            [89805,0,59223,69417,59223,30681,69417,24565,36797,18448,100,51068],
            [77572,59223,0,63301,75533,46991,65340,40875,53107,34758,16410,83688],
            [87766,69417,63301,0,95921,67378,85727,61262,73495,55146,36797,87766],
            [77572,59223,75533,95921,0,79611,97960,73495,85727,67378,49030,99999],
            [49030,30681,46991,67378,79611,0,69417,83688,71456,69417,59223,71456],
            [87766,69417,65340,85727,97960,69417,0,63301,75533,57185,38836,89805],
            [42913,24565,40875,61262,73495,83688,63301,0,95921,93882,83688,65340],
            [55146,36797,53107,73495,85727,71456,75533,95921,0,89805,71456,77572],
            [36797,18448,34758,55146,67378,69417,57185,93882,89805,0,69417,59223],
            [18448,100,16410,36797,49030,59223,38836,83688,71456,69417,0,40875],
            [69417,51068,83688,87766,99999,71456,89805,65340,77572,59223,40875,0]
        ]
    },
    "vehicle_cost_per_km": [10,10,5,5,5,5,5,5,5,5,5,5],
    "vehicle_capacities": [5,5,5,30,30,30,30,30,30,30,30,30],
    "runs": [{
        "number_of_vehicles": 3,
        "avg_task_cost_vs_number_of_task": [1800,1100,1266.6666666666667,1500,1360,1233.3333333333333,1142.857142857143,1000,911.1111111111111,1010,1072.7272727272727,1062.5,1030.7692307692307,1025,1053.3333333333333,1090.625,1067.6470588235295,1038.888888888889,1134.2105263157894,1150,1126.1904761904761,1090.909090909091,1158.695652173913,1108.3333333333333,1076,1105.7692307692307,1135.1851851851852,1053.5714285714287,1205.1724137931035,1178.3333333333333]
    }]
}