{
    "vehicle_starting_positions": ["Lausanne","Genève","Sion","Neuchâtel","Bern","Basel","Fribourg","Zürich","Aarau","Luzern","St-Gallen","Thun"],
    "task_distribution": {
        "distance_matrix": [
            [0,90,150,100,150,290,100,320,260,350,440,190],
            [90,0,240,190,240,380,190,410,350,440,530,280],
            [150,240,0,220,160,300,210,330,270,360,450,120],
            [100,190,220,0,60,200,110,230,170,260,350,100],
            [150,240,160,60,0,140,50,170,110,200,290,40],
            [290,380,300,200,140,0,190,120,180,190,240,180],
            [100,190,210,110,50,190,0,220,160,250,340,90],
            [320,410,330,230,170,120,220,0,60,70,120,210],
            [260,350,270,170,110,180,160,60,0,90,180,150],
            [350,440,360,260,200,190,250,70,90,0,190,240],
            [440,530,450,350,290,240,340,120,180,190,0,330],
            [190,280,120,100,40,180,90,210,150,240,330,0]
        ],
        "weight_matrix": [
            [0,3,3,3,3,3,3,3,3,3,3,3],
            [3,0,3,3,3,3,3,3,3,3,3,3],
            [3,3,0,3,3,3,3,3,3,3,3,3],
            [3,3,3,0,3,3,3,3,3,3,3,3],
            [3,3,3,3,0,3,3,3,3,3,3,3],
            [3,3,3,3,3,0,3,3,3,3,3,3],
            [3,3,3,3,3,3,0,3,3,3,3,3],
            [3,3,3,3,3,3,3,0,3,3,3,3],
            [3,3,3,3,3,3,3,3,0,3,3,3],
            [3,3,3,3,3,3,3,3,3,0,3,3],
            [3,3,3,3,3,3,3,3,3,3,0,3],
            [3,3,3,3,3,3,3,3,3,3,3,0]
        ],
        "probability_matrix": [
            [0,0.10627910483718012,0.07172282970355025,0.1224652275968521,0.1206999972803288,0.14620510116249177,0.1271846858336066,0.06786040964741265,0.048444756053867465,0.021903922277060273,0.1406600562459664,0.0265739093616834],
            [0.00873378872174739,0,0.10218311399642267,0.0030055055873295235,0.03510098375152616,0.186330103377154,0.06151219715523334,0.16322434675470615,0.16612636690302188,0.019946583474959062,0.029676343138554235,0.2241606671393457],
            [0.016561523094685206,0.0033674053184477174,0,0.17702674160387166,0.07681967135412276,0.185513524071737,0.14383974451960946,0.19695937796847826,0.13411386186622712,0.027585339039086623,0.021294728266046708,0.016918082897687495],
            [0.16927659034187892,0.15925940919466497,0.07371176642182922,0,0.010471735738455798,0.17003869486278858,0.038631423484374726,0.030379570720135016,0.08044008210389049,0.04670705908178025,0.12896637225687618,0.0921172957933255],
            [0.11896837817081796,0.1887600992881247,0.04496662951212107,0.18307043032918888,0,0.07859565171399145,0.08659015277850808,0.05298107022483795,0.02525900036001823,0.10548760365982505,0.10481301628047393,0.010507967682092624],
            [0.052022498657118686,0.16198342506705077,0.07850580687185141,0.14273254571605556,0.10900210939626082,0,0.13303739696741237,0.14416587108103854,0.07187607366528488,0.0272721361271049,0.07845974483539508,9.423916154269765E-4],
            [0.21804742139135475,0.16216742524256658,0.06215371659220948,0.13199477042015073,0.0197646738113549,0.016568041080550003,0,0.09983388190476573,0.03401249517958136,0.0876925754498844,0.09759397729702608,0.07017102163055605],
            [0.11261411274596077,0.1413180862732866,0.11052249283634143,0.07777389910405062,0.1269038560361213,0.08880490152841053,0.05577723300094398,0,0.05560955613343116,0.11340776949580743,0.02390095688248839,0.09336713596315774],
            [0.15136749210407646,0.09228311185764944,0.18702559605082067,0.02694201790758939,0.12919945786672593,0.17146021434787315,0.10899964698560517,0.02446088426034871,0,0.029862008476078054,0.048474939747938414,0.029924630395294683],
            [0.05367010572149676,0.11552030758768767,0.08202418031103555,0.025148732152298188,0.08005762875416325,0.15508470762914972,0.06967447962949033,0.12331605777264376,0.1555589709093071,0,0.054750325231211774,0.08519450430151587],
            [0.053867834067971736,0.0498394886856605,0.07151740183160817,0.06646712278723423,0.08104781685784435,0.1192922460387952,0.030244187455321658,0.07275831488680694,0.15901354762596603,0.15396960112293898,0,0.1419824386398521],
            [0.0023921197385995997,0.13689947751582904,0.15593687530228773,0.04763644347889552,0.1388647734756764,0.087514583786437,0.0442828803736343,0.07319107090083926,0.10912517259254387,0.1035674119879445,0.10058919084731271,0]
        ],
        "city_names": ["Lausanne","Genève","Sion","Neuchâtel","Bern","Basel","Fribourg","Zürich","Aarau","Luzern","St-Gallen","Thun"],
        "reward_matrix": [
            [0,89805,77572,87766,77572,49030,87766,42913,55146,36797,18448,69417],
            [89805,0,59223,69417,59223,30681,69417,24565,36797,18448,100,51068],
            [77572,59223,0,63301,75533,46991,65340,40875,53107,34758,16410,83688],
            [87766,69417,63301,0,95921,67378,85727,61262,73495,55146,36797,87766],
            [77572,59223,75533,95921,0,79611,97960,73495,85727,67378,49030,99999],
            [49030,30681,46991,67378,79611,0,69417,83688,71456,69417,59223,71456],
            [87766,69417,65340,85727,97960,69417,0,63301,75533,57185,38836,89805],
            [42913,24565,40875,61262,73495,83688,63301,0,95921,93882,83688,65340],
            [55146,36797,53107,73495,85727,71456,75533,95921,0,89805,71456,77572],
            [36797,18448,34758,55146,67378,69417,57185,93882,89805,0,69417,59223],
            [18448,100,16410,36797,49030,59223,38836,83688,71456,69417,0,40875],
            [69417,51068,83688,87766,99999,71456,89805,65340,77572,59223,40875,0]
        ]
    },
    "vehicle_cost_per_km": [5,15,15,5,5,5,5,5,5,5,5,5],
    "vehicle_capacities": [15,15,15,30,30,30,30,30,30,30,30,30],
    "runs": [{
        "number_of_vehicles": 3,
        "avg_task_cost_vs_number_of_task": [2050,2050,1616.6666666666667,1212.5,1130,975,885.7142857142857,912.5,744.4444444444445,765,777.2727272727273,833.3333333333334,815.3846153846154,846.4285714285714,760,740.625,800,911.1111111111111,800,890,790.4761904761905,811.3636363636364,852.1739130434783,952.0833333333334,796,950,938.8888888888889,916.0714285714286,901.7241379310345,948.3333333333334]
    }]
}