{
    "vehicle_cost_per_km": [
        5, 
        5, 
        5, 
        5, 
        5
    ], 
    "runs": [
        {
            "avg_task_cost_vs_number_of_task": [
                1600, 
                1050, 
                1066.6666666666667, 
                1062.5, 
                1070, 
                991.6666666666666, 
                850, 
                793.75, 
                750, 
                815, 
                727.2727272727273, 
                712.5, 
                669.2307692307693, 
                653.5714285714286, 
                746.6666666666666, 
                678.125, 
                602.9411764705883, 
                583.3333333333334, 
                589.4736842105264, 
                590, 
                600, 
                609.0909090909091, 
                556.5217391304348, 
                556.25, 
                540, 
                492.3076923076923, 
                537.0370370370371, 
                489.2857142857143, 
                517.2413793103449, 
                485
            ], 
            "number_of_vehicles": 3
        }
    ], 
    "vehicle_starting_positions": [
        "Lausanne", 
        "Gen\u00e8ve", 
        "Sion", 
        "Neuch\u00e2tel", 
        "Bern", 
        "Basel", 
        "Fribourg", 
        "Z\u00fcrich", 
        "Aarau", 
        "Luzern", 
        "St-Gallen", 
        "Thun"
    ], 
    "task_distribution": {
        "distance_matrix": [
            [
                0, 
                90, 
                150, 
                100, 
                150, 
                290, 
                100, 
                320, 
                260, 
                350, 
                440, 
                190
            ], 
            [
                90, 
                0, 
                240, 
                190, 
                240, 
                380, 
                190, 
                410, 
                350, 
                440, 
                530, 
                280
            ], 
            [
                150, 
                240, 
                0, 
                220, 
                160, 
                300, 
                210, 
                330, 
                270, 
                360, 
                450, 
                120
            ], 
            [
                100, 
                190, 
                220, 
                0, 
                60, 
                200, 
                110, 
                230, 
                170, 
                260, 
                350, 
                100
            ], 
            [
                150, 
                240, 
                160, 
                60, 
                0, 
                140, 
                50, 
                170, 
                110, 
                200, 
                290, 
                40
            ], 
            [
                290, 
                380, 
                300, 
                200, 
                140, 
                0, 
                190, 
                120, 
                180, 
                190, 
                240, 
                180
            ], 
            [
                100, 
                190, 
                210, 
                110, 
                50, 
                190, 
                0, 
                220, 
                160, 
                250, 
                340, 
                90
            ], 
            [
                320, 
                410, 
                330, 
                230, 
                170, 
                120, 
                220, 
                0, 
                60, 
                70, 
                120, 
                210
            ], 
            [
                260, 
                350, 
                270, 
                170, 
                110, 
                180, 
                160, 
                60, 
                0, 
                90, 
                180, 
                150
            ], 
            [
                350, 
                440, 
                360, 
                260, 
                200, 
                190, 
                250, 
                70, 
                90, 
                0, 
                190, 
                240
            ], 
            [
                440, 
                530, 
                450, 
                350, 
                290, 
                240, 
                340, 
                120, 
                180, 
                190, 
                0, 
                330
            ], 
            [
                190, 
                280, 
                120, 
                100, 
                40, 
                180, 
                90, 
                210, 
                150, 
                240, 
                330, 
                0
            ]
        ],