{
    "vehicle_starting_positions": ["Lausanne","Genève","Sion","Neuchâtel","Bern","Basel","Fribourg","Zürich","Aarau","Luzern","St-Gallen","Thun"],
    "task_distribution": {
        "distance_matrix": [
            [0,90,150,100,150,290,100,320,260,350,440,190],
            [90,0,240,190,240,380,190,410,350,440,530,280],
            [150,240,0,220,160,300,210,330,270,360,450,120],
            [100,190,220,0,60,200,110,230,170,260,350,100],
            [150,240,160,60,0,140,50,170,110,200,290,40],
            [290,380,300,200,140,0,190,120,180,190,240,180],
            [100,190,210,110,50,190,0,220,160,250,340,90],
            [320,410,330,230,170,120,220,0,60,70,120,210],
            [260,350,270,170,110,180,160,60,0,90,180,150],
            [350,440,360,260,200,190,250,70,90,0,190,240],
            [440,530,450,350,290,240,340,120,180,190,0,330],
            [190,280,120,100,40,180,90,210,150,240,330,0]
        ],
        "weight_matrix": [
            [0,3,3,3,3,3,3,3,3,3,3,3],
            [3,0,3,3,3,3,3,3,3,3,3,3],
            [3,3,0,3,3,3,3,3,3,3,3,3],
            [3,3,3,0,3,3,3,3,3,3,3,3],
            [3,3,3,3,0,3,3,3,3,3,3,3],
            [3,3,3,3,3,0,3,3,3,3,3,3],
            [3,3,3,3,3,3,0,3,3,3,3,3],
            [3,3,3,3,3,3,3,0,3,3,3,3],
            [3,3,3,3,3,3,3,3,0,3,3,3],
            [3,3,3,3,3,3,3,3,3,0,3,3],
            [3,3,3,3,3,3,3,3,3,3,0,3],
            [3,3,3,3,3,3,3,3,3,3,3,0]
        ],
        "probability_matrix": [
            [0,0.02472922607215558,0.05752577174986263,0.18345723896944427,0.17513270752808074,0.11145220704728707,0.040251143001240955,0.01773754760037734,0.07336442037240556,0.0453858410281644,0.12408682172846958,0.14687707490251178],
            [0.04890446032677581,0,0.11531600191346938,0.11519138869927925,0.07649735592643302,0.12093480221398274,0.10524849076892707,0.09799678925094661,0.05269863048860518,0.08534021923100327,0.09860782921278058,0.08326403196779697],
            [0.07042404891651514,0.03378716445704395,0,0.14923472555104186,0.11183965111780585,0.12649418866831574,0.06985326753233119,0.14573249531375954,0.08490788257998062,0.012442063378259738,0.10860361328652132,0.0866808991984251],
            [0.023114959591773936,0.179998045229002,0.02438718636002516,0,0.10200954456481508,0.015552333614081933,0.1809542152973837,0.025316769361002436,0.026974638949923344,0.05042708803882913,0.18736388417101438,0.1839013348221488],
            [0.20796190785943722,0.09022767636518741,0.09634808518628453,0.16702256790029607,0,0.006592003369339906,0.026115094559381512,0.033786274053944895,0.14000039028779895,0.08979636989807559,0.015418775204522858,0.12673085531573094],
            [0.11590535717323686,0.09937924934166546,0.07213250592110589,0.12847973555964087,0.0456048458126023,0,0.13660073020407063,0.1396690623385589,0.06230864198859903,0.02621297252062786,0.025622744310733702,0.1480841548291587],
            [0.1367153704920359,0.11850062609643602,0.1390128590911045,0.0937331410259113,0.011631037532250255,0.03354764698614868,0,0.09054181107408153,0.003031645962901577,0.1027017155533992,0.14114150014777557,0.12944264603795558],
            [0.03206424983107094,0.18990869848919437,0.03800516325852057,0.12702473127304212,0.0705055311169289,0.191576498576643,0.07713745608874793,0,0.04949255634142401,0.06688425331656744,0.010721901396787501,0.14667896031107333],
            [0.13164308970010496,0.06844508519472199,0.1430845987022063,0.13969510132974033,7.473183447913372E-5,0.09788790771817166,0.0873942660250531,0.11373045281982534,0,0.08413179998405781,0.053193012072228166,0.08071995461941128],
            [0.016551133987269435,0.16529174018673834,0.1585925895161785,0.04703012073588639,0.03150148964390519,0.15097056110990098,0.16885354426166238,0.027671195323366968,0.07716638854932545,0,0.1467288578633652,0.009642378822401085],
            [0.14188459133155265,0.0029725889111406295,0.044106887142063685,0.1194987672572335,0.17412823516011913,0.032901113314448324,0.07947517788088491,0.005346615512031677,0.06282263098356379,0.18581836129492402,0,0.15104503121203777],
            [0.0019129557400546933,0.08052185755478507,0.10909313417947236,0.12322693964664683,0.135721355335015,0.04850722137045071,0.10420311910902598,0.09124006432708086,0.12026788503393447,0.07326745503379795,0.1120380126697362,0]
        ],
        "city_names": ["Lausanne","Genève","Sion","Neuchâtel","Bern","Basel","Fribourg","Zürich","Aarau","Luzern","St-Gallen","Thun"],
        "reward_matrix": [
            [0,89805,77572,87766,77572,49030,87766,42913,55146,36797,18448,69417],
            [89805,0,59223,69417,59223,30681,69417,24565,36797,18448,100,51068],
            [77572,59223,0,63301,75533,46991,65340,40875,53107,34758,16410,83688],
            [87766,69417,63301,0,95921,67378,85727,61262,73495,55146,36797,87766],
            [77572,59223,75533,95921,0,79611,97960,73495,85727,67378,49030,99999],
            [49030,30681,46991,67378,79611,0,69417,83688,71456,69417,59223,71456],
            [87766,69417,65340,85727,97960,69417,0,63301,75533,57185,38836,89805],
            [42913,24565,40875,61262,73495,83688,63301,0,95921,93882,83688,65340],
            [55146,36797,53107,73495,85727,71456,75533,95921,0,89805,71456,77572],
            [36797,18448,34758,55146,67378,69417,57185,93882,89805,0,69417,59223],
            [18448,100,16410,36797,49030,59223,38836,83688,71456,69417,0,40875],
            [69417,51068,83688,87766,99999,71456,89805,65340,77572,59223,40875,0]
        ]
    },
    "vehicle_cost_per_km": [5,15,15,5,5,5,5,5,5,5,5,5],
    "vehicle_capacities": [15,15,15,30,30,30,30,30,30,30,30,30],
    "runs": [{
        "number_of_vehicles": 3,
        "avg_task_cost_vs_number_of_task": [2050,1050,900,1337.5,1170,975,842.8571428571429,831.25,994.4444444444445,950,1013.6363636363636,870.8333333333334,915.3846153846154,1035.7142857142858,963.3333333333334,812.5,997.0588235294117,1036.111111111111,994.7368421052631,1017.5,919.047619047619,945.4545454545455,963.0434782608696,991.6666666666666,964,921.1538461538462,920.3703703703703,1005.3571428571429,956.8965517241379,991.6666666666666]
    }]
}