{
    "vehicle_cost_per_km": [
        5, 
        5, 
        5, 
        5, 
        5
    ], 
    "runs": [
        {
            "avg_task_cost_vs_number_of_task": [
                1350, 
                975, 
                1333.3333333333333, 
                1250, 
                1000, 
                966.6666666666666, 
                885.7142857142857, 
                906.25, 
                855.5555555555555, 
                770, 
                709.0909090909091, 
                650, 
                600, 
                596.4285714285714, 
                556.6666666666666, 
                521.875, 
                523.5294117647059, 
                525, 
                515.7894736842105, 
                485, 
                433.3333333333333, 
                429.54545454545456, 
                404.3478260869565, 
                433.3333333333333, 
                420, 
                394.2307692307692, 
                431.48148148148147, 
                419.64285714285717, 
                337.9310344827586, 
                396.6666666666667
            ], 
            "number_of_vehicles": 2
        }, 
        {
            "avg_task_cost_vs_number_of_task": [
                1350, 
                975, 
                1333.3333333333333, 
                1250, 
                1000, 
                941.6666666666666, 
                907.1428571428571, 
                818.75, 
                772.2222222222222, 
                785, 
                631.8181818181819, 
                583.3333333333334, 
                588.4615384615385, 
                596.4285714285714, 
                553.3333333333334, 
                521.875, 
                491.1764705882353, 
                505.55555555555554, 
                486.8421052631579, 
                442.5, 
                459.5238095238095, 
                431.8181818181818, 
                423.9130434782609, 
                435.4166666666667, 
                404, 
                390.38461538461536, 
                366.6666666666667, 
                410.7142857142857, 
                386.2068965517241, 
                346.6666666666667
            ], 
            "number_of_vehicles": 3
        }, 
        {
            "avg_task_cost_vs_number_of_task": [
                1350, 
                975, 
                1333.3333333333333, 
                1125, 
                900, 
                858.3333333333334, 
                835.7142857142857, 
                843.75, 
                816.6666666666666, 
                735, 
                590.9090909090909, 
                583.3333333333334, 
                596.1538461538462, 
                600, 
                563.3333333333334, 
                537.5, 
                517.6470588235294, 
                497.22222222222223, 
                489.4736842105263, 
                447.5, 
                423.8095238095238, 
                406.8181818181818, 
                421.7391304347826, 
                410.4166666666667, 
                376, 
                386.53846153846155, 
                411.1111111111111, 
                373.2142857142857, 
                372.41379310344826, 
                340
            ], 
            "number_of_vehicles": 4
        }, 
        {
            "avg_task_cost_vs_number_of_task": [
                1350, 
                975, 
                1250, 
                1062.5, 
                850, 
                858.3333333333334, 
                764.2857142857143, 
                781.25, 
                761.1111111111111, 
                735, 
                695.4545454545455, 
                583.3333333333334, 
                600, 
                603.5714285714286, 
                573.3333333333334, 
                521.875, 
                517.6470588235294, 
                505.55555555555554, 
                478.94736842105266, 
                447.5, 
                438.0952380952381, 
                404.54545454545456, 
                445.6521739130435, 
                397.9166666666667, 
                392, 
                390.38461538461536, 
                355.55555555555554, 
                375, 
                375.86206896551727, 
                330
            ], 
            "number_of_vehicles": 5
        }
    ], 
    "vehicle_starting_positions": [
        "Sion", 
        "Fribourg", 
        "Luzern", 
        "Lausanne", 
        "Z\u00fcrich", 
        "Gen\u00e8ve", 
        "Neuch\u00e2tel", 
        "Basel", 
        "Thun", 
        "Bern", 
        "St-Gallen", 
        "Aarau"
    ],