{
    "vehicle_starting_positions": ["Lausanne","Genève","Sion","Neuchâtel","Bern","Basel","Fribourg","Zürich","Aarau","Luzern","St-Gallen","Thun"],
    "task_distribution": {
        "distance_matrix": [
            [0,90,150,100,150,290,100,320,260,350,440,190],
            [90,0,240,190,240,380,190,410,350,440,530,280],
            [150,240,0,220,160,300,210,330,270,360,450,120],
            [100,190,220,0,60,200,110,230,170,260,350,100],
            [150,240,160,60,0,140,50,170,110,200,290,40],
            [290,380,300,200,140,0,190,120,180,190,240,180],
            [100,190,210,110,50,190,0,220,160,250,340,90],
            [320,410,330,230,170,120,220,0,60,70,120,210],
            [260,350,270,170,110,180,160,60,0,90,180,150],
            [350,440,360,260,200,190,250,70,90,0,190,240],
            [440,530,450,350,290,240,340,120,180,190,0,330],
            [190,280,120,100,40,180,90,210,150,240,330,0]
        ],
        "weight_matrix": [
            [0,3,3,3,3,3,3,3,3,3,3,3],
            [3,0,3,3,3,3,3,3,3,3,3,3],
            [3,3,0,3,3,3,3,3,3,3,3,3],
            [3,3,3,0,3,3,3,3,3,3,3,3],
            [3,3,3,3,0,3,3,3,3,3,3,3],
            [3,3,3,3,3,0,3,3,3,3,3,3],
            [3,3,3,3,3,3,0,3,3,3,3,3],
            [3,3,3,3,3,3,3,0,3,3,3,3],
            [3,3,3,3,3,3,3,3,0,3,3,3],
            [3,3,3,3,3,3,3,3,3,0,3,3],
            [3,3,3,3,3,3,3,3,3,3,0,3],
            [3,3,3,3,3,3,3,3,3,3,3,0]
        ],
        "probability_matrix": [
            [0,0.1418030354664006,0.06707377816146531,0.10877832137183417,0.013668665547087306,0.07831057438396355,0.16652744007273274,0.021911940334534682,0.11890545455996547,0.14653342085590298,0.12568331606640112,0.010804053179712102],
            [0.14989545984616054,0,0.04747249708008031,0.095637847037987,0.03656082089642281,0.15403781209380188,0.1339207245260747,0.011425537237634623,0.11304813648821246,0.009228154531357455,0.08931064366170835,0.15946236660055982],
            [0.16060626848491105,0.029424399732459243,0,0.13406301933848658,0.11248078358042367,0.034723460807371286,0.08833976066689107,0.16978285120290212,0.03249395041544887,0.05924786425465354,0.13293305544452616,0.045904586071926316],
            [0.09778538195746515,0.13391868182904487,0.09776298416299488,0,0.07860461542607142,0.0766120418544894,0.032611445162284314,0.1323116309119246,0.13965040908542445,0.06539064787912463,0.0827175195214584,0.06263464220971814],
            [0.10719244201837286,0.1289603265833453,0.08123094691681991,0.1060809923622025,0,0.020114557916613384,0.12470775501294654,0.08331638942213782,0.025000294348542125,0.11444479929893707,0.06320473284791149,0.1457467632721711],
            [0.1281101372262481,0.13185929732634835,0.052108013612034064,0.16049250882684438,0.04963063233113552,0,0.026961936039650154,0.0625081831981177,0.050540009981770356,0.16017788960755394,0.16053137336550602,0.01708001848479147],
            [0.13273427249263156,0.0921857157804639,0.11122293347756883,0.07016531542582935,0.007346370125819699,0.13212661111882976,0,0.13554127564341276,0.021482109512485487,0.12185749530777328,0.11219219241082042,0.06314570870436499],
            [0.11910718919027609,0.05944185874650587,0.04229219048825553,0.06296766397057468,0.1006233515296048,0.09758841203518999,0.10746330528167052,0,0.00560911205846592,0.13868550593460538,0.12113668526358749,0.14508472550126378],
            [0.11685311011624004,0.13752406888940716,0.09578880496387354,0.025564272291135576,0.08193783946309557,0.07192889499723962,0.0968755520021404,0.11501758247032069,0,0.1241228915736099,0.06422516946068485,0.07016181377225263],
            [0.03917105118844174,0.13831735899061637,0.07231501392792936,0.08590377015070949,0.13429496045846404,0.09638439038934671,0.0792794943480767,0.019162840220809284,0.1070391874334379,0,0.1510506214959446,0.07708131139622372],
            [0.014829722870636353,0.03851961364834668,0.14454259314182658,0.1657989096871684,0.07482919469053678,0.05454538970691001,0.1378105493183919,0.012720134325050496,0.1814431644381274,0.0884197597720574,0,0.08654096840094816],
            [0.10055467746926221,0.017212849706359216,0.12262232375099143,0.04168371166827935,0.1453948138309691,0.14778898733078952,0.14734185594690824,0.047804463012634885,0.03623347767184518,0.12245153651218184,0.07091130309977892,0]
        ],
        "city_names": ["Lausanne","Genève","Sion","Neuchâtel","Bern","Basel","Fribourg","Zürich","Aarau","Luzern","St-Gallen","Thun"],
        "reward_matrix": [
            [0,89805,77572,87766,77572,49030,87766,42913,55146,36797,18448,69417],
            [89805,0,59223,69417,59223,30681,69417,24565,36797,18448,100,51068],
            [77572,59223,0,63301,75533,46991,65340,40875,53107,34758,16410,83688],
            [87766,69417,63301,0,95921,67378,85727,61262,73495,55146,36797,87766],
            [77572,59223,75533,95921,0,79611,97960,73495,85727,67378,49030,99999],
            [49030,30681,46991,67378,79611,0,69417,83688,71456,69417,59223,71456],
            [87766,69417,65340,85727,97960,69417,0,63301,75533,57185,38836,89805],
            [42913,24565,40875,61262,73495,83688,63301,0,95921,93882,83688,65340],
            [55146,36797,53107,73495,85727,71456,75533,95921,0,89805,71456,77572],
            [36797,18448,34758,55146,67378,69417,57185,93882,89805,0,69417,59223],
            [18448,100,16410,36797,49030,59223,38836,83688,71456,69417,0,40875],
            [69417,51068,83688,87766,99999,71456,89805,65340,77572,59223,40875,0]
        ]
    },
    "vehicle_cost_per_km": [10,15,10,5,5,5,5,5,5,5,5,5],
    "vehicle_capacities": [15,15,15,30,30,30,30,30,30,30,30,30],
    "runs": [{
        "number_of_vehicles": 3,
        "avg_task_cost_vs_number_of_task": [1900,1700,2066.6666666666665,1750,1740,1916.6666666666667,1642.857142857143,1450,1288.888888888889,1260,1309.090909090909,1200,1230.7692307692307,1200,1120,1306.25,1194.1176470588234,1288.888888888889,1184.2105263157894,1160,1242.857142857143,1118.1818181818182,1186.9565217391305,1187.5,1176,1203.8461538461538,1100,1210.7142857142858,1144.8275862068965,1280]
    }]
}