{
    "vehicle_cost_per_km": [
        5, 
        5, 
        5, 
        5, 
        5
    ], 
    "runs": [
        {
            "avg_task_cost_vs_number_of_task": [
                2900, 
                2200, 
                1466.6666666666667, 
                1100, 
                980, 
                891.6666666666666, 
                771.4285714285714, 
                825, 
                844.4444444444445, 
                715, 
                636.3636363636364, 
                637.5, 
                642.3076923076923, 
                592.8571428571429, 
                583.3333333333334, 
                575, 
                617.6470588235294, 
                622.2222222222222, 
                571.0526315789474, 
                557.5, 
                530.952380952381, 
                531.8181818181819, 
                504.3478260869565, 
                514.5833333333334, 
                494, 
                459.61538461538464, 
                490.74074074074076, 
                448.2142857142857, 
                503.44827586206895, 
                476.6666666666667
            ], 
            "number_of_vehicles": 3
        }
    ], 
    "vehicle_starting_positions": [
        "Lausanne", 
        "Gen\u00e8ve", 
        "Sion", 
        "Neuch\u00e2tel", 
        "Bern", 
        "Basel", 
        "Fribourg", 
        "Z\u00fcrich", 
        "Aarau", 
        "Luzern", 
        "St-Gallen", 
        "Thun"
    ], 
    "task_distribution": {
        "distance_matrix": [
            [
                0, 
                90, 
                150, 
                100, 
                150, 
                290, 
                100, 
                320, 
                260, 
                350, 
                440, 
                190
            ], 
            [
                90, 
                0, 
                240, 
                190, 
                240, 
                380, 
                190, 
                410, 
                350, 
                440, 
                530, 
                280
            ], 
            [
                150, 
                240, 
                0, 
                220, 
                160, 
                300, 
                210, 
                330, 
                270, 
                360, 
                450, 
                120
            ], 
            [
                100, 
                190, 
                220, 
                0, 
                60, 
                200, 
                110, 
                230, 
                170, 
                260, 
                350, 
                100
            ], 
            [
                150, 
                240, 
                160, 
                60, 
                0, 
                140, 
                50, 
                170, 
                110, 
                200, 
                290, 
                40
            ], 
            [
                290, 
                380, 
                300, 
                200, 
                140, 
                0, 
                190, 
                120, 
                180, 
                190, 
                240, 
                180
            ], 
            [
                100, 
                190, 
                210, 
                110, 
                50, 
                190, 
                0, 
                220, 
                160, 
                250, 
                340, 
                90
            ], 
            [
                320, 
                410, 
                330, 
                230, 
                170, 
                120, 
                220, 
                0, 
                60, 
                70, 
                120, 
                210
            ], 
            [
                260, 
                350, 
                270, 
                170, 
                110, 
                180, 
                160, 
                60, 
                0, 
                90, 
                180, 
                150
            ], 
            [
                350, 
                440, 
                360, 
                260, 
                200, 
                190, 
                250, 
                70, 
                90, 
                0, 
                190, 
                240
            ], 
            [
                440, 
                530, 
                450, 
                350, 
                290, 
                240, 
                340, 
                120, 
                180, 
                190, 
                0, 
                330
            ], 
            [
                190, 
                280, 
                120, 
                100, 
                40, 
                180, 
                90, 
                210, 
                150, 
                240, 
                330, 
                0
            ]
        ],