{
    "vehicle_cost_per_km": [
        5, 
        5, 
        5, 
        5, 
        5
    ], 
    "runs": [
        {
            "avg_task_cost_vs_number_of_task": [
                3150, 
                1600, 
                1266.6666666666667, 
                1175, 
                1120, 
                1150, 
                985.7142857142857, 
                975, 
                816.6666666666666, 
                735, 
                668.1818181818181, 
                691.6666666666666, 
                565.3846153846154, 
                525, 
                523.3333333333334, 
                490.625, 
                473.52941176470586, 
                463.8888888888889, 
                513.1578947368421, 
                525, 
                559.5238095238095, 
                529.5454545454545, 
                476.0869565217391, 
                466.6666666666667, 
                480, 
                473.0769230769231, 
                503.7037037037037, 
                503.57142857142856, 
                501.7241379310345, 
                523.3333333333334
            ], 
            "number_of_vehicles": 3
        }
    ], 
    "vehicle_starting_positions": [
        "Lausanne", 
        "Gen\u00e8ve", 
        "Sion", 
        "Neuch\u00e2tel", 
        "Bern", 
        "Basel", 
        "Fribourg", 
        "Z\u00fcrich", 
        "Aarau", 
        "Luzern", 
        "St-Gallen", 
        "Thun"
    ], 
    "task_distribution": {
        "distance_matrix": [
            [
                0, 
                90, 
                150, 
                100, 
                150, 
                290, 
                100, 
                320, 
                260, 
                350, 
                440, 
                190
            ], 
            [
                90, 
                0, 
                240, 
                190, 
                240, 
                380, 
                190, 
                410, 
                350, 
                440, 
                530, 
                280
            ], 
            [
                150, 
                240, 
                0, 
                220, 
                160, 
                300, 
                210, 
                330, 
                270, 
                360, 
                450, 
                120
            ], 
            [
                100, 
                190, 
                220, 
                0, 
                60, 
                200, 
                110, 
                230, 
                170, 
                260, 
                350, 
                100
            ], 
            [
                150, 
                240, 
                160, 
                60, 
                0, 
                140, 
                50, 
                170, 
                110, 
                200, 
                290, 
                40
            ], 
            [
                290, 
                380, 
                300, 
                200, 
                140, 
                0, 
                190, 
                120, 
                180, 
                190, 
                240, 
                180
            ], 
            [
                100, 
                190, 
                210, 
                110, 
                50, 
                190, 
                0, 
                220, 
                160, 
                250, 
                340, 
                90
            ], 
            [
                320, 
                410, 
                330, 
                230, 
                170, 
                120, 
                220, 
                0, 
                60, 
                70, 
                120, 
                210
            ], 
            [
                260, 
                350, 
                270, 
                170, 
                110, 
                180, 
                160, 
                60, 
                0, 
                90, 
                180, 
                150
            ], 
            [
                350, 
                440, 
                360, 
                260, 
                200, 
                190, 
                250, 
                70, 
                90, 
                0, 
                190, 
                240
            ], 
            [
                440, 
                530, 
                450, 
                350, 
                290, 
                240, 
                340, 
                120, 
                180, 
                190, 
                0, 
                330
            ], 
            [
                190, 
                280, 
                120, 
                100, 
                40, 
                180, 
                90, 
                210, 
                150, 
                240, 
                330, 
                0
            ]
        ],