{
    "vehicle_cost_per_km": [
        5, 
        5, 
        5, 
        5, 
        5
    ], 
    "runs": [
        {
            "avg_task_cost_vs_number_of_task": [
                1600, 
                1400, 
                1066.6666666666667, 
                925, 
                820, 
                683.3333333333334, 
                821.4285714285714, 
                718.75, 
                683.3333333333334, 
                615, 
                640.9090909090909, 
                587.5, 
                596.1538461538462, 
                575, 
                520, 
                512.5, 
                508.8235294117647, 
                500, 
                463.1578947368421, 
                525, 
                454.76190476190476, 
                463.6363636363636, 
                408.69565217391306, 
                404.1666666666667, 
                412, 
                450, 
                407.4074074074074, 
                425, 
                406.8965517241379, 
                448.3333333333333
            ], 
            "number_of_vehicles": 2
        }, 
        {
            "avg_task_cost_vs_number_of_task": [
                1450, 
                1100, 
                866.6666666666666, 
                775, 
                700, 
                583.3333333333334, 
                778.5714285714286, 
                681.25, 
                638.8888888888889, 
                700, 
                595.4545454545455, 
                562.5, 
                550, 
                542.8571428571429, 
                496.6666666666667, 
                503.125, 
                473.52941176470586, 
                505.55555555555554, 
                534.2105263157895, 
                490, 
                438.0952380952381, 
                490.90909090909093, 
                447.82608695652175, 
                402.0833333333333, 
                410, 
                380.7692307692308, 
                450, 
                407.14285714285717, 
                374.13793103448273, 
                443.3333333333333
            ], 
            "number_of_vehicles": 3
        }, 
        {
            "avg_task_cost_vs_number_of_task": [
                950, 
                925, 
                866.6666666666666, 
                775, 
                700, 
                583.3333333333334, 
                735.7142857142857, 
                643.75, 
                627.7777777777778, 
                610, 
                554.5454545454545, 
                508.3333333333333, 
                469.2307692307692, 
                467.85714285714283, 
                450, 
                446.875, 
                420.5882352941176, 
                397.22222222222223, 
                407.89473684210526, 
                467.5, 
                369.04761904761904, 
                481.8181818181818, 
                404.3478260869565, 
                418.75, 
                402, 
                423.0769230769231, 
                379.6296296296296, 
                414.2857142857143, 
                434.48275862068965, 
                428.3333333333333
            ], 
            "number_of_vehicles": 4
        }, 
        {
            "avg_task_cost_vs_number_of_task": [
                950, 
                925, 
                866.6666666666666, 
                775, 
                700, 
                583.3333333333334, 
                778.5714285714286, 
                643.75, 
                633.3333333333334, 
                610, 
                590.9090909090909, 
                579.1666666666666, 
                523.0769230769231, 
                467.85714285714283, 
                470, 
                459.375, 
                476.47058823529414, 
                469.44444444444446, 
                471.05263157894734, 
                502.5, 
                421.42857142857144, 
                461.3636363636364, 
                456.5217391304348, 
                402.0833333333333, 
                386, 
                376.9230769230769, 
                420.3703703703704, 
                441.07142857142856, 
                412.0689655172414, 
                441.6666666666667
            ], 
            "number_of_vehicles": 5
        }
    ], 
    "vehicle_starting_positions": [
        "Z\u00fcrich", 
        "St-Gallen", 
        "Basel", 
        "Thun", 
        "Fribourg", 
        "Lausanne", 
        "Luzern", 
        "Neuch\u00e2tel", 
        "Gen\u00e8ve", 
        "Sion", 
        "Aarau", 
        "Bern"
    ],