{
    "vehicle_cost_per_km": [
        5, 
        5, 
        5, 
        5, 
        5
    ], 
    "runs": [
        {
            "avg_task_cost_vs_number_of_task": [
                950, 
                975, 
                900, 
                1212.5, 
                1060, 
                883.3333333333334, 
                935.7142857142857, 
                875, 
                866.6666666666666, 
                790, 
                763.6363636363636, 
                745.8333333333334, 
                746.1538461538462, 
                692.8571428571429, 
                630, 
                609.375, 
                591.1764705882352, 
                550, 
                563.1578947368421, 
                580, 
                600, 
                577.2727272727273, 
                513.0434782608696, 
                527.0833333333334, 
                524, 
                523.0769230769231, 
                487.037037037037, 
                496.42857142857144, 
                522.4137931034483, 
                495
            ], 
            "number_of_vehicles": 3
        }
    ], 
    "vehicle_starting_positions": [
        "Lausanne", 
        "Gen\u00e8ve", 
        "Sion", 
        "Neuch\u00e2tel", 
        "Bern", 
        "Basel", 
        "Fribourg", 
        "Z\u00fcrich", 
        "Aarau", 
        "Luzern", 
        "St-Gallen", 
        "Thun"
    ], 
    "task_distribution": {
        "distance_matrix": [
            [
                0, 
                90, 
                150, 
                100, 
                150, 
                290, 
                100, 
                320, 
                260, 
                350, 
                440, 
                190
            ], 
            [
                90, 
                0, 
                240, 
                190, 
                240, 
                380, 
                190, 
                410, 
                350, 
                440, 
                530, 
                280
            ], 
            [
                150, 
                240, 
                0, 
                220, 
                160, 
                300, 
                210, 
                330, 
                270, 
                360, 
                450, 
                120
            ], 
            [
                100, 
                190, 
                220, 
                0, 
                60, 
                200, 
                110, 
                230, 
                170, 
                260, 
                350, 
                100
            ], 
            [
                150, 
                240, 
                160, 
                60, 
                0, 
                140, 
                50, 
                170, 
                110, 
                200, 
                290, 
                40
            ], 
            [
                290, 
                380, 
                300, 
                200, 
                140, 
                0, 
                190, 
                120, 
                180, 
                190, 
                240, 
                180
            ], 
            [
                100, 
                190, 
                210, 
                110, 
                50, 
                190, 
                0, 
                220, 
                160, 
                250, 
                340, 
                90
            ], 
            [
                320, 
                410, 
                330, 
                230, 
                170, 
                120, 
                220, 
                0, 
                60, 
                70, 
                120, 
                210
            ], 
            [
                260, 
                350, 
                270, 
                170, 
                110, 
                180, 
                160, 
                60, 
                0, 
                90, 
                180, 
                150
            ], 
            [
                350, 
                440, 
                360, 
                260, 
                200, 
                190, 
                250, 
                70, 
                90, 
                0, 
                190, 
                240
            ], 
            [
                440, 
                530, 
                450, 
                350, 
                290, 
                240, 
                340, 
                120, 
                180, 
                190, 
                0, 
                330
            ], 
            [
                190, 
                280, 
                120, 
                100, 
                40, 
                180, 
                90, 
                210, 
                150, 
                240, 
                330, 
                0
            ]
        ],