{
    "vehicle_starting_positions": ["Lausanne","Genève","Sion","Neuchâtel","Bern","Basel","Fribourg","Zürich","Aarau","Luzern","St-Gallen","Thun"],
    "task_distribution": {
        "distance_matrix": [
            [0,90,150,100,150,290,100,320,260,350,440,190],
            [90,0,240,190,240,380,190,410,350,440,530,280],
            [150,240,0,220,160,300,210,330,270,360,450,120],
            [100,190,220,0,60,200,110,230,170,260,350,100],
            [150,240,160,60,0,140,50,170,110,200,290,40],
            [290,380,300,200,140,0,190,120,180,190,240,180],
            [100,190,210,110,50,190,0,220,160,250,340,90],
            [320,410,330,230,170,120,220,0,60,70,120,210],
            [260,350,270,170,110,180,160,60,0,90,180,150],
            [350,440,360,260,200,190,250,70,90,0,190,240],
            [440,530,450,350,290,240,340,120,180,190,0,330],
            [190,280,120,100,40,180,90,210,150,240,330,0]
        ],
        "weight_matrix": [
            [0,3,3,3,3,3,3,3,3,3,3,3],
            [3,0,3,3,3,3,3,3,3,3,3,3],
            [3,3,0,3,3,3,3,3,3,3,3,3],
            [3,3,3,0,3,3,3,3,3,3,3,3],
            [3,3,3,3,0,3,3,3,3,3,3,3],
            [3,3,3,3,3,0,3,3,3,3,3,3],
            [3,3,3,3,3,3,0,3,3,3,3,3],
            [3,3,3,3,3,3,3,0,3,3,3,3],
            [3,3,3,3,3,3,3,3,0,3,3,3],
            [3,3,3,3,3,3,3,3,3,0,3,3],
            [3,3,3,3,3,3,3,3,3,3,0,3],
            [3,3,3,3,3,3,3,3,3,3,3,0]
        ],
        "probability_matrix": [
            [0,0.07081769059556005,0.10260671617333257,0.07877582053827116,0.1252290946805341,0.08627558810881088,0.07275228136346318,0.12916033305021957,0.08478292205526654,0.04113563708128926,0.14089090450603292,0.06757301184721966],
            [0.06674634612874325,0,0.13070019646023406,0.09626632175554523,0.03367858548625079,0.10575138871595012,0.0900981281795002,0.18094156594760935,0.06997401716318571,0.035827408800322445,0.14284310812293813,0.047172933239720896],
            [0.1066639484654678,0.16363808638130128,0,0.12180278390150631,0.1451391962067105,0.08859892336737418,0.037423553230441366,0.06706355250093024,0.0021945666554862536,0.0387726967326004,0.06051829512509233,0.16818439743308922],
            [0.1432715430418963,0.0016585010198486838,0.13098406218442618,0,0.11983151529016321,0.13306172185852091,0.019892292698776112,0.04861966495116568,0.063048101011185,0.0932825595172104,0.09847306283159535,0.14787697559521212],
            [0.14749541911673208,0.004950422611031134,0.16853757707596187,0.09881991264675204,0,0.16743660007617517,0.14972029218161806,0.03338277100869163,0.01986073831607213,0.00487326751243421,0.17498819675646887,0.029934802698062892],
            [0.08728235180118124,0.15603328691788743,0.002561772617182697,0.15682862625202443,0.09237253993431613,0,0.12217556976321832,0.10757705510757189,0.09064514321022481,0.0020062597598921863,0.02842888698034461,0.15408850765615628],
            [0.09370958806283657,0.17789524824732597,0.15730039057958262,0.08644611515557091,0.040563610088615615,0.029743757413136254,0,0.1556911910723253,0.027524742787515082,0.11791243542748704,0.10348459255921968,0.00972832860638491],
            [0.1385255019175837,0.16114171036452776,0.07292091394126334,0.08328680329750623,0.09550504316538867,0.15412197281868206,0.019321513206175506,0,0.07720508127281318,0.10999439929635513,0.07783559037244152,0.01014147034726305],
            [0.07532497423294655,0.13782832278246746,0.0658145642267938,0.10064638436252935,0.15192769175917029,0.04927582115647951,0.01905381263327942,0.03838378850361635,0,0.17159824575771784,0.10886684422336569,0.08127955036163396],
            [0.07290687181590312,0.11822412706724099,0.1554123391972249,0.08117972727659044,0.187121409592302,0.021873112887334165,0.01346727068681484,0.06477297931443264,0.12720108679114242,0,0.03562406472986835,0.12221701064114587],
            [0.012160561812811624,0.1197808901278882,0.0679304834602468,0.06309124952736012,0.13446429473499405,0.097057383499882,0.1276758780682496,0.08841365926718382,0.041240095102026426,0.09642483474958641,0,0.15176066964977095],
            [0.07105202601021098,0.015787356553088647,0.05688999189062061,0.13870601584375672,0.126030102415539,0.12324924240797516,0.12930729416632283,0.061409004796088566,0.05859508042475735,0.14620874783872193,0.07276513765291813,0]
        ],
        "city_names": ["Lausanne","Genève","Sion","Neuchâtel","Bern","Basel","Fribourg","Zürich","Aarau","Luzern","St-Gallen","Thun"],
        "reward_matrix": [
            [0,89805,77572,87766,77572,49030,87766,42913,55146,36797,18448,69417],
            [89805,0,59223,69417,59223,30681,69417,24565,36797,18448,100,51068],
            [77572,59223,0,63301,75533,46991,65340,40875,53107,34758,16410,83688],
            [87766,69417,63301,0,95921,67378,85727,61262,73495,55146,36797,87766],
            [77572,59223,75533,95921,0,79611,97960,73495,85727,67378,49030,99999],
            [49030,30681,46991,67378,79611,0,69417,83688,71456,69417,59223,71456],
            [87766,69417,65340,85727,97960,69417,0,63301,75533,57185,38836,89805],
            [42913,24565,40875,61262,73495,83688,63301,0,95921,93882,83688,65340],
            [55146,36797,53107,73495,85727,71456,75533,95921,0,89805,71456,77572],
            [36797,18448,34758,55146,67378,69417,57185,93882,89805,0,69417,59223],
            [18448,100,16410,36797,49030,59223,38836,83688,71456,69417,0,40875],
            [69417,51068,83688,87766,99999,71456,89805,65340,77572,59223,40875,0]
        ]
    },
    "vehicle_cost_per_km": [15,5,15,5,5,5,5,5,5,5,5,5],
    "vehicle_capacities": [15,15,15,30,30,30,30,30,30,30,30,30],
    "runs": [{
        "number_of_vehicles": 3,
        "avg_task_cost_vs_number_of_task": [2050,1575,1650,1350,1080,1025,1007.1428571428571,812.5,788.8888888888889,860,840.9090909090909,800,880.7692307692307,775,973.3333333333334,725,805.8823529411765,822.2222222222222,752.6315789473684,742.5,790.4761904761905,809.0909090909091,721.7391304347826,833.3333333333334,798,755.7692307692307,870.3703703703703,755.3571428571429,836.2068965517242,870]
    }]
}