{
    "vehicle_cost_per_km": [
        5, 
        5, 
        5, 
        5, 
        5
    ], 
    "runs": [
        {
            "avg_task_cost_vs_number_of_task": [
                827, 
                493.25, 
                370.3333333333333, 
                390.50000000000006, 
                312.40000000000003, 
                522.9166666666666, 
                483.2142857142857, 
                477.31249999999994, 
                410.44444444444446, 
                381.20000000000005, 
                372.40909090909093, 
                328.99999999999994, 
                339.03846153846155, 
                272.28571428571433, 
                323.7, 
                301.6875, 
                302.88235294117646, 
                256.66666666666674, 
                250.39473684210526, 
                262.05, 
                237.42857142857142, 
                238.22727272727272, 
                254.69565217391303, 
                212.5625, 
                281.96000000000004, 
                267.59615384615387, 
                215.49999999999997, 
                203.03571428571425, 
                224.98275862068965, 
                171.41666666666669
            ], 
            "number_of_vehicles": 5
        }
    ], 
    "vehicle_starting_positions": [
        "Amsterdam", 
        "Rotterdam", 
        "Den Haag", 
        "Utrecht", 
        "Eindhoven", 
        "Almere", 
        "Groningen", 
        "Nijmegen", 
        "Breda", 
        "Apeldoorn"
    ], 
    "task_distribution": {
        "distance_matrix": [
            [
                0, 
                90.6, 
                65.2, 
                45.6, 
                137.5, 
                31.9, 
                185.9, 
                132, 
                119.1, 
                90.2
            ], 
            [
                90.6, 
                0, 
                25.4, 
                62.3, 
                110.8, 
                105.6, 
                259.6, 
                112, 
                48.6, 
                129.3
            ], 
            [
                65.2, 
                25.4, 
                0, 
                87.7, 
                136.2, 
                97.1, 
                251.1, 
                137.4, 
                74, 
                154.7
            ], 
            [
                45.6, 
                62.3, 
                87.7, 
                0, 
                91.9, 
                43.3, 
                197.3, 
                86.4, 
                73.5, 
                67
            ], 
            [
                137.5, 
                110.8, 
                136.2, 
                91.9, 
                0, 
                135.2, 
                268.3, 
                70.2, 
                62.2, 
                127.3
            ], 
            [
                31.9, 
                105.6, 
                97.1, 
                43.3, 
                135.2, 
                0, 
                154, 
                129.7, 
                116.8, 
                80.1
            ], 
            [
                185.9, 
                259.6, 
                251.1, 
                197.3, 
                268.3, 
                154, 
                0, 
                198.1, 
                270.8, 
                141
            ], 
            [
                132, 
                112, 
                137.4, 
                86.4, 
                70.2, 
                129.7, 
                198.1, 
                0, 
                96.2, 
                57.1
            ], 
            [
                119.1, 
                48.6, 
                74, 
                73.5, 
                62.2, 
                116.8, 
                270.8, 
                96.2, 
                0, 
                140.5
            ], 
            [
                90.2, 
                129.3, 
                154.7, 
                67, 
                127.3, 
                80.1, 
                141, 
                57.1, 
                140.5, 
                0
            ]
        ], 
        "weight_matrix": [
            [
                0, 
                3, 
                3, 
                3, 
                3, 
                3, 
                3, 
                3, 
                3, 
                3
            ], 
            [
                3, 
                0, 
                3, 
                3, 
                3, 
                3, 
                3, 
                3, 
                3, 
                3
            ], 
            [
                3, 
                3, 
                0, 
                3, 
                3, 
                3, 
                3, 
                3, 
                3, 
                3
            ], 
            [
                3, 
                3, 
                3, 
                0, 
                3, 
                3, 
                3, 
                3, 
                3, 
                3
            ], 
            [
                3, 
                3, 
                3, 
                3, 
                0, 
                3, 
                3, 
                3, 
                3, 
                3
            ], 
            [
                3, 
                3, 
                3, 
                3, 
                3, 
                0, 
                3, 
                3, 
                3, 
                3
            ], 
            [
                3, 
                3, 
                3, 
                3, 
                3, 
                3, 
                0, 
                3, 
                3, 
                3
            ], 
            [
                3, 
                3, 
                3, 
                3, 
                3, 
                3, 
                3, 
                0, 
                3, 
                3
            ], 
            [
                3, 
                3, 
                3, 
                3, 
                3, 
                3, 
                3, 
                3, 
                0, 
                3
            ], 
            [
                3, 
                3, 
                3, 
                3, 
                3, 
                3, 
                3, 
                3, 
                3, 
                0
            ]
        ], 
        "city_names": [
            "Amsterdam", 
            "Rotterdam", 
            "Den Haag", 
            "Utrecht", 
            "Eindhoven", 
            "Almere", 
            "Groningen", 
            "Nijmegen", 
            "Breda", 
            "Apeldoorn"
        ],