{
    "vehicle_cost_per_km": [
        5, 
        5, 
        5, 
        5, 
        5
    ], 
    "runs": [
        {
            "avg_task_cost_vs_number_of_task": [
                686, 
                451.25, 
                454, 
                340.5, 
                355.79999999999995, 
                452.6666666666667, 
                451, 
                394.625, 
                375.1111111111111, 
                342.35, 
                306.90909090909093, 
                324.6666666666666, 
                326.6923076923077, 
                317.14285714285705, 
                296, 
                270.96875, 
                282.1470588235294, 
                268.25, 
                271.5263157894737, 
                276.32500000000005, 
                274.45238095238096, 
                255.97727272727278, 
                248.86956521739134, 
                249.10416666666666, 
                232.04000000000005, 
                247.82692307692307, 
                230.57407407407408, 
                244.33928571428572, 
                237.5172413793104, 
                220.13333333333333
            ], 
            "number_of_vehicles": 2
        }, 
        {
            "avg_task_cost_vs_number_of_task": [
                686, 
                451.25, 
                454, 
                340.5, 
                355.79999999999995, 
                424.8333333333333, 
                427.14285714285717, 
                394.625, 
                366, 
                329.4, 
                299.45454545454544, 
                324.6666666666666, 
                326.6923076923077, 
                307.07142857142856, 
                313.8666666666667, 
                271.78125, 
                252.88235294117646, 
                284.8055555555556, 
                266.7631578947368, 
                257.95, 
                251, 
                258.97727272727275, 
                241.15217391304353, 
                256.9166666666667, 
                229.28, 
                218.11538461538464, 
                250.12962962962973, 
                256.24999999999994, 
                216.68965517241386, 
                246.55000000000004
            ], 
            "number_of_vehicles": 3
        }, 
        {
            "avg_task_cost_vs_number_of_task": [
                686, 
                451.25, 
                454, 
                340.5, 
                355.79999999999995, 
                424.8333333333333, 
                427.14285714285717, 
                414.1875, 
                366, 
                329.4, 
                299.45454545454544, 
                323.37499999999994, 
                327.15384615384613, 
                318.25, 
                286.6, 
                317.78125, 
                260.3529411764706, 
                260.3611111111111, 
                287.89473684210526, 
                259.95, 
                257.73809523809524, 
                253.70454545454552, 
                263.195652173913, 
                240.5625, 
                219.94, 
                240.80769230769238, 
                290.50000000000006, 
                213.91071428571425, 
                232.9655172413793, 
                230.85
            ], 
            "number_of_vehicles": 4
        }, 
        {
            "avg_task_cost_vs_number_of_task": [
                686, 
                451.25, 
                454, 
                340.5, 
                355.79999999999995, 
                424.8333333333333, 
                427.14285714285717, 
                394.625, 
                366, 
                329.4, 
                306.90909090909093, 
                332, 
                327.15384615384613, 
                309.7857142857142, 
                313.26666666666665, 
                305.46875, 
                306.35294117647067, 
                298.44444444444446, 
                299, 
                249.3, 
                266.8095238095238, 
                260.1136363636364, 
                264.39130434782606, 
                222.4375, 
                225.06, 
                231.21153846153845, 
                227.24074074074073, 
                217.32142857142858, 
                227.55172413793105, 
                251.39999999999998
            ], 
            "number_of_vehicles": 5
        }
    ], 
    "vehicle_starting_positions": [
        "Breda", 
        "Nijmegen", 
        "Almere", 
        "Eindhoven", 
        "Groningen", 
        "Apeldoorn", 
        "Utrecht", 
        "Amsterdam", 
        "Den Haag", 
        "Rotterdam"
    ], 
    "task_distribution": {
        "weight_matrix": [
            [
                0, 
                3, 
                3, 
                3, 
                3, 
                3, 
                3, 
                3, 
                3, 
                3
            ], 
            [
                3, 
                0, 
                3, 
                3, 
                3, 
                3, 
                3, 
                3, 
                3, 
                3
            ], 
            [
                3, 
                3, 
                0, 
                3, 
                3, 
                3, 
                3, 
                3, 
                3, 
                3
            ], 
            [
                3, 
                3, 
                3, 
                0, 
                3, 
                3, 
                3, 
                3, 
                3, 
                3
            ], 
            [
                3, 
                3, 
                3, 
                3, 
                0, 
                3, 
                3, 
                3, 
                3, 
                3
            ], 
            [
                3, 
                3, 
                3, 
                3, 
                3, 
                0, 
                3, 
                3, 
                3, 
                3
            ], 
            [
                3, 
                3, 
                3, 
                3, 
                3, 
                3, 
                0, 
                3, 
                3, 
                3
            ], 
            [
                3, 
                3, 
                3, 
                3, 
                3, 
                3, 
                3, 
                0, 
                3, 
                3
            ], 
            [
                3, 
                3, 
                3, 
                3, 
                3, 
                3, 
                3, 
                3, 
                0, 
                3
            ], 
            [
                3, 
                3, 
                3, 
                3, 
                3, 
                3, 
                3, 
                3, 
                3, 
                0
            ]
        ], 
        "city_names": [
            "Amsterdam", 
            "Rotterdam", 
            "Den Haag", 
            "Utrecht", 
            "Eindhoven", 
            "Almere", 
            "Groningen", 
            "Nijmegen", 
            "Breda", 
            "Apeldoorn"
        ],