{
    "vehicle_starting_positions": ["Amsterdam","Rotterdam","Den Haag","Utrecht","Eindhoven","Almere","Groningen","Nijmegen","Breda","Apeldoorn"],
    "task_distribution": {
        "distance_matrix": [
            [0,90.6,65.2,45.6,137.5,31.9,185.9,132,119.1,90.2],
            [90.6,0,25.4,62.3,110.8,105.6,259.6,112,48.6,129.3],
            [65.2,25.4,0,87.7,136.2,97.1,251.1,137.4,74,154.7],
            [45.6,62.3,87.7,0,91.9,43.3,197.3,86.4,73.5,67],
            [137.5,110.8,136.2,91.9,0,135.2,268.3,70.2,62.2,127.3],
            [31.9,105.6,97.1,43.3,135.2,0,154,129.7,116.8,80.1],
            [185.9,259.6,251.1,197.3,268.3,154,0,198.1,270.8,141],
            [132,112,137.4,86.4,70.2,129.7,198.1,0,96.2,57.1],
            [119.1,48.6,74,73.5,62.2,116.8,270.8,96.2,0,140.5],
            [90.2,129.3,154.7,67,127.3,80.1,141,57.1,140.5,0]
        ],
        "weight_matrix": [
            [0,3,3,3,3,3,3,3,3,3],
            [3,0,3,3,3,3,3,3,3,3],
            [3,3,0,3,3,3,3,3,3,3],
            [3,3,3,0,3,3,3,3,3,3],
            [3,3,3,3,0,3,3,3,3,3],
            [3,3,3,3,3,0,3,3,3,3],
            [3,3,3,3,3,3,0,3,3,3],
            [3,3,3,3,3,3,3,0,3,3],
            [3,3,3,3,3,3,3,3,0,3],
            [3,3,3,3,3,3,3,3,3,0]
        ],
        "probability_matrix": [
            [0,0.12871122536607446,0.1520754449705963,0.05538238547299058,0.006856096056659063,0.10008111494497385,0.09371729609803293,0.10745629346990755,0.2324833561564384,0.12323678746432688],
            [0.16456033497560582,0,0.05870145532901138,0.17563898807680345,0.17829390088758632,0.09168876348096487,0.1451132884244336,0.04230561198112999,0.03990878554855864,0.1037888712959059],
            [0.09682731490230398,0.050749130784465364,0,0.14598928997415478,0.25104047467591173,0.20898369281440243,0.014339293360149294,0.13560764197715364,0.05434554946895222,0.04211761204250665],
            [0.07686889833926167,0.16503592565096356,0.13777565005670048,0,0.005915442830235365,0.08921498291704683,0.053987208539703076,0.05841301203408876,0.21679422798164555,0.1959946516503548],
            [0.0798719260755527,0.196445223671403,0.06032997002616638,0.11210388180488565,0,0.03661820330530864,0.09259660168790672,0.16871174762951002,0.17683791439045482,0.07648453140881212],
            [0.03364335953150661,0.1282503617698768,0.19453799807075553,0.16897146122023066,0.08645583309359543,0,0.2548327120320189,0.02156358523798068,0.025329526514005905,0.08641516253002937],
            [0.16692560331408623,0.03407291060675755,0.12848723388619326,0.2203524401297073,0.007281708455286278,0.15353194535050524,0,0.17257854457527594,0.10618750280460072,0.01058211087758762],
            [0.016534328080115394,0.14609520811507565,0.08418610375939833,0.11934515527802178,0.16608462166744434,0.022940859221469184,0.13102269854938406,0,0.06755814837882655,0.24623287695026475],
            [0.06025517722813782,0.044809141742521916,0.18430275399567309,0.1772890626331246,0.06506083414990987,0.15961813959305304,0.00525524324223733,0.13267720886760573,0,0.17073243854773645],
            [0.16028762521717865,0.10107031281513783,0.05018992082610662,0.18085370058691258,0.16618097301023507,0.1720522757842532,0.1260538891158745,0.04258686859939321,7.244340449083496E-4,0]
        ],
        "city_names": ["Amsterdam","Rotterdam","Den Haag","Utrecht","Eindhoven","Almere","Groningen","Nijmegen","Breda","Apeldoorn"],
        "reward_matrix": [
            [0,73456,83796,91775,54364,97352,34661,56603,61855,73619],
            [73456,0,99999,84977,65233,67350,4659,64745,90554,57702],
            [83796,99999,0,74637,54893,70810,8119,54405,80214,47362],
            [91775,84977,74637,0,72927,92712,30020,75166,80418,83064],
            [54364,65233,54893,72927,0,55300,1117,81761,85018,58516],
            [97352,67350,70810,92712,55300,0,47647,57539,62791,77731],
            [34661,4659,8119,30020,1117,47647,0,29695,100,52939],
            [56603,64745,54405,75166,81761,57539,29695,0,71177,87094],
            [61855,90554,80214,80418,85018,62791,100,71177,0,53143],
            [73619,57702,47362,83064,58516,77731,52939,87094,53143,0]
        ]
    },
    "vehicle_cost_per_km": [10,5,5,5,5,5,5,5,5,5],
    "vehicle_capacities": [10,10,10,5,20,30,30,30,30,30],
    "runs": [{
        "number_of_vehicles": 3,
        "avg_task_cost_vs_number_of_task": [610.5,489,421,482.5,386,368.9166666666667,393.7857142857143,344.5625,326.8888888888889,308.2,326.36363636363643,404.875,441.4230769230769,414.07142857142856,382.73333333333335,378.87500000000006,381.8823529411765,395.8888888888889,371.8421052631579,379.775,363.33333333333337,376.79545454545456,350.4130434782609,361,355.58,374.00000000000006,352.48148148148147,402.75000000000006,342.6551724137931,355.51666666666665]
    }]
}