{
    "vehicle_cost_per_km": [
        5, 
        5, 
        5, 
        5, 
        5
    ], 
    "runs": [
        {
            "avg_task_cost_vs_number_of_task": [
                717.5, 
                916, 
                771.5, 
                642.125, 
                577, 
                480.8333333333333, 
                490.85714285714283, 
                429.5, 
                400.77777777777777, 
                380.9, 
                361.95454545454544, 
                317.4166666666667, 
                293, 
                272.07142857142856, 
                265.46666666666664, 
                287.90625, 
                256.5882352941176, 
                239.61111111111111, 
                258.4210526315789, 
                203.62499999999997, 
                237.78571428571428, 
                224.13636363636368, 
                259.8695652173913, 
                262.2708333333333, 
                241.86000000000007, 
                244.1153846153846, 
                238.94444444444446, 
                187.51785714285717, 
                238.51724137931035, 
                217.9333333333333
            ], 
            "number_of_vehicles": 2
        }, 
        {
            "avg_task_cost_vs_number_of_task": [
                285.5, 
                636, 
                627.5, 
                533.5, 
                487.3, 
                480.8333333333333, 
                465, 
                441.93749999999994, 
                392.83333333333326, 
                374.20000000000005, 
                340.18181818181824, 
                324.37499999999994, 
                293, 
                272.07142857142856, 
                284.6, 
                281.59375, 
                265.52941176470586, 
                238.97222222222223, 
                276.36842105263156, 
                225.85, 
                229.16666666666663, 
                228.36363636363637, 
                216.69565217391303, 
                265.5, 
                191.96000000000004, 
                240.48076923076925, 
                218.55555555555554, 
                210.28571428571428, 
                218.50000000000003, 
                229.46666666666673
            ], 
            "number_of_vehicles": 3
        }, 
        {
            "avg_task_cost_vs_number_of_task": [
                285.5, 
                636, 
                627.5, 
                519.375, 
                487.3, 
                475.75, 
                407.7857142857143, 
                403.0625, 
                358.27777777777777, 
                371.9, 
                340.18181818181824, 
                327.6666666666667, 
                322.2307692307692, 
                288.4642857142857, 
                273.8666666666667, 
                264.4375, 
                241.2058823529412, 
                254.44444444444446, 
                257.6578947368421, 
                217.3, 
                206.95238095238096, 
                226.97727272727272, 
                253.43478260869566, 
                224.4166666666667, 
                234.72000000000003, 
                237.7884615384615, 
                229.5185185185185, 
                216.42857142857147, 
                217.36206896551724, 
                186.41666666666669
            ], 
            "number_of_vehicles": 4
        }, 
        {
            "avg_task_cost_vs_number_of_task": [
                285.5, 
                607.5, 
                608.5, 
                505.125, 
                475.9, 
                466.25, 
                399.64285714285717, 
                395.9375, 
                351.94444444444446, 
                351.40000000000003, 
                319.4545454545455, 
                324.3333333333333, 
                293, 
                276.60714285714283, 
                277.26666666666665, 
                289.875, 
                227.7941176470588, 
                261.19444444444446, 
                249.02631578947367, 
                236.05, 
                214.8095238095238, 
                233.3181818181818, 
                245.2391304347826, 
                234.8541666666667, 
                225.36000000000004, 
                210.44230769230774, 
                218.33333333333337, 
                199.46428571428575, 
                187.9310344827587, 
                210.31666666666672
            ], 
            "number_of_vehicles": 5
        }
    ], 
    "vehicle_starting_positions": [
        "Rotterdam", 
        "Utrecht", 
        "Nijmegen", 
        "Eindhoven", 
        "Amsterdam", 
        "Groningen", 
        "Apeldoorn", 
        "Almere", 
        "Breda", 
        "Den Haag"
    ], 
    "task_distribution": {
        "weight_matrix": [
            [
                0, 
                3, 
                3, 
                3, 
                3, 
                3, 
                3, 
                3, 
                3, 
                3
            ], 
            [
                3, 
                0, 
                3, 
                3, 
                3, 
                3, 
                3, 
                3, 
                3, 
                3
            ], 
            [
                3, 
                3, 
                0, 
                3, 
                3, 
                3, 
                3, 
                3, 
                3, 
                3
            ], 
            [
                3, 
                3, 
                3, 
                0, 
                3, 
                3, 
                3, 
                3, 
                3, 
                3
            ], 
            [
                3, 
                3, 
                3, 
                3, 
                0, 
                3, 
                3, 
                3, 
                3, 
                3
            ], 
            [
                3, 
                3, 
                3, 
                3, 
                3, 
                0, 
                3, 
                3, 
                3, 
                3
            ], 
            [
                3, 
                3, 
                3, 
                3, 
                3, 
                3, 
                0, 
                3, 
                3, 
                3
            ], 
            [
                3, 
                3, 
                3, 
                3, 
                3, 
                3, 
                3, 
                0, 
                3, 
                3
            ], 
            [
                3, 
                3, 
                3, 
                3, 
                3, 
                3, 
                3, 
                3, 
                0, 
                3
            ], 
            [
                3, 
                3, 
                3, 
                3, 
                3, 
                3, 
                3, 
                3, 
                3, 
                0
            ]
        ], 
        "city_names": [
            "Amsterdam", 
            "Rotterdam", 
            "Den Haag", 
            "Utrecht", 
            "Eindhoven", 
            "Almere", 
            "Groningen", 
            "Nijmegen", 
            "Breda", 
            "Apeldoorn"
        ],