{
    "vehicle_cost_per_km": [
        5, 
        5, 
        5, 
        5, 
        5
    ], 
    "runs": [
        {
            "avg_task_cost_vs_number_of_task": [
                986.5, 
                921, 
                902, 
                676.9999999999999, 
                541.5999999999999, 
                602.9999999999999, 
                516.8571428571428, 
                454, 
                445.6111111111111, 
                411.1, 
                373.72727272727275, 
                342.5833333333333, 
                316.2307692307692, 
                309.10714285714295, 
                274.06666666666666, 
                256.9375, 
                251.2058823529412, 
                241.52777777777783, 
                249.97368421052633, 
                222, 
                217.33333333333334, 
                229.04545454545453, 
                232.97826086956522, 
                234.8541666666667, 
                243.43999999999997, 
                223.9807692307692, 
                238.12962962962962, 
                222.03571428571425, 
                231.68965517241378, 
                210.0166666666667
            ], 
            "number_of_vehicles": 2
        }, 
        {
            "avg_task_cost_vs_number_of_task": [
                986.5, 
                678.25, 
                740.1666666666666, 
                567.375, 
                453.9, 
                587.5, 
                503.57142857142856, 
                447.3125, 
                417.72222222222223, 
                375.95, 
                357.1818181818182, 
                327.4166666666667, 
                316.2307692307692, 
                311.35714285714283, 
                274.06666666666666, 
                256.9375, 
                277, 
                241.52777777777783, 
                255.23684210526315, 
                214.1, 
                224.52380952380958, 
                225.5, 
                232.04347826086956, 
                237.14583333333334, 
                241.24, 
                215.07692307692307, 
                242.53703703703704, 
                220.48214285714286, 
                221.48275862068965, 
                223.36666666666665
            ], 
            "number_of_vehicles": 3
        }, 
        {
            "avg_task_cost_vs_number_of_task": [
                986.5, 
                678.25, 
                596.1666666666666, 
                539, 
                431.2, 
                568.5833333333334, 
                487.35714285714283, 
                447.3125, 
                417.72222222222223, 
                375.95, 
                357.1818181818182, 
                327.4166666666667, 
                316.2307692307692, 
                311.7857142857143, 
                274.06666666666666, 
                256.9375, 
                251.2058823529412, 
                257.6111111111111, 
                240.55263157894737, 
                229.4, 
                238.78571428571428, 
                214.31818181818187, 
                222.13043478260875, 
                227.08333333333334, 
                225.00000000000003, 
                211.94230769230768, 
                246.6851851851852, 
                218.41071428571428, 
                228.37931034482762, 
                202.45000000000002
            ], 
            "number_of_vehicles": 4
        }, 
        {
            "avg_task_cost_vs_number_of_task": [
                986.5, 
                678.25, 
                596.1666666666666, 
                539, 
                431.2, 
                566.9166666666666, 
                485.92857142857144, 
                447.3125, 
                410.55555555555554, 
                389.45, 
                354.04545454545456, 
                348.4583333333333, 
                302.2307692307692, 
                311.7857142857143, 
                288.7, 
                274.28125, 
                263.94117647058823, 
                235.27777777777777, 
                255.68421052631578, 
                224.92500000000004, 
                228.9047619047619, 
                229.5681818181818, 
                232.9782608695653, 
                218.39583333333337, 
                225.00000000000003, 
                219.6346153846154, 
                246.57407407407413, 
                233.14285714285714, 
                227.86206896551724, 
                210.98333333333338
            ], 
            "number_of_vehicles": 5
        }
    ], 
    "vehicle_starting_positions": [
        "Almere", 
        "Utrecht", 
        "Den Haag", 
        "Nijmegen", 
        "Groningen", 
        "Apeldoorn", 
        "Breda", 
        "Rotterdam", 
        "Amsterdam", 
        "Eindhoven"
    ], 
    "task_distribution": {
        "weight_matrix": [
            [
                0, 
                3, 
                3, 
                3, 
                3, 
                3, 
                3, 
                3, 
                3, 
                3
            ], 
            [
                3, 
                0, 
                3, 
                3, 
                3, 
                3, 
                3, 
                3, 
                3, 
                3
            ], 
            [
                3, 
                3, 
                0, 
                3, 
                3, 
                3, 
                3, 
                3, 
                3, 
                3
            ], 
            [
                3, 
                3, 
                3, 
                0, 
                3, 
                3, 
                3, 
                3, 
                3, 
                3
            ], 
            [
                3, 
                3, 
                3, 
                3, 
                0, 
                3, 
                3, 
                3, 
                3, 
                3
            ], 
            [
                3, 
                3, 
                3, 
                3, 
                3, 
                0, 
                3, 
                3, 
                3, 
                3
            ], 
            [
                3, 
                3, 
                3, 
                3, 
                3, 
                3, 
                0, 
                3, 
                3, 
                3
            ], 
            [
                3, 
                3, 
                3, 
                3, 
                3, 
                3, 
                3, 
                0, 
                3, 
                3
            ], 
            [
                3, 
                3, 
                3, 
                3, 
                3, 
                3, 
                3, 
                3, 
                0, 
                3
            ], 
            [
                3, 
                3, 
                3, 
                3, 
                3, 
                3, 
                3, 
                3, 
                3, 
                0
            ]
        ], 
        "city_names": [
            "Amsterdam", 
            "Rotterdam", 
            "Den Haag", 
            "Utrecht", 
            "Eindhoven", 
            "Almere", 
            "Groningen", 
            "Nijmegen", 
            "Breda", 
            "Apeldoorn"
        ],