{
    "vehicle_starting_positions": ["Amsterdam","Rotterdam","Den Haag","Utrecht","Eindhoven","Almere","Groningen","Nijmegen","Breda","Apeldoorn"],
    "task_distribution": {
        "distance_matrix": [
            [0,90.6,65.2,45.6,137.5,31.9,185.9,132,119.1,90.2],
            [90.6,0,25.4,62.3,110.8,105.6,259.6,112,48.6,129.3],
            [65.2,25.4,0,87.7,136.2,97.1,251.1,137.4,74,154.7],
            [45.6,62.3,87.7,0,91.9,43.3,197.3,86.4,73.5,67],
            [137.5,110.8,136.2,91.9,0,135.2,268.3,70.2,62.2,127.3],
            [31.9,105.6,97.1,43.3,135.2,0,154,129.7,116.8,80.1],
            [185.9,259.6,251.1,197.3,268.3,154,0,198.1,270.8,141],
            [132,112,137.4,86.4,70.2,129.7,198.1,0,96.2,57.1],
            [119.1,48.6,74,73.5,62.2,116.8,270.8,96.2,0,140.5],
            [90.2,129.3,154.7,67,127.3,80.1,141,57.1,140.5,0]
        ],
        "weight_matrix": [
            [0,3,3,3,3,3,3,3,3,3],
            [3,0,3,3,3,3,3,3,3,3],
            [3,3,0,3,3,3,3,3,3,3],
            [3,3,3,0,3,3,3,3,3,3],
            [3,3,3,3,0,3,3,3,3,3],
            [3,3,3,3,3,0,3,3,3,3],
            [3,3,3,3,3,3,0,3,3,3],
            [3,3,3,3,3,3,3,0,3,3],
            [3,3,3,3,3,3,3,3,0,3],
            [3,3,3,3,3,3,3,3,3,0]
        ],
        "probability_matrix": [
            [0,0.08117579406851813,0.21058055344796522,0.12603468954992095,0.07555324419837205,0.11744480510429403,0.17782506123560288,0.13135864601107325,0.0694449631742956,0.01058224320995793],
            [0.016549305885938833,0,0.0857987015999542,0.1379121531125953,0.06556293216325008,0.08989818778490455,0.05768727894942625,0.14174994738291025,0.21159490891549637,0.19324658420552404],
            [0.04842016056819345,0.17910888648344434,0,0.13765253320587845,0.05724960281904416,0.03318651223703609,0.17520156529589379,0.016914159391379573,0.1996054016168346,0.15266117838229562],
            [0.13602753361116143,0.19840076989027414,0.18346963970736177,0,0.0020436192876478513,0.09694015718862314,0.050727363679268604,0.03908275920665823,0.11797997412309208,0.1753281833059128],
            [0.15303766032080046,0.03686894836967384,0.10324446514456366,0.19675980108941135,0,0.1064703592039885,0.02925694639848012,0.12973573480328682,0.015940171464397048,0.22868591320539827],
            [0.16147602042606415,0.19350107992266571,0.04146830619227397,0.14736761403414292,0.06997155196352807,0,0.1248267131152854,0.014895008933350141,0.18699771094999332,0.05949599446269621],
            [0.04716947677426947,0.11921394335988679,0.1055593509197484,0.09240282072829856,0.1019869936549974,0.0462320115916071,0,0.15930307019759635,0.17862653106568568,0.14950580170791022],
            [0.14539111623249384,0.0308058060334454,0.10895233890722213,0.12895406678040972,0.03224547276856571,0.19943606909073627,0.011713517720920809,0,0.2730021578460827,0.06949945462012323],
            [0.08714925301732782,0.1548926966474036,0.16774323702683624,0.12332706848029316,0.054418879343673725,0.1085891073177204,0.12450147896580536,0.08341962888655338,0,0.09595865031438625],
            [0.1554658813735864,0.11277387882827268,0.17924545731902092,0.030189131751006706,0.17128028050428593,0.010113365954357151,0.1943220024639784,0.10947051984027259,0.037139481965219136,0]
        ],
        "city_names": ["Amsterdam","Rotterdam","Den Haag","Utrecht","Eindhoven","Almere","Groningen","Nijmegen","Breda","Apeldoorn"],
        "reward_matrix": [
            [0,73456,83796,91775,54364,97352,34661,56603,61855,73619],
            [73456,0,99999,84977,65233,67350,4659,64745,90554,57702],
            [83796,99999,0,74637,54893,70810,8119,54405,80214,47362],
            [91775,84977,74637,0,72927,92712,30020,75166,80418,83064],
            [54364,65233,54893,72927,0,55300,1117,81761,85018,58516],
            [97352,67350,70810,92712,55300,0,47647,57539,62791,77731],
            [34661,4659,8119,30020,1117,47647,0,29695,100,52939],
            [56603,64745,54405,75166,81761,57539,29695,0,71177,87094],
            [61855,90554,80214,80418,85018,62791,100,71177,0,53143],
            [73619,57702,47362,83064,58516,77731,52939,87094,53143,0]
        ]
    },
    "vehicle_cost_per_km": [10,5,5,5,5,5,5,5,5,5],
    "vehicle_capacities": [15,15,15,5,20,30,30,30,30,30],
    "runs": [{
        "number_of_vehicles": 3,
        "avg_task_cost_vs_number_of_task": [773.5,536.25,501.8333333333333,588.125,618.9000000000001,548.5,473.92857142857144,443.1875,444.27777777777777,470.7500000000001,429.8181818181819,398.7083333333334,391.19230769230774,371.10714285714295,348,335.5,315.7647058823529,320.55555555555554,325.94736842105266,333.075,300.4523809523809,307.72727272727275,292.95652173913044,304.5416666666667,291.12,322.28846153846155,274.64814814814815,272.17857142857144,302.37931034482756,316.5666666666667]
    }]
}