{
    "vehicle_cost_per_km": [
        5, 
        5, 
        5, 
        5, 
        5
    ], 
    "runs": [
        {
            "avg_task_cost_vs_number_of_task": [
                451, 
                634, 
                422.6666666666667, 
                537.75, 
                430.2, 
                389.6666666666667, 
                334, 
                327.5, 
                300.5, 
                270.45, 
                245.86363636363637, 
                358.5416666666667, 
                294.8461538461539, 
                304.07142857142856, 
                318.33333333333337, 
                302.09375000000006, 
                291.32352941176475, 
                286.5555555555556, 
                285.4473684210527, 
                267.325, 
                289.5000000000001, 
                288.20454545454544, 
                248.78260869565213, 
                240.8125, 
                244.13999999999996, 
                260.8269230769231, 
                227.83333333333334, 
                230.5178571428572, 
                210.55172413793105, 
                207.61666666666667
            ], 
            "number_of_vehicles": 2
        }, 
        {
            "avg_task_cost_vs_number_of_task": [
                451, 
                634, 
                422.6666666666667, 
                537.75, 
                430.2, 
                389.6666666666667, 
                334, 
                327.5, 
                300.5, 
                270.45, 
                245.86363636363637, 
                294.2083333333333, 
                317.9615384615385, 
                302.32142857142856, 
                310.3666666666667, 
                308.65625000000006, 
                322.8529411764706, 
                288.36111111111114, 
                262.89473684210526, 
                267.7, 
                283.07142857142856, 
                231.4090909090909, 
                244.65217391304347, 
                240.66666666666674, 
                257.44, 
                257.42307692307696, 
                232.29629629629628, 
                242.48214285714286, 
                262.56896551724145, 
                231.7333333333333
            ], 
            "number_of_vehicles": 3
        }, 
        {
            "avg_task_cost_vs_number_of_task": [
                451, 
                634, 
                422.6666666666667, 
                537.75, 
                430.2, 
                389.6666666666667, 
                334, 
                327.5, 
                317.2777777777777, 
                270.45, 
                245.86363636363637, 
                307.9166666666667, 
                326.923076923077, 
                291.9642857142857, 
                291.3666666666667, 
                300.43750000000006, 
                293.8235294117647, 
                257.86111111111114, 
                337.3421052631579, 
                338.32499999999993, 
                284.9761904761905, 
                262.02272727272725, 
                239.2173913043478, 
                309.8541666666667, 
                290.34, 
                272.63461538461536, 
                234.22222222222229, 
                244.64285714285717, 
                210.75862068965515, 
                254.63333333333333
            ], 
            "number_of_vehicles": 4
        }, 
        {
            "avg_task_cost_vs_number_of_task": [
                451, 
                634, 
                422.6666666666667, 
                609.75, 
                430.2, 
                389.6666666666667, 
                334, 
                327.5, 
                341.44444444444446, 
                318.85, 
                245.86363636363637, 
                334.9583333333333, 
                294.8461538461539, 
                291.9642857142857, 
                320.46666666666675, 
                281.46875000000006, 
                304.00000000000006, 
                292.9722222222222, 
                304.1052631578948, 
                268.75000000000006, 
                293, 
                280.27272727272725, 
                277.5652173913044, 
                240.27083333333334, 
                313.2200000000001, 
                242.6538461538462, 
                286.537037037037, 
                303.375, 
                194.82758620689654, 
                285.3666666666667
            ], 
            "number_of_vehicles": 5
        }
    ], 
    "vehicle_starting_positions": [
        "Amsterdam", 
        "Breda", 
        "Eindhoven", 
        "Rotterdam", 
        "Nijmegen", 
        "Den Haag", 
        "Utrecht", 
        "Apeldoorn", 
        "Almere", 
        "Groningen"
    ], 
    "task_distribution": {
        "weight_matrix": [
            [
                0, 
                3, 
                3, 
                3, 
                3, 
                3, 
                3, 
                3, 
                3, 
                3
            ], 
            [
                3, 
                0, 
                3, 
                3, 
                3, 
                3, 
                3, 
                3, 
                3, 
                3
            ], 
            [
                3, 
                3, 
                0, 
                3, 
                3, 
                3, 
                3, 
                3, 
                3, 
                3
            ], 
            [
                3, 
                3, 
                3, 
                0, 
                3, 
                3, 
                3, 
                3, 
                3, 
                3
            ], 
            [
                3, 
                3, 
                3, 
                3, 
                0, 
                3, 
                3, 
                3, 
                3, 
                3
            ], 
            [
                3, 
                3, 
                3, 
                3, 
                3, 
                0, 
                3, 
                3, 
                3, 
                3
            ], 
            [
                3, 
                3, 
                3, 
                3, 
                3, 
                3, 
                0, 
                3, 
                3, 
                3
            ], 
            [
                3, 
                3, 
                3, 
                3, 
                3, 
                3, 
                3, 
                0, 
                3, 
                3
            ], 
            [
                3, 
                3, 
                3, 
                3, 
                3, 
                3, 
                3, 
                3, 
                0, 
                3
            ], 
            [
                3, 
                3, 
                3, 
                3, 
                3, 
                3, 
                3, 
                3, 
                3, 
                0
            ]
        ], 
        "city_names": [
            "Amsterdam", 
            "Rotterdam", 
            "Den Haag", 
            "Utrecht", 
            "Eindhoven", 
            "Almere", 
            "Groningen", 
            "Nijmegen", 
            "Breda", 
            "Apeldoorn"
        ],