{
    "vehicle_starting_positions": ["Amsterdam","Rotterdam","Den Haag","Utrecht","Eindhoven","Almere","Groningen","Nijmegen","Breda","Apeldoorn"],
    "task_distribution": {
        "distance_matrix": [
            [0,90.6,65.2,45.6,137.5,31.9,185.9,132,119.1,90.2],
            [90.6,0,25.4,62.3,110.8,105.6,259.6,112,48.6,129.3],
            [65.2,25.4,0,87.7,136.2,97.1,251.1,137.4,74,154.7],
            [45.6,62.3,87.7,0,91.9,43.3,197.3,86.4,73.5,67],
            [137.5,110.8,136.2,91.9,0,135.2,268.3,70.2,62.2,127.3],
            [31.9,105.6,97.1,43.3,135.2,0,154,129.7,116.8,80.1],
            [185.9,259.6,251.1,197.3,268.3,154,0,198.1,270.8,141],
            [132,112,137.4,86.4,70.2,129.7,198.1,0,96.2,57.1],
            [119.1,48.6,74,73.5,62.2,116.8,270.8,96.2,0,140.5],
            [90.2,129.3,154.7,67,127.3,80.1,141,57.1,140.5,0]
        ],
        "weight_matrix": [
            [0,3,3,3,3,3,3,3,3,3],
            [3,0,3,3,3,3,3,3,3,3],
            [3,3,0,3,3,3,3,3,3,3],
            [3,3,3,0,3,3,3,3,3,3],
            [3,3,3,3,0,3,3,3,3,3],
            [3,3,3,3,3,0,3,3,3,3],
            [3,3,3,3,3,3,0,3,3,3],
            [3,3,3,3,3,3,3,0,3,3],
            [3,3,3,3,3,3,3,3,0,3],
            [3,3,3,3,3,3,3,3,3,0]
        ],
        "probability_matrix": [
            [0,0.070806551462081,0.22260214189832736,0.035128494206676235,0.1321463867717306,0.1122782487045086,0.21194432137894298,0.044037104844875156,0.1456147433537049,0.025442007379153066],
            [0.0071253571355044745,0,0.18203664529791466,0.021560342503368385,0.10231456479616466,0.02344354071259261,0.18520243637933242,0.15364651093045703,0.15695439672554823,0.1677162055191174],
            [0.11235065192864115,0.2027840147248073,0,0.1498758287647416,0.11588168050121214,0.1780427270178134,0.021035096183366662,0.016097363882244187,0.1011535970771487,0.10277903992002493],
            [0.07886818331188632,0.017460211549874365,0.15390457271501928,0,0.09963883862650232,0.1545289984083812,0.09661639279843448,0.16361463734095724,0.13809663197559213,0.09727153327335258],
            [0.038374111684335466,0.15784681351445312,0.15250925265416873,0.12252690788112997,0,0.1128633615514998,0.0692170988162576,0.15207666795154348,0.14544026840724106,0.04914551753937076],
            [0.024976969555685416,0.09912624639453156,0.198660395595696,0.03854469703691687,0.16651147451208265,0,0.06769424620995675,0.19537791666609675,0.013751505675306655,0.19535654835372748],
            [0.02999358898763791,0.10784620304263477,0.06205694546755689,0.04658901266633768,0.2778585316320568,0.07975975385702695,0,0.033190319369605675,0.36185045607863414,8.551888985092201E-4],
            [0.12056274935486892,0.15113070156027814,0.14413852180148531,0.043633371183972154,0.1585565792923476,0.18800540650903902,0.018696959099182,0,0.021273523055112847,0.15400218814371416],
            [0.15476421765610487,0.174532322911988,0.08522168021978196,0.16429089422377371,0.070388601343048,0.01351856618865809,0.10648308470295331,0.12172389890312253,0,0.10907673385056967],
            [0.10038035074760178,0.08959191479390208,0.020423874936451543,0.1517695421738373,0.06784786784039754,0.2156359386385353,0.026560127181009703,0.2518100111909216,0.07598037249734323,0]
        ],
        "city_names": ["Amsterdam","Rotterdam","Den Haag","Utrecht","Eindhoven","Almere","Groningen","Nijmegen","Breda","Apeldoorn"],
        "reward_matrix": [
            [0,73456,83796,91775,54364,97352,34661,56603,61855,73619],
            [73456,0,99999,84977,65233,67350,4659,64745,90554,57702],
            [83796,99999,0,74637,54893,70810,8119,54405,80214,47362],
            [91775,84977,74637,0,72927,92712,30020,75166,80418,83064],
            [54364,65233,54893,72927,0,55300,1117,81761,85018,58516],
            [97352,67350,70810,92712,55300,0,47647,57539,62791,77731],
            [34661,4659,8119,30020,1117,47647,0,29695,100,52939],
            [56603,64745,54405,75166,81761,57539,29695,0,71177,87094],
            [61855,90554,80214,80418,85018,62791,100,71177,0,53143],
            [73619,57702,47362,83064,58516,77731,52939,87094,53143,0]
        ]
    },
    "vehicle_cost_per_km": [5,15,10,5,5,5,5,5,5,5],
    "vehicle_capacities": [10,10,10,5,20,30,30,30,30,30],
    "runs": [{
        "number_of_vehicles": 3,
        "avg_task_cost_vs_number_of_task": [560,666.75,444.5,393.24999999999994,314.59999999999997,333.25,369,393.125,368.5555555555556,340.09999999999997,374.95454545454544,406.0833333333333,449.8461538461537,454.4642857142857,473,424.4687499999999,447.1470588235293,440.19444444444434,449.47368421052624,414.6249999999999,416.54761904761915,478.8181818181818,453.80434782608694,415.2708333333333,461.74000000000007,478.4615384615384,440.4074074074074,498.37499999999994,444.2931034482758,409.2833333333332]
    }]
}