{
    "vehicle_cost_per_km": [
        5, 
        5, 
        5, 
        5, 
        5
    ], 
    "runs": [
        {
            "avg_task_cost_vs_number_of_task": [
                702, 
                414.5, 
                422.5, 
                455.37499999999994, 
                380.5, 
                357.5, 
                324.57142857142856, 
                307.0625, 
                399, 
                367.2, 
                362.04545454545456, 
                307.9583333333333, 
                308.5769230769231, 
                263.9642857142857, 
                271.2333333333333, 
                252.99999999999997, 
                249.44117647058823, 
                233.33333333333334, 
                240.07894736842104, 
                240.425, 
                236.83333333333334, 
                259.6818181818182, 
                213.7608695652174, 
                233.33333333333334, 
                221.82, 
                207.8846153846154, 
                216.38888888888889, 
                181.01785714285714, 
                225.94827586206895, 
                209.56666666666663
            ], 
            "number_of_vehicles": 5
        }
    ], 
    "vehicle_starting_positions": [
        "Amsterdam", 
        "Rotterdam", 
        "Den Haag", 
        "Utrecht", 
        "Eindhoven", 
        "Almere", 
        "Groningen", 
        "Nijmegen", 
        "Breda", 
        "Apeldoorn"
    ], 
    "task_distribution": {
        "distance_matrix": [
            [
                0, 
                90.6, 
                65.2, 
                45.6, 
                137.5, 
                31.9, 
                185.9, 
                132, 
                119.1, 
                90.2
            ], 
            [
                90.6, 
                0, 
                25.4, 
                62.3, 
                110.8, 
                105.6, 
                259.6, 
                112, 
                48.6, 
                129.3
            ], 
            [
                65.2, 
                25.4, 
                0, 
                87.7, 
                136.2, 
                97.1, 
                251.1, 
                137.4, 
                74, 
                154.7
            ], 
            [
                45.6, 
                62.3, 
                87.7, 
                0, 
                91.9, 
                43.3, 
                197.3, 
                86.4, 
                73.5, 
                67
            ], 
            [
                137.5, 
                110.8, 
                136.2, 
                91.9, 
                0, 
                135.2, 
                268.3, 
                70.2, 
                62.2, 
                127.3
            ], 
            [
                31.9, 
                105.6, 
                97.1, 
                43.3, 
                135.2, 
                0, 
                154, 
                129.7, 
                116.8, 
                80.1
            ], 
            [
                185.9, 
                259.6, 
                251.1, 
                197.3, 
                268.3, 
                154, 
                0, 
                198.1, 
                270.8, 
                141
            ], 
            [
                132, 
                112, 
                137.4, 
                86.4, 
                70.2, 
                129.7, 
                198.1, 
                0, 
                96.2, 
                57.1
            ], 
            [
                119.1, 
                48.6, 
                74, 
                73.5, 
                62.2, 
                116.8, 
                270.8, 
                96.2, 
                0, 
                140.5
            ], 
            [
                90.2, 
                129.3, 
                154.7, 
                67, 
                127.3, 
                80.1, 
                141, 
                57.1, 
                140.5, 
                0
            ]
        ], 
        "weight_matrix": [
            [
                0, 
                3, 
                3, 
                3, 
                3, 
                3, 
                3, 
                3, 
                3, 
                3
            ], 
            [
                3, 
                0, 
                3, 
                3, 
                3, 
                3, 
                3, 
                3, 
                3, 
                3
            ], 
            [
                3, 
                3, 
                0, 
                3, 
                3, 
                3, 
                3, 
                3, 
                3, 
                3
            ], 
            [
                3, 
                3, 
                3, 
                0, 
                3, 
                3, 
                3, 
                3, 
                3, 
                3
            ], 
            [
                3, 
                3, 
                3, 
                3, 
                0, 
                3, 
                3, 
                3, 
                3, 
                3
            ], 
            [
                3, 
                3, 
                3, 
                3, 
                3, 
                0, 
                3, 
                3, 
                3, 
                3
            ], 
            [
                3, 
                3, 
                3, 
                3, 
                3, 
                3, 
                0, 
                3, 
                3, 
                3
            ], 
            [
                3, 
                3, 
                3, 
                3, 
                3, 
                3, 
                3, 
                0, 
                3, 
                3
            ], 
            [
                3, 
                3, 
                3, 
                3, 
                3, 
                3, 
                3, 
                3, 
                0, 
                3
            ], 
            [
                3, 
                3, 
                3, 
                3, 
                3, 
                3, 
                3, 
                3, 
                3, 
                0
            ]
        ], 
        "city_names": [
            "Amsterdam", 
            "Rotterdam", 
            "Den Haag", 
            "Utrecht", 
            "Eindhoven", 
            "Almere", 
            "Groningen", 
            "Nijmegen", 
            "Breda", 
            "Apeldoorn"
        ],