{
    "vehicle_starting_positions": ["Amsterdam","Rotterdam","Den Haag","Utrecht","Eindhoven","Almere","Groningen","Nijmegen","Breda","Apeldoorn"],
    "task_distribution": {
        "distance_matrix": [
            [0,90.6,65.2,45.6,137.5,31.9,185.9,132,119.1,90.2],
            [90.6,0,25.4,62.3,110.8,105.6,259.6,112,48.6,129.3],
            [65.2,25.4,0,87.7,136.2,97.1,251.1,137.4,74,154.7],
            [45.6,62.3,87.7,0,91.9,43.3,197.3,86.4,73.5,67],
            [137.5,110.8,136.2,91.9,0,135.2,268.3,70.2,62.2,127.3],
            [31.9,105.6,97.1,43.3,135.2,0,154,129.7,116.8,80.1],
            [185.9,259.6,251.1,197.3,268.3,154,0,198.1,270.8,141],
            [132,112,137.4,86.4,70.2,129.7,198.1,0,96.2,57.1],
            [119.1,48.6,74,73.5,62.2,116.8,270.8,96.2,0,140.5],
            [90.2,129.3,154.7,67,127.3,80.1,141,57.1,140.5,0]
        ],
        "weight_matrix": [
            [0,3,3,3,3,3,3,3,3,3],
            [3,0,3,3,3,3,3,3,3,3],
            [3,3,0,3,3,3,3,3,3,3],
            [3,3,3,0,3,3,3,3,3,3],
            [3,3,3,3,0,3,3,3,3,3],
            [3,3,3,3,3,0,3,3,3,3],
            [3,3,3,3,3,3,0,3,3,3],
            [3,3,3,3,3,3,3,0,3,3],
            [3,3,3,3,3,3,3,3,0,3],
            [3,3,3,3,3,3,3,3,3,0]
        ],
        "probability_matrix": [
            [0,0.12220289088824958,0.010669211824564338,0.04490292041873213,0.16388816292460942,0.12207319393611833,0.10599034805269734,0.13240026637638255,0.2003558605116732,0.09751714506697322],
            [0.06316581191198047,0,0.15690762875241387,0.12210472201701714,0.07974089734382767,0.0013186818925516506,0.2662289023242769,0.18881237719641547,0.09715754640644524,0.024563432155071476],
            [0.1965019736039981,0.13011745853176657,0,0.15337386237698863,0.0375641618616993,0.009251137630136318,0.08458322502398924,0.05890023833478427,0.09814357261797063,0.23156437001866706],
            [0.04977934662342805,0.16367098303552302,0.1674730654876853,0,0.12214005256684508,0.07226035358864506,0.07750649137988348,0.14132907607276796,0.14556830213088637,0.06027232911433567],
            [0.128545702912354,0.003248113791164597,0.062486151459939604,0.13277601234398137,0,0.10132986817770157,0.11573901067629402,0.22443591448366146,0.16123619508330309,0.07020303107160017],
            [0.27854283586663986,0.16866308331420976,0.06401319809474923,0.053601387607063115,0.10265595641303005,0,0.1899899300727266,0.12523297657043933,4.4178908720024095E-4,0.016858842973941888],
            [0.09805590399815199,0.19350723531794686,0.10455948446210993,0.1752911719912279,0.18994707675091507,0.03640658378060251,0,0.026224227691402497,0.020001012654521012,0.15600730335312227],
            [0.16679640972314713,0.041185579043629544,0.17594488129107702,0.045496955489686505,0.05927274182957896,0.14994168811116176,0.17915311352098934,0,0.058043824304029615,0.12416480668670014],
            [0.17364413693110745,0.15467245805459123,0.03829741387624343,0.15014750002512572,0.10912209833555096,0.11244307022001276,0.15584823744182671,0.008139327127196186,0,0.0976857579883456],
            [0.12499938606621404,0.14368720816749364,0.02480910060446788,0.1618597126421238,0.10265911204855654,0.09849221285181188,0.14196902063961964,0.09091833460203566,0.11060591237767695,0]
        ],
        "city_names": ["Amsterdam","Rotterdam","Den Haag","Utrecht","Eindhoven","Almere","Groningen","Nijmegen","Breda","Apeldoorn"],
        "reward_matrix": [
            [0,73456,83796,91775,54364,97352,34661,56603,61855,73619],
            [73456,0,99999,84977,65233,67350,4659,64745,90554,57702],
            [83796,99999,0,74637,54893,70810,8119,54405,80214,47362],
            [91775,84977,74637,0,72927,92712,30020,75166,80418,83064],
            [54364,65233,54893,72927,0,55300,1117,81761,85018,58516],
            [97352,67350,70810,92712,55300,0,47647,57539,62791,77731],
            [34661,4659,8119,30020,1117,47647,0,29695,100,52939],
            [56603,64745,54405,75166,81761,57539,29695,0,71177,87094],
            [61855,90554,80214,80418,85018,62791,100,71177,0,53143],
            [73619,57702,47362,83064,58516,77731,52939,87094,53143,0]
        ]
    },
    "vehicle_cost_per_km": [10,5,10,5,5,5,5,5,5,5],
    "vehicle_capacities": [15,15,15,5,20,30,30,30,30,30],
    "runs": [{
        "number_of_vehicles": 3,
        "avg_task_cost_vs_number_of_task": [1550.5,1071.25,771.1666666666666,913.75,731,639.3333333333334,584.2857142857143,575.0625,516.8888888888889,487.7,458.1363636363636,419.9583333333333,398.8076923076923,437.17857142857144,396.1000000000001,390.8749999999999,359.8529411764706,415.77777777777777,375.00000000000006,348.12499999999994,407.47619047619054,325.40909090909093,372.45652173913044,412.1875,373.70000000000005,428.673076923077,395.64814814814815,378.5714285714285,432.44827586206884,458.26666666666665]
    }]
}