{
 "std": [
  174.12026995848635, 
  113.72423920217895, 
  91.587188792844898, 
  76.159143227576237, 
  66.212674988307029, 
  58.182474020136446, 
  51.332419888630504, 
  45.834058622421502, 
  41.138798835320301, 
  37.127237433333605, 
  33.87725412493117, 
  31.015873229753314, 
  28.665329041512688, 
  26.752348321936317, 
  24.72689519247443, 
  23.198406028870096, 
  21.772094144934727, 
  20.838135320994066, 
  20.181441907269768, 
  19.97504325149589, 
  18.892739236914828, 
  18.536248731521237, 
  18.183039798115519, 
  17.877122784756029, 
  17.614214060237032, 
  17.215959803034139, 
  17.202344537508274, 
  17.01299031835222, 
  16.935462033732463, 
  16.927320383707762
 ], 
 "relative_cost": [
  292.39721251811449, 
  250.19311178891138, 
  223.3364512888997, 
  203.65685722424573, 
  186.06612443375516, 
  172.190616249333, 
  160.1163853010473, 
  149.94706327484013, 
  141.34619674511441, 
  133.41919424678204, 
  127.48861861500615, 
  122.27127163505274, 
  118.08310394272384, 
  113.85651764489593, 
  110.43018402418167, 
  107.49786873321126, 
  104.70926663374449, 
  102.39462967264383, 
  100.57591994061242, 
  99.409970220229852, 
  97.629300087767177, 
  96.433769468693256, 
  95.609902768125707, 
  94.763123555142002, 
  93.67094357339947, 
  92.874824999182252, 
  92.38782166591055, 
  91.480110339014857, 
  91.390512203990582, 
  90.628732620524531
 ]
}