{
    "vehicle_starting_positions": ["Newcastle","Cardiff","Plymouth","Norwich","Manchester","London","Leeds","Sheffield","Birmingham","Liverpool","Portsmouth"],
    "task_distribution": {
        "distance_matrix": [
            [0,345,477.8,348,209.9,233,246.5,205.2,115,244.6,307.8],
            [345,0,592.8,463,205.7,348,98.5,139.8,230,171,422.8],
            [477.8,592.8,0,359.8,457.7,244.8,494.3,453,362.8,492.4,170],
            [348,463,359.8,0,327.9,115,364.5,323.2,233,362.6,189.8],
            [209.9,205.7,457.7,327.9,0,212.9,107.2,148.5,94.9,34.7,287.7],
            [233,348,244.8,115,212.9,0,249.5,208.2,118,247.6,74.8],
            [246.5,98.5,494.3,364.5,107.2,249.5,0,41.3,131.5,72.5,324.3],
            [205.2,139.8,453,323.2,148.5,208.2,41.3,0,90.2,113.8,283],
            [115,230,362.8,233,94.9,118,131.5,90.2,0,129.6,192.8],
            [244.6,171,492.4,362.6,34.7,247.6,72.5,113.8,129.6,0,322.4],
            [307.8,422.8,170,189.8,287.7,74.8,324.3,283,192.8,322.4,0]
        ],
        "weight_matrix": [
            [0,3,3,3,3,3,3,3,3,3,3],
            [3,0,3,3,3,3,3,3,3,3,3],
            [3,3,0,3,3,3,3,3,3,3,3],
            [3,3,3,0,3,3,3,3,3,3,3],
            [3,3,3,3,0,3,3,3,3,3,3],
            [3,3,3,3,3,0,3,3,3,3,3],
            [3,3,3,3,3,3,0,3,3,3,3],
            [3,3,3,3,3,3,3,0,3,3,3],
            [3,3,3,3,3,3,3,3,0,3,3],
            [3,3,3,3,3,3,3,3,3,0,3],
            [3,3,3,3,3,3,3,3,3,3,0]
        ],
        "probability_matrix": [
            [0,0.08215715334641568,0.07869513435866815,0.04305916159785908,0.14205250469143657,0.05021578694462045,0.09971330319532402,0.1411433205897003,0.13186146743635793,0.12442823772348315,0.10667393011613453],
            [0.04777949474695151,0,0.03952532846472861,0.09999225296366941,0.05557123709306199,0.16702523263883895,0.06110115510294817,0.21694933639609706,0.043864099777807454,0.20521994603943822,0.06297191677645855],
            [0.14922734056797954,0.026453514287566073,0,0.1827204498223498,0.06852832866025496,0.09037634105902688,0.04561699010446497,0.11496775069201533,0.13335978489283015,0.05173791795335317,0.13701158196015942],
            [0.08237399511540108,0.1522059600558453,0.11484226610920123,0,0.10396390164543036,0.17587833765966512,0.026076171594355036,0.11289919564530337,0.004501300070782911,0.066420245234548,0.1608386268694676],
            [0.02148443608407619,0.09425225350475577,0.06403604679909843,0.03449246217600438,0,0.09095700684087242,0.24167299152658894,0.022872178045646608,0.12674709380775998,0.1925869072190755,0.11089862399612187],
            [0.13400665086511152,0.06846945110381232,0.08979278806958964,0.12942335518652603,0.147929962113659,0,0.02347279921781767,0.06626150894746975,0.14200762845560885,0.14167921333705094,0.056956642703354175],
            [0.1080784180249088,0.021007322246143025,0.14703124062642156,0.20201441502588185,0.07522100889898901,0.1114261229337907,0,0.07231649879897614,0.05266852902964378,0.12453325827175118,0.0857031861434939],
            [0.08016472966817702,0.12561760342998193,0.09597779897276015,0.0749689454290293,0.04324341295767819,0.1346854420777057,0.1309472142562339,0,0.07521854075394649,0.07854788313949873,0.16062842931498875],
            [0.20638224721409448,0.006635429694656286,0.005816548112832167,0.1314757276688218,0.04829363913003442,0.24798754431652534,0.10543508547751797,0.21079528186339155,0,0.010296590078799983,0.026881906443326144],
            [0.1354301945750158,0.04445618058361028,0.1308211263441097,0.01208152668076593,0.1171152234828659,0.15579395549431935,0.10472617288344883,0.1182894724817997,0.05474602603094054,0,0.12654012144312396],
            [0.17784840453234052,0.014762044014905404,0.05327305384003085,0.01937439001748853,0.1496910640857246,0.1197230866978088,0.01386481482399436,0.20636391345738128,0.021121380287440174,0.22397784824288566,0]
        ],
        "city_names": ["Cardiff","Newcastle","Plymouth","Norwich","Manchester","London","Leeds","Sheffield","Birmingham","Liverpool","Portsmouth"],
        "reward_matrix": [
            [0,44455,20684,43918,68638,64503,62087,69479,85625,62427,51114],
            [44455,0,100,23333,69390,43918,88578,81186,65040,75601,30529],
            [20684,100,0,41806,24282,62391,17731,25123,41269,18071,75780],
            [43918,23333,41806,0,47516,85625,40965,48357,64503,41305,72236],
            [68638,69390,24282,47516,0,68101,87021,79628,89223,99999,54712],
            [64503,43918,62391,85625,68101,0,61550,68942,85088,61890,92821],
            [62087,88578,17731,40965,87021,61550,0,98817,82671,93232,48161],
            [69479,81186,25123,48357,79628,68942,98817,0,90064,85840,55553],
            [85625,65040,41269,64503,89223,85088,82671,90064,0,83012,71699],
            [62427,75601,18071,41305,99999,61890,93232,85840,83012,0,48501],
            [51114,30529,75780,72236,54712,92821,48161,55553,71699,48501,0]
        ]
    },
    "vehicle_cost_per_km": [5,5,10,5,5,5,5,5,5,5,5],
    "vehicle_capacities": [15,15,15,30,30,30,30,30,30,30,30],
    "runs": [{
        "number_of_vehicles": 3,
        "avg_task_cost_vs_number_of_task": [3598,2374,1892,1566.5,1253.2,1266,1126,985.25,875.7777777777778,822.9,808.3636363636364,718.7083333333334,727.7692307692307,705.25,716.9,673.8750000000002,648.8235294117648,612.4444444444445,558.4736842105264,604.4,601.2380952380952,646.8636363636364,618.4347826086956,516.0833333333334,534.68,628.076923076923,607.8888888888889,592.0357142857143,596,597.6166666666666]
    }]
}