{
    "vehicle_starting_positions": ["Newcastle","Cardiff","Plymouth","Norwich","Manchester","London","Leeds","Sheffield","Birmingham","Liverpool","Portsmouth"],
    "task_distribution": {
        "distance_matrix": [
            [0,345,477.8,348,209.9,233,246.5,205.2,115,244.6,307.8],
            [345,0,592.8,463,205.7,348,98.5,139.8,230,171,422.8],
            [477.8,592.8,0,359.8,457.7,244.8,494.3,453,362.8,492.4,170],
            [348,463,359.8,0,327.9,115,364.5,323.2,233,362.6,189.8],
            [209.9,205.7,457.7,327.9,0,212.9,107.2,148.5,94.9,34.7,287.7],
            [233,348,244.8,115,212.9,0,249.5,208.2,118,247.6,74.8],
            [246.5,98.5,494.3,364.5,107.2,249.5,0,41.3,131.5,72.5,324.3],
            [205.2,139.8,453,323.2,148.5,208.2,41.3,0,90.2,113.8,283],
            [115,230,362.8,233,94.9,118,131.5,90.2,0,129.6,192.8],
            [244.6,171,492.4,362.6,34.7,247.6,72.5,113.8,129.6,0,322.4],
            [307.8,422.8,170,189.8,287.7,74.8,324.3,283,192.8,322.4,0]
        ],
        "weight_matrix": [
            [0,3,3,3,3,3,3,3,3,3,3],
            [3,0,3,3,3,3,3,3,3,3,3],
            [3,3,0,3,3,3,3,3,3,3,3],
            [3,3,3,0,3,3,3,3,3,3,3],
            [3,3,3,3,0,3,3,3,3,3,3],
            [3,3,3,3,3,0,3,3,3,3,3],
            [3,3,3,3,3,3,0,3,3,3,3],
            [3,3,3,3,3,3,3,0,3,3,3],
            [3,3,3,3,3,3,3,3,0,3,3],
            [3,3,3,3,3,3,3,3,3,0,3],
            [3,3,3,3,3,3,3,3,3,3,0]
        ],
        "probability_matrix": [
            [0,0.14932266522926865,0.03966931054248662,0.08917623847181692,0.11216607468451747,0.13151442508798425,0.13555201193887562,0.1523828733366578,0.029470679314749223,0.09792948676109263,0.06281623463255079],
            [0.06964157643413309,0,0.11381245050682433,0.08634236824101992,0.11250703379149049,0.06126137155040264,0.05890963421396358,0.26924090343425056,0.006013163277192077,0.12738066813941223,0.09489083041131112],
            [0.09191782343277395,0.14597081870314274,0,0.03932372615643543,0.05243560072306931,0.17018480268300462,0.10056740394021642,0.04848312452043041,0.06513125001831864,0.1638502060046409,0.12213524381796752],
            [0.13274872285692615,0.15703527298788839,0.14732633286795463,0,0.11142254569990377,0.012976829432539227,0.08541743769753941,0.03802326090542966,0.1498724489576898,0.013719279204240948,0.151457869389888],
            [0.03927138955567126,0.24101066155283624,0.16285120576382964,0.02787219813799783,0,0.02147422566022138,0.09816494064851404,0.05224727571903896,0.021706783964966305,0.14539679699993083,0.1900045219969935],
            [0.166135087196202,0.06801926113365758,0.12352024878143529,0.08599609094181433,0.009157955198847769,0,0.16535725470687754,0.10039603460200772,0.10655122222624923,0.057414099775980804,0.1174527454369277],
            [0.1644173356384447,0.16828201577492355,0.12440935715382352,0.07984039516836781,0.03905089174705689,0.07396470541821565,0,0.070666422813296,0.18644517637757724,0.07020210031640281,0.022721599591891864],
            [0.16420625859478502,0.035260455723658,0.04796611170757592,0.125456187029911,0.16324120938879896,0.003549267605664811,0.0381872690608301,0,0.16964815981527506,0.14488657034823985,0.10759851072526148],
            [0.14165450775020444,0.1547969989928634,0.049695979650130506,0.14130178043562464,0.08481011952780637,0.08997738812105807,0.10450211292872329,0.026090242938638212,0,0.17151972371714722,0.03565114593780378],
            [1.3025978231739937E-4,0.21077548968043774,0.18043793812637873,0.04452866272062619,0.03315208567088861,0.20377956518778428,0.021611533868637196,0.1010076106134532,0.13485376664925997,0,0.06972308770021651],
            [0.19048624695298613,0.06525103414937321,0.1876652799026228,0.08140905042268415,0.11282541721168798,0.12141665029918244,0.06779545993555225,0.04797281352607412,0.07457909776707183,0.050598949832765104,0]
        ],
        "city_names": ["Cardiff","Newcastle","Plymouth","Norwich","Manchester","London","Leeds","Sheffield","Birmingham","Liverpool","Portsmouth"],
        "reward_matrix": [
            [0,44455,20684,43918,68638,64503,62087,69479,85625,62427,51114],
            [44455,0,100,23333,69390,43918,88578,81186,65040,75601,30529],
            [20684,100,0,41806,24282,62391,17731,25123,41269,18071,75780],
            [43918,23333,41806,0,47516,85625,40965,48357,64503,41305,72236],
            [68638,69390,24282,47516,0,68101,87021,79628,89223,99999,54712],
            [64503,43918,62391,85625,68101,0,61550,68942,85088,61890,92821],
            [62087,88578,17731,40965,87021,61550,0,98817,82671,93232,48161],
            [69479,81186,25123,48357,79628,68942,98817,0,90064,85840,55553],
            [85625,65040,41269,64503,89223,85088,82671,90064,0,83012,71699],
            [62427,75601,18071,41305,99999,61890,93232,85840,83012,0,48501],
            [51114,30529,75780,72236,54712,92821,48161,55553,71699,48501,0]
        ]
    },
    "vehicle_cost_per_km": [15,10,10,5,5,5,5,5,5,5,5],
    "vehicle_capacities": [5,5,5,30,30,30,30,30,30,30,30],
    "runs": [{
        "number_of_vehicles": 3,
        "avg_task_cost_vs_number_of_task": [2099,3338,4639.666666666667,4088.5,3616,3212,2753.1428571428573,3308.4999999999995,3196.444444444444,3342.8,3426,3338.5,3591.9999999999995,3384.9999999999995,3238.8,3079.7499999999995,3139.9999999999995,3050.666666666666,3014.3157894736837,2863.5999999999995,2946.2857142857138,3004.090909090909,3002.782608695652,3022.4166666666665,2932.3999999999996,2951.153846153846,2964,2918.0714285714284,2926.689655172414,2893.266666666667]
    }]
}