{
    "vehicle_starting_positions": ["Newcastle","Cardiff","Plymouth","Norwich","Manchester","London","Leeds","Sheffield","Birmingham","Liverpool","Portsmouth"],
    "task_distribution": {
        "distance_matrix": [
            [0,345,477.8,348,209.9,233,246.5,205.2,115,244.6,307.8],
            [345,0,592.8,463,205.7,348,98.5,139.8,230,171,422.8],
            [477.8,592.8,0,359.8,457.7,244.8,494.3,453,362.8,492.4,170],
            [348,463,359.8,0,327.9,115,364.5,323.2,233,362.6,189.8],
            [209.9,205.7,457.7,327.9,0,212.9,107.2,148.5,94.9,34.7,287.7],
            [233,348,244.8,115,212.9,0,249.5,208.2,118,247.6,74.8],
            [246.5,98.5,494.3,364.5,107.2,249.5,0,41.3,131.5,72.5,324.3],
            [205.2,139.8,453,323.2,148.5,208.2,41.3,0,90.2,113.8,283],
            [115,230,362.8,233,94.9,118,131.5,90.2,0,129.6,192.8],
            [244.6,171,492.4,362.6,34.7,247.6,72.5,113.8,129.6,0,322.4],
            [307.8,422.8,170,189.8,287.7,74.8,324.3,283,192.8,322.4,0]
        ],
        "weight_matrix": [
            [0,3,3,3,3,3,3,3,3,3,3],
            [3,0,3,3,3,3,3,3,3,3,3],
            [3,3,0,3,3,3,3,3,3,3,3],
            [3,3,3,0,3,3,3,3,3,3,3],
            [3,3,3,3,0,3,3,3,3,3,3],
            [3,3,3,3,3,0,3,3,3,3,3],
            [3,3,3,3,3,3,0,3,3,3,3],
            [3,3,3,3,3,3,3,0,3,3,3],
            [3,3,3,3,3,3,3,3,0,3,3],
            [3,3,3,3,3,3,3,3,3,0,3],
            [3,3,3,3,3,3,3,3,3,3,0]
        ],
        "probability_matrix": [
            [0,0.13258490275117915,0.07844102590686645,0.09081138722103828,0.08742901356347366,0.09820878697347642,0.06550888193356874,0.06482593500268004,0.08100238488905916,0.1903367690627533,0.11085091269590476],
            [0.15012855456588847,0,0.053793630506228894,0.007288150900639961,0.09779554381610636,0.008537142059316731,0.11700422663454749,0.14005173723518646,0.1436464012595143,0.1526569728228463,0.12909764019972503],
            [0.10275426198201103,0.042223125730681786,0,0.1377330898274556,0.1832846087359356,0.050759153318431255,0.06587618843475124,0.03246937952083524,0.18060191820769758,0.11380280204968427,0.09049547219251615],
            [0.11765646800211702,0.1386086351348182,0.1387524229891349,0,0.08047935747782116,0.048900854423413666,0.20830144029364597,0.014202764517047821,0.05949015983949518,0.1674003114226786,0.026207585899827406],
            [0.061500359224087864,0.057682928948579036,0.021466736587749474,0.14374538132385623,0,0.16185215935719727,0.14596429260758376,0.08757214038085831,0.04432180463786672,0.15359296649268836,0.12230123043953298],
            [0.11078243339237029,0.06160600877531737,0.1639778885115398,0.13887918334973567,0.052352209066020255,0,0.06779582729889122,0.08808993067650184,0.14122187761630778,0.14739728431823704,0.02789735699507862],
            [0.0840244707334868,0.21605657518992005,0.022627660548001843,0.055832837954615966,0.00174149341878075,0.173896536130563,0,0.1489541233827104,0.12189674013473921,0.13722766752339777,0.03774189498378436],
            [0.007550031349215244,0.041246901784792074,0.16003415876048227,0.1605556251191659,0.11591615131985919,0.020964669273738024,0.09634158440302523,0,0.1533653700756417,0.2038704230904144,0.040155084823666025],
            [0.04404251705127517,0.10319173846056173,0.18456082737032364,0.12694327653657284,0.11807355023048377,0.10373715674289696,0.12758135679038318,0.14231815338745624,0,0.026802440412721965,0.02274898301732433],
            [0.10483919450177995,0.1907896923004363,0.10699504387271841,0.12777724053700504,0.03310931637274531,0.08908668652146126,0.014225201312120381,0.1548530342517732,0.10788552854471896,0,0.07043906178524106],
            [0.1492893343804982,0.1285277116288448,0.11843160713224829,0.001633828028365621,0.11686166657267201,0.10436289407493055,0.14116539528744204,0.05326311855128938,0.10610607490913097,0.08035836943457796,0]
        ],
        "city_names": ["Cardiff","Newcastle","Plymouth","Norwich","Manchester","London","Leeds","Sheffield","Birmingham","Liverpool","Portsmouth"],
        "reward_matrix": [
            [0,44455,20684,43918,68638,64503,62087,69479,85625,62427,51114],
            [44455,0,100,23333,69390,43918,88578,81186,65040,75601,30529],
            [20684,100,0,41806,24282,62391,17731,25123,41269,18071,75780],
            [43918,23333,41806,0,47516,85625,40965,48357,64503,41305,72236],
            [68638,69390,24282,47516,0,68101,87021,79628,89223,99999,54712],
            [64503,43918,62391,85625,68101,0,61550,68942,85088,61890,92821],
            [62087,88578,17731,40965,87021,61550,0,98817,82671,93232,48161],
            [69479,81186,25123,48357,79628,68942,98817,0,90064,85840,55553],
            [85625,65040,41269,64503,89223,85088,82671,90064,0,83012,71699],
            [62427,75601,18071,41305,99999,61890,93232,85840,83012,0,48501],
            [51114,30529,75780,72236,54712,92821,48161,55553,71699,48501,0]
        ]
    },
    "vehicle_cost_per_km": [10,5,5,5,5,5,5,5,5,5,5],
    "vehicle_capacities": [15,15,15,30,30,30,30,30,30,30,30],
    "runs": [{
        "number_of_vehicles": 3,
        "avg_task_cost_vs_number_of_task": [2078,1245.5,1076,1260.5,1238.3999999999999,1031.9999999999998,884.5714285714284,825.6249999999999,834.111111111111,785.4,714.5454545454545,655,783.8461538461538,732.0714285714286,759.9333333333333,663.8125000000001,658.5882352941177,676.3333333333331,656.7631578947369,652.75,684.2380952380952,654.6363636363636,622.6086956521739,635.2916666666666,665.8,592.5,675.074074074074,610.2500000000001,559.1379310344828,621.2333333333333]
    }]
}