{
    "vehicle_starting_positions": ["Newcastle","Cardiff","Plymouth","Norwich","Manchester","London","Leeds","Sheffield","Birmingham","Liverpool","Portsmouth"],
    "task_distribution": {
        "distance_matrix": [
            [0,345,477.8,348,209.9,233,246.5,205.2,115,244.6,307.8],
            [345,0,592.8,463,205.7,348,98.5,139.8,230,171,422.8],
            [477.8,592.8,0,359.8,457.7,244.8,494.3,453,362.8,492.4,170],
            [348,463,359.8,0,327.9,115,364.5,323.2,233,362.6,189.8],
            [209.9,205.7,457.7,327.9,0,212.9,107.2,148.5,94.9,34.7,287.7],
            [233,348,244.8,115,212.9,0,249.5,208.2,118,247.6,74.8],
            [246.5,98.5,494.3,364.5,107.2,249.5,0,41.3,131.5,72.5,324.3],
            [205.2,139.8,453,323.2,148.5,208.2,41.3,0,90.2,113.8,283],
            [115,230,362.8,233,94.9,118,131.5,90.2,0,129.6,192.8],
            [244.6,171,492.4,362.6,34.7,247.6,72.5,113.8,129.6,0,322.4],
            [307.8,422.8,170,189.8,287.7,74.8,324.3,283,192.8,322.4,0]
        ],
        "weight_matrix": [
            [0,3,3,3,3,3,3,3,3,3,3],
            [3,0,3,3,3,3,3,3,3,3,3],
            [3,3,0,3,3,3,3,3,3,3,3],
            [3,3,3,0,3,3,3,3,3,3,3],
            [3,3,3,3,0,3,3,3,3,3,3],
            [3,3,3,3,3,0,3,3,3,3,3],
            [3,3,3,3,3,3,0,3,3,3,3],
            [3,3,3,3,3,3,3,0,3,3,3],
            [3,3,3,3,3,3,3,3,0,3,3],
            [3,3,3,3,3,3,3,3,3,0,3],
            [3,3,3,3,3,3,3,3,3,3,0]
        ],
        "probability_matrix": [
            [0,0.13062444874404486,0.14409712502738609,0.09740130613044946,0.06561293421224058,0.055000002076024054,0.05962187226600307,0.14050424930182934,0.027172423542779548,0.057790389326283956,0.22217524937295915],
            [0.17928172475933618,0,0.020785256510818202,0.18457366465889238,0.02348231253771087,0.12413377498258524,0.11754980665785023,0.13111631150795522,0.04861141731466271,0.11579430448026332,0.054671426589925784],
            [0.1913222499281036,0.18223135397629983,0,0.015146464942793,0.047722546953259795,0.0263218499705719,0.06514696899956222,0.07090898387148403,0.1567315000433133,0.07065649772144328,0.1738115835931692],
            [0.15629942156219442,0.021174143926979236,0.0018009311824815446,0,0.08596148419591865,0.11003502963503833,0.16756851969331016,0.15553812737632722,0.05615495296171317,0.1583684228549889,0.08709896661104809],
            [0.20063319268957278,0.012317462899937563,0.002169433044519199,0.1785522066377526,0,0.12112510192373356,0.01722163503552959,0.08524632109551122,0.10942586282931246,0.1907693201803047,0.08253946366382625],
            [0.16657528178480577,0.1666079147113472,0.14973681651676019,0.0852345083898103,0.030307643017156317,0,0.1433337175609349,0.03367806055414549,0.038546008765726544,0.1753295331132052,0.01065051558610834],
            [0.16398334978299273,0.18550295162417474,0.0389953921051454,0.035518795172320865,0.07183162528757712,0.16165681905614235,0,0.12266615920000883,0.06163784344153305,0.08247955936069974,0.07572750496940518],
            [0.045463203520014754,0.08699164649101708,0.16264661388199844,0.1508616822689535,0.10457502754838587,0.16385639276620503,0.01948834299378533,0,0.15689860221141488,0.032840836472275196,0.0763776518459497],
            [0.06078754144979832,0.09110361268714853,0.10782057435557271,0.05652509000159685,0.05753257480456035,0.12373396744812808,0.15395928199836734,0.1412239524492623,0,0.10575713923812793,0.10155626556743759],
            [0.10669367783045663,0.08728540898782669,0.17049240543891345,0.046982516046013494,0.1645818004723528,0.003837839020324527,0.09305838083912883,0.1037888481741725,0.11780880099335704,0,0.10547032219745393],
            [0.14689933260087934,0.15943919657276803,0.007702253419101091,0.1676321024779647,0.05887422659889946,0.12336284317169678,0.07401554055652379,0.16895532399761312,0.08307562629408032,0.010043554310473414,0]
        ],
        "city_names": ["Cardiff","Newcastle","Plymouth","Norwich","Manchester","London","Leeds","Sheffield","Birmingham","Liverpool","Portsmouth"],
        "reward_matrix": [
            [0,44455,20684,43918,68638,64503,62087,69479,85625,62427,51114],
            [44455,0,100,23333,69390,43918,88578,81186,65040,75601,30529],
            [20684,100,0,41806,24282,62391,17731,25123,41269,18071,75780],
            [43918,23333,41806,0,47516,85625,40965,48357,64503,41305,72236],
            [68638,69390,24282,47516,0,68101,87021,79628,89223,99999,54712],
            [64503,43918,62391,85625,68101,0,61550,68942,85088,61890,92821],
            [62087,88578,17731,40965,87021,61550,0,98817,82671,93232,48161],
            [69479,81186,25123,48357,79628,68942,98817,0,90064,85840,55553],
            [85625,65040,41269,64503,89223,85088,82671,90064,0,83012,71699],
            [62427,75601,18071,41305,99999,61890,93232,85840,83012,0,48501],
            [51114,30529,75780,72236,54712,92821,48161,55553,71699,48501,0]
        ]
    },
    "vehicle_cost_per_km": [5,15,15,5,5,5,5,5,5,5,5],
    "vehicle_capacities": [15,15,15,30,30,30,30,30,30,30,30],
    "runs": [{
        "number_of_vehicles": 3,
        "avg_task_cost_vs_number_of_task": [1268,2015,2316,1737,1429,1190.8333333333333,1020.7142857142857,912.625,950,839.6,801.2272727272727,763.375,743.9230769230769,684,758.5333333333334,753.09375,745.970588235294,802.8888888888889,776.0526315789475,841.5749999999996,768.6904761904761,871.4772727272727,773.2826086956521,769.2916666666666,746.76,743.9615384615383,870.4814814814815,737.3928571428571,785.5172413793103,833.2333333333335]
    }]
}