{
    "vehicle_starting_positions": ["Newcastle","Cardiff","Plymouth","Norwich","Manchester","London","Leeds","Sheffield","Birmingham","Liverpool","Portsmouth"],
    "task_distribution": {
        "distance_matrix": [
            [0,345,477.8,348,209.9,233,246.5,205.2,115,244.6,307.8],
            [345,0,592.8,463,205.7,348,98.5,139.8,230,171,422.8],
            [477.8,592.8,0,359.8,457.7,244.8,494.3,453,362.8,492.4,170],
            [348,463,359.8,0,327.9,115,364.5,323.2,233,362.6,189.8],
            [209.9,205.7,457.7,327.9,0,212.9,107.2,148.5,94.9,34.7,287.7],
            [233,348,244.8,115,212.9,0,249.5,208.2,118,247.6,74.8],
            [246.5,98.5,494.3,364.5,107.2,249.5,0,41.3,131.5,72.5,324.3],
            [205.2,139.8,453,323.2,148.5,208.2,41.3,0,90.2,113.8,283],
            [115,230,362.8,233,94.9,118,131.5,90.2,0,129.6,192.8],
            [244.6,171,492.4,362.6,34.7,247.6,72.5,113.8,129.6,0,322.4],
            [307.8,422.8,170,189.8,287.7,74.8,324.3,283,192.8,322.4,0]
        ],
        "weight_matrix": [
            [0,3,3,3,3,3,3,3,3,3,3],
            [3,0,3,3,3,3,3,3,3,3,3],
            [3,3,0,3,3,3,3,3,3,3,3],
            [3,3,3,0,3,3,3,3,3,3,3],
            [3,3,3,3,0,3,3,3,3,3,3],
            [3,3,3,3,3,0,3,3,3,3,3],
            [3,3,3,3,3,3,0,3,3,3,3],
            [3,3,3,3,3,3,3,0,3,3,3],
            [3,3,3,3,3,3,3,3,0,3,3],
            [3,3,3,3,3,3,3,3,3,0,3],
            [3,3,3,3,3,3,3,3,3,3,0]
        ],
        "probability_matrix": [
            [0,0.14315562034890011,0.12811899881275093,0.16359757121662838,0.0483502989002865,0.03737180731557242,0.11652286766230824,0.09867763289763935,0.012328340215161574,0.022763284351780076,0.22911357827897227],
            [0.15456032664574026,0,0.13805805267714497,0.17770402541080968,0.07639158822411617,0.1330126400374141,0.17766955176717256,0.021810744386821977,0.06668460358322517,0.009776390919650125,0.04433207634790493],
            [0.1253909481143199,0.11582745685473937,0,0.036097939781644696,0.07028575134551843,0.16879171004223353,0.15709981437451134,0.12283874953965171,0.02918350749040164,0.09249849200581836,0.08198563045116097],
            [0.010087879516874558,0.055462940145056774,0.15183155021776856,0,0.032415267825795166,0.1475148143678688,0.08276521738584326,0.08592582340718495,0.03677173111602504,0.1653357762805195,0.23188899973706337],
            [0.10254050809887476,0.09655360933273181,0.10147155922438901,0.07698874673517986,0,0.11777029428614431,0.17075586353006575,0.13514869174991287,0.059491802135083496,0.05591098152962683,0.08336794337799136],
            [0.08000965231149156,0.14793739102174405,0.08469689242642957,0.019088114103513337,0.040625935517227554,0,0.15209492018905535,0.1382288508221476,0.11121889907949253,0.1578861845065252,0.0682131600223732],
            [0.06432629906753352,0.09826838554608279,0.06584694854942555,0.09393690725941789,0.008723690314867898,0.1511823545727423,0,0.21037523061538144,0.22354319426201383,0.01094001920139776,0.07285697061113716],
            [0.18520676316108736,0.2031293578314059,0.16039639707389655,0.054664531364109446,0.05713529327883107,0.021398221087162855,0.10188536051773026,0,0.030278960087457323,0.07589659483026222,0.110008520768057],
            [0.053883556963181506,0.1048645043703652,0.12479003481528438,0.12480223223278619,0.15080493868039754,0.06663509778230642,0.12561590303535602,0.01765306182441224,0,0.10324189803406025,0.12770877226185026],
            [0.014749985574456597,0.15061378859732472,0.18589201321230092,0.024271056350143688,0.046309520572215754,0.0605485476282201,0.20956579446374518,0.0411224229915393,0.15124907259465797,0,0.115677798015396],
            [0.006454317025110449,0.038846430685102455,0.09507542936201265,0.2366150433033378,0.002765376492648287,0.14353464745461614,0.1371818321618421,0.06147045955709896,0.1822969653311216,0.0957594986271095,0]
        ],
        "city_names": ["Cardiff","Newcastle","Plymouth","Norwich","Manchester","London","Leeds","Sheffield","Birmingham","Liverpool","Portsmouth"],
        "reward_matrix": [
            [0,44455,20684,43918,68638,64503,62087,69479,85625,62427,51114],
            [44455,0,100,23333,69390,43918,88578,81186,65040,75601,30529],
            [20684,100,0,41806,24282,62391,17731,25123,41269,18071,75780],
            [43918,23333,41806,0,47516,85625,40965,48357,64503,41305,72236],
            [68638,69390,24282,47516,0,68101,87021,79628,89223,99999,54712],
            [64503,43918,62391,85625,68101,0,61550,68942,85088,61890,92821],
            [62087,88578,17731,40965,87021,61550,0,98817,82671,93232,48161],
            [69479,81186,25123,48357,79628,68942,98817,0,90064,85840,55553],
            [85625,65040,41269,64503,89223,85088,82671,90064,0,83012,71699],
            [62427,75601,18071,41305,99999,61890,93232,85840,83012,0,48501],
            [51114,30529,75780,72236,54712,92821,48161,55553,71699,48501,0]
        ]
    },
    "vehicle_cost_per_km": [15,5,15,5,5,5,5,5,5,5,5],
    "vehicle_capacities": [10,10,10,30,30,30,30,30,30,30,30],
    "runs": [{
        "number_of_vehicles": 3,
        "avg_task_cost_vs_number_of_task": [2114,1795.75,2013.1666666666667,1653.625,1368.2,1336.8333333333333,1184.5,1126.3125,1001.1666666666666,1091.45,992.2272727272725,1005.75,931.2307692307694,794.3571428571429,857.4666666666669,852.375,988.4705882352941,1021.5555555555555,871.6315789473684,1118.65,968.4761904761905,1174.2272727272727,1095.3913043478258,1078.6666666666667,1066.32,940.269230769231,1158.4074074074076,1105.607142857143,1081.551724137931,1068.9333333333334]
    }]
}