{
    "vehicle_starting_positions": ["Newcastle","Cardiff","Plymouth","Norwich","Manchester","London","Leeds","Sheffield","Birmingham","Liverpool","Portsmouth"],
    "task_distribution": {
        "distance_matrix": [
            [0,345,477.8,348,209.9,233,246.5,205.2,115,244.6,307.8],
            [345,0,592.8,463,205.7,348,98.5,139.8,230,171,422.8],
            [477.8,592.8,0,359.8,457.7,244.8,494.3,453,362.8,492.4,170],
            [348,463,359.8,0,327.9,115,364.5,323.2,233,362.6,189.8],
            [209.9,205.7,457.7,327.9,0,212.9,107.2,148.5,94.9,34.7,287.7],
            [233,348,244.8,115,212.9,0,249.5,208.2,118,247.6,74.8],
            [246.5,98.5,494.3,364.5,107.2,249.5,0,41.3,131.5,72.5,324.3],
            [205.2,139.8,453,323.2,148.5,208.2,41.3,0,90.2,113.8,283],
            [115,230,362.8,233,94.9,118,131.5,90.2,0,129.6,192.8],
            [244.6,171,492.4,362.6,34.7,247.6,72.5,113.8,129.6,0,322.4],
            [307.8,422.8,170,189.8,287.7,74.8,324.3,283,192.8,322.4,0]
        ],
        "weight_matrix": [
            [0,3,3,3,3,3,3,3,3,3,3],
            [3,0,3,3,3,3,3,3,3,3,3],
            [3,3,0,3,3,3,3,3,3,3,3],
            [3,3,3,0,3,3,3,3,3,3,3],
            [3,3,3,3,0,3,3,3,3,3,3],
            [3,3,3,3,3,0,3,3,3,3,3],
            [3,3,3,3,3,3,0,3,3,3,3],
            [3,3,3,3,3,3,3,0,3,3,3],
            [3,3,3,3,3,3,3,3,0,3,3],
            [3,3,3,3,3,3,3,3,3,0,3],
            [3,3,3,3,3,3,3,3,3,3,0]
        ],
        "probability_matrix": [
            [0,0.09197264891995348,0.05803264474814042,0.0613072628568174,0.05253966215515683,0.19308239530441249,0.18166641310988552,0.15105299222251747,0.1632409359744893,0.044380176054856536,0.0027248686537705625],
            [0.1493192215373549,0,0.1348873986112191,0.045665068057786355,0.1520162084399311,0.13767766942329704,0.08537125446623527,0.07146422950909453,0.09300177877978773,0.06758083450588945,0.06301633666940443],
            [0.060677086055389996,0.14385979802090587,0,0.0974435131233362,0.14156914891209124,0.10205185923256582,0.12933321231557124,0.10794128044665983,0.07897689998616864,0.10289171204256531,0.03525548986474576],
            [0.07916374521677796,0.13415213499698644,0.10089806982101758,0,0.14401321953249094,0.017390333718230396,0.1219457412652456,0.08536772604320784,0.061137407165940835,0.13094652766915452,0.12498509457094788],
            [0.16122083543305799,0.12918457820652568,0.0574133863269053,0.04547772634803713,0,0.08190309955149128,0.04397313035103963,0.16365892966304924,0.0491835288674626,0.11195286382539917,0.1560319214270321],
            [0.024099166502150892,0.01138154924908177,0.06505777292421523,0.1531820065394394,0.036225414171600065,0,0.17337131996376878,0.014151221331418794,0.21387691155012423,0.16417660013596427,0.1444780376322366],
            [0.04240868937064211,0.018892894655239575,0.08778598682801943,0.13275901299529694,0.13556217207958018,0.156533242161021,0,0.06078564094419005,0.1557863056191976,0.09304464370624131,0.11644141164057187],
            [0.08375741597785544,0.11379278412712826,0.020869490254536303,0.1532263284335203,0.015311006535811,0.12841891830864408,0.1329901606681544,0,0.14295803578588068,0.16276403171333015,0.045911828195139275],
            [0.13385132736576805,0.08945582698073959,0.038498287112404224,0.15483402429209092,0.09951811635333055,0.14304273249095548,0.0668420882131362,0.08675098436547586,0,0.1342267326548092,0.05297988017129002],
            [0.06155065310675984,0.07236794843788467,0.09089013178348758,0.10775730484738441,0.12543621961915818,0.05562150793628356,0.06793689919574933,0.16708293659586745,0.182249960460548,0,0.06910643801687709],
            [0.026861446006053336,0.024777058130454107,0.041809057961585024,0.13950683178014014,0.17847482260753186,0.09133427628236856,0.17284729974152901,0.12625725507127292,0.14644158589111925,0.05169036652794574,0]
        ],
        "city_names": ["Cardiff","Newcastle","Plymouth","Norwich","Manchester","London","Leeds","Sheffield","Birmingham","Liverpool","Portsmouth"],
        "reward_matrix": [
            [0,44455,20684,43918,68638,64503,62087,69479,85625,62427,51114],
            [44455,0,100,23333,69390,43918,88578,81186,65040,75601,30529],
            [20684,100,0,41806,24282,62391,17731,25123,41269,18071,75780],
            [43918,23333,41806,0,47516,85625,40965,48357,64503,41305,72236],
            [68638,69390,24282,47516,0,68101,87021,79628,89223,99999,54712],
            [64503,43918,62391,85625,68101,0,61550,68942,85088,61890,92821],
            [62087,88578,17731,40965,87021,61550,0,98817,82671,93232,48161],
            [69479,81186,25123,48357,79628,68942,98817,0,90064,85840,55553],
            [85625,65040,41269,64503,89223,85088,82671,90064,0,83012,71699],
            [62427,75601,18071,41305,99999,61890,93232,85840,83012,0,48501],
            [51114,30529,75780,72236,54712,92821,48161,55553,71699,48501,0]
        ]
    },
    "vehicle_cost_per_km": [5,15,15,5,5,5,5,5,5,5,5],
    "vehicle_capacities": [5,5,5,30,30,30,30,30,30,30,30],
    "runs": [{
        "number_of_vehicles": 3,
        "avg_task_cost_vs_number_of_task": [2114,1592.9999999999998,1445.3333333333333,1448,1481.6000000000001,1809.6666666666667,1551.142857142857,1773.75,1830.111111111111,1829.9999999999995,1708.0909090909095,1883.3333333333333,1851.3076923076924,1901.4999999999995,1953.2000000000005,1951.3750000000002,1914.7058823529412,1831.5,1861.157894736842,1783.4,1808,1837.9545454545455,1784.5652173913043,1826.458333333333,1905.2400000000007,1794.1538461538462,1812.666666666666,1870.0714285714287,1775.2758620689644,1709.6333333333323]
    }]
}