{
    "vehicle_starting_positions": ["Newcastle","Cardiff","Plymouth","Norwich","Manchester","London","Leeds","Sheffield","Birmingham","Liverpool","Portsmouth"],
    "task_distribution": {
        "distance_matrix": [
            [0,345,477.8,348,209.9,233,246.5,205.2,115,244.6,307.8],
            [345,0,592.8,463,205.7,348,98.5,139.8,230,171,422.8],
            [477.8,592.8,0,359.8,457.7,244.8,494.3,453,362.8,492.4,170],
            [348,463,359.8,0,327.9,115,364.5,323.2,233,362.6,189.8],
            [209.9,205.7,457.7,327.9,0,212.9,107.2,148.5,94.9,34.7,287.7],
            [233,348,244.8,115,212.9,0,249.5,208.2,118,247.6,74.8],
            [246.5,98.5,494.3,364.5,107.2,249.5,0,41.3,131.5,72.5,324.3],
            [205.2,139.8,453,323.2,148.5,208.2,41.3,0,90.2,113.8,283],
            [115,230,362.8,233,94.9,118,131.5,90.2,0,129.6,192.8],
            [244.6,171,492.4,362.6,34.7,247.6,72.5,113.8,129.6,0,322.4],
            [307.8,422.8,170,189.8,287.7,74.8,324.3,283,192.8,322.4,0]
        ],
        "weight_matrix": [
            [0,3,3,3,3,3,3,3,3,3,3],
            [3,0,3,3,3,3,3,3,3,3,3],
            [3,3,0,3,3,3,3,3,3,3,3],
            [3,3,3,0,3,3,3,3,3,3,3],
            [3,3,3,3,0,3,3,3,3,3,3],
            [3,3,3,3,3,0,3,3,3,3,3],
            [3,3,3,3,3,3,0,3,3,3,3],
            [3,3,3,3,3,3,3,0,3,3,3],
            [3,3,3,3,3,3,3,3,0,3,3],
            [3,3,3,3,3,3,3,3,3,0,3],
            [3,3,3,3,3,3,3,3,3,3,0]
        ],
        "probability_matrix": [
            [0,0.10051694804575534,0.14710876685541696,0.04727646230705583,0.10427732387725226,0.0330659599644541,0.048779909555304785,0.12089525672756976,0.0667863094405491,0.13248901669173965,0.19880404653490233],
            [0.039508896641193086,0,0.09050317436205309,0.04221428732775526,0.10635656546167488,0.08576764098239946,0.0321735892740701,0.14948291637941694,0.1189287350712585,0.16599758039760523,0.16906661410257345],
            [0.13888080189367208,0.13690484622146679,0,0.031131422740861458,0.16577763642321885,4.2985156856973917E-4,0.025461236453341127,0.02577349648694442,0.18414138622061885,0.17810971940414336,0.11338960258716348],
            [0.1300209832874323,0.05584295349949128,0.040989586891641824,0,0.15205058454674464,0.06710639299753726,0.022767979302562646,0.0711156280765284,0.08836784052266163,0.18386617593850454,0.18787187493689547],
            [0.17157871156548185,0.0036746784151988135,0.10699940737814273,0.1698897240716945,0,0.04979389153229564,0.0984645052878614,0.1314578208183455,0.1597255481714566,0.07407327219304105,0.034342440566481856],
            [0.014409794228588327,0.14014939688370184,0.19605307243411652,0.1949636732690642,0.09899343186506152,0,0.024477593257704128,0.17131093211654033,0.012933426410099685,0.01005737247281091,0.13665130706231252],
            [0.08366868738361612,0.018746445533221082,0.005893506503437356,0.05997384791948404,0.07630476612884059,0.09247795517043425,0,0.13064482659393667,0.16883992704723597,0.24003752975189088,0.12341250796790308],
            [0.006738261130178321,0.0510150772196091,0.0783915168323741,0.03780613848281733,0.07134052852019154,0.20106983484115995,0.059117759832310886,0,0.1449050195934889,0.1985338992333739,0.15108196431449583],
            [0.06850427605678765,0.10049552365910717,0.034919017303792675,0.1772941987501422,0.1668142451485976,0.16227851980898583,0.02867377701751721,0.08295008449944523,0,0.005773421170712395,0.17229693658491213],
            [6.403135327880637E-4,0.1298072787000183,0.10933615043438531,0.05019742206444991,0.13967554935581675,0.04650565739543854,0.1522409052489027,0.1177837536794783,0.13911299981236708,0,0.11469996977635498],
            [0.0684417214139044,0.08099400525269983,0.030209133073104542,0.1309607536765393,0.13975881297402118,0.060927381564781294,0.1310407488235434,0.16522329451627316,0.11482206051915217,0.07762208818598063,0]
        ],
        "city_names": ["Cardiff","Newcastle","Plymouth","Norwich","Manchester","London","Leeds","Sheffield","Birmingham","Liverpool","Portsmouth"],
        "reward_matrix": [
            [0,44455,20684,43918,68638,64503,62087,69479,85625,62427,51114],
            [44455,0,100,23333,69390,43918,88578,81186,65040,75601,30529],
            [20684,100,0,41806,24282,62391,17731,25123,41269,18071,75780],
            [43918,23333,41806,0,47516,85625,40965,48357,64503,41305,72236],
            [68638,69390,24282,47516,0,68101,87021,79628,89223,99999,54712],
            [64503,43918,62391,85625,68101,0,61550,68942,85088,61890,92821],
            [62087,88578,17731,40965,87021,61550,0,98817,82671,93232,48161],
            [69479,81186,25123,48357,79628,68942,98817,0,90064,85840,55553],
            [85625,65040,41269,64503,89223,85088,82671,90064,0,83012,71699],
            [62427,75601,18071,41305,99999,61890,93232,85840,83012,0,48501],
            [51114,30529,75780,72236,54712,92821,48161,55553,71699,48501,0]
        ]
    },
    "vehicle_cost_per_km": [10,5,5,5,5,5,5,5,5,5,5],
    "vehicle_capacities": [15,15,15,30,30,30,30,30,30,30,30],
    "runs": [{
        "number_of_vehicles": 3,
        "avg_task_cost_vs_number_of_task": [2462,1806.0000000000002,1385.8333333333333,1211.625,969.3,899.1666666666666,770.7142857142857,764.25,679.3333333333334,611.4,560.090909090909,605.3333333333334,607.7692307692307,628.7857142857143,604.6,650.8125,675.7647058823529,642.9444444444445,601.5263157894736,697.3499999999999,544.2380952380952,569.2727272727273,581.0652173913044,575.6666666666666,499.8,511.88461538461536,526.0740740740742,487.92857142857144,549.8103448275862,482.5833333333333]
    }]
}