{
    "vehicle_starting_positions": ["Newcastle","Cardiff","Plymouth","Norwich","Manchester","London","Leeds","Sheffield","Birmingham","Liverpool","Portsmouth"],
    "task_distribution": {
        "distance_matrix": [
            [0,345,477.8,348,209.9,233,246.5,205.2,115,244.6,307.8],
            [345,0,592.8,463,205.7,348,98.5,139.8,230,171,422.8],
            [477.8,592.8,0,359.8,457.7,244.8,494.3,453,362.8,492.4,170],
            [348,463,359.8,0,327.9,115,364.5,323.2,233,362.6,189.8],
            [209.9,205.7,457.7,327.9,0,212.9,107.2,148.5,94.9,34.7,287.7],
            [233,348,244.8,115,212.9,0,249.5,208.2,118,247.6,74.8],
            [246.5,98.5,494.3,364.5,107.2,249.5,0,41.3,131.5,72.5,324.3],
            [205.2,139.8,453,323.2,148.5,208.2,41.3,0,90.2,113.8,283],
            [115,230,362.8,233,94.9,118,131.5,90.2,0,129.6,192.8],
            [244.6,171,492.4,362.6,34.7,247.6,72.5,113.8,129.6,0,322.4],
            [307.8,422.8,170,189.8,287.7,74.8,324.3,283,192.8,322.4,0]
        ],
        "weight_matrix": [
            [0,3,3,3,3,3,3,3,3,3,3],
            [3,0,3,3,3,3,3,3,3,3,3],
            [3,3,0,3,3,3,3,3,3,3,3],
            [3,3,3,0,3,3,3,3,3,3,3],
            [3,3,3,3,0,3,3,3,3,3,3],
            [3,3,3,3,3,0,3,3,3,3,3],
            [3,3,3,3,3,3,0,3,3,3,3],
            [3,3,3,3,3,3,3,0,3,3,3],
            [3,3,3,3,3,3,3,3,0,3,3],
            [3,3,3,3,3,3,3,3,3,0,3],
            [3,3,3,3,3,3,3,3,3,3,0]
        ],
        "probability_matrix": [
            [0,0.12310544094718422,0.05687159201520105,0.1866595974909782,0.024417727915020872,0.08818619780722214,0.09658554669582943,0.14522285084439582,0.011651058075612277,0.12036984370647646,0.1469301445020795],
            [0.08866870235993823,0,6.185817680180306E-4,0.0899981953575557,0.27417720103251475,0.1771843716858775,0.1575248739962353,0.011215938779430425,0.020809177268450378,0.08783540049811642,0.09196755725386342],
            [0.18561262888405172,0.0348127694196161,0,0.12281691717227347,0.08142839202993146,0.14374362745578614,0.13274821273103324,0.07407233417929837,0.10200887363101574,0.07503053714316689,0.047725707353826974],
            [0.13390722984715148,0.1457036381425125,0.11538327105840873,0,0.11840645173134286,0.08906107472770133,0.10740582189929299,0.012533615397765624,0.12953686856676103,0.07362641747517709,0.07443561115388629],
            [0.10093329747625372,0.15267221222783173,0.09781996722967326,0.0358548666824246,0,0.09822608962664887,0.10949887490586349,0.1269718243889984,0.10391447310016128,0.06757331417496723,0.10653508018717742],
            [0.15468262733211013,0.033828590515333094,0.03184715477936584,0.14680075166579132,0.17741138971335546,0,0.03370391056110447,0.10734567797433435,0.1504191009326217,0.02495549892811616,0.1390052975978676],
            [0.07633809750895461,0.09149703918325884,0.042841109261121765,0.021343725178813087,0.1696265187645892,0.09860890253748801,0,0.04617139856995865,0.047992771238436156,0.210896494936462,0.19468394282091775],
            [0.190986275497446,0.029740204462048295,0.11003852596423552,0.09335536058367426,0.044016182148649774,0.038021870714807754,0.10376259502586081,0,0.2103388017674327,0.002621301526155425,0.17711888230968933],
            [0.1424991207844358,0.12707215214716464,0.10701727540796703,0.024516075545423847,0.04785389986907017,0.0319414854484605,0.19385718891389633,0.08333977121500002,0,0.140493804846152,0.10140922582242973],
            [0.055953371987870794,0.21426455326507643,0.02910928426406146,0.19655542190452244,0.01430547950631156,0.21347457863272357,0.01322995178313779,0.04705122048498094,0.03953908555675986,0,0.1765170526145552],
            [0.07234773633574926,0.019674873002367938,0.19638775460630994,0.13529963095166692,0.15674406912723565,0.028143172575381445,0.13717958959293275,0.10399714444994848,0.10993951469865076,0.04028651465975694,0]
        ],
        "city_names": ["Cardiff","Newcastle","Plymouth","Norwich","Manchester","London","Leeds","Sheffield","Birmingham","Liverpool","Portsmouth"],
        "reward_matrix": [
            [0,44455,20684,43918,68638,64503,62087,69479,85625,62427,51114],
            [44455,0,100,23333,69390,43918,88578,81186,65040,75601,30529],
            [20684,100,0,41806,24282,62391,17731,25123,41269,18071,75780],
            [43918,23333,41806,0,47516,85625,40965,48357,64503,41305,72236],
            [68638,69390,24282,47516,0,68101,87021,79628,89223,99999,54712],
            [64503,43918,62391,85625,68101,0,61550,68942,85088,61890,92821],
            [62087,88578,17731,40965,87021,61550,0,98817,82671,93232,48161],
            [69479,81186,25123,48357,79628,68942,98817,0,90064,85840,55553],
            [85625,65040,41269,64503,89223,85088,82671,90064,0,83012,71699],
            [62427,75601,18071,41305,99999,61890,93232,85840,83012,0,48501],
            [51114,30529,75780,72236,54712,92821,48161,55553,71699,48501,0]
        ]
    },
    "vehicle_cost_per_km": [15,10,15,5,5,5,5,5,5,5,5],
    "vehicle_capacities": [5,5,5,30,30,30,30,30,30,30,30],
    "runs": [{
        "number_of_vehicles": 3,
        "avg_task_cost_vs_number_of_task": [4156,3257.9999999999995,3705.3333333333335,2779,3359.6,3310.6666666666665,3096.428571428572,2709.3750000000005,2768.6666666666665,2877.4,2824.909090909091,2747.6666666666665,2832.923076923077,2794.8571428571427,2765.866666666667,2859.125000000001,2915.0588235294117,2831.000000000001,2739.6842105263163,2653,2782.190476190476,2648.6363636363635,2647.8260869565215,2783.0833333333335,2626.96,2660.230769230769,2592.296296296296,2495.4285714285716,2712.4827586206898,2605.8666666666663]
    }]
}