{
    "vehicle_starting_positions": ["Newcastle","Cardiff","Plymouth","Norwich","Manchester","London","Leeds","Sheffield","Birmingham","Liverpool","Portsmouth"],
    "task_distribution": {
        "distance_matrix": [
            [0,345,477.8,348,209.9,233,246.5,205.2,115,244.6,307.8],
            [345,0,592.8,463,205.7,348,98.5,139.8,230,171,422.8],
            [477.8,592.8,0,359.8,457.7,244.8,494.3,453,362.8,492.4,170],
            [348,463,359.8,0,327.9,115,364.5,323.2,233,362.6,189.8],
            [209.9,205.7,457.7,327.9,0,212.9,107.2,148.5,94.9,34.7,287.7],
            [233,348,244.8,115,212.9,0,249.5,208.2,118,247.6,74.8],
            [246.5,98.5,494.3,364.5,107.2,249.5,0,41.3,131.5,72.5,324.3],
            [205.2,139.8,453,323.2,148.5,208.2,41.3,0,90.2,113.8,283],
            [115,230,362.8,233,94.9,118,131.5,90.2,0,129.6,192.8],
            [244.6,171,492.4,362.6,34.7,247.6,72.5,113.8,129.6,0,322.4],
            [307.8,422.8,170,189.8,287.7,74.8,324.3,283,192.8,322.4,0]
        ],
        "weight_matrix": [
            [0,3,3,3,3,3,3,3,3,3,3],
            [3,0,3,3,3,3,3,3,3,3,3],
            [3,3,0,3,3,3,3,3,3,3,3],
            [3,3,3,0,3,3,3,3,3,3,3],
            [3,3,3,3,0,3,3,3,3,3,3],
            [3,3,3,3,3,0,3,3,3,3,3],
            [3,3,3,3,3,3,0,3,3,3,3],
            [3,3,3,3,3,3,3,0,3,3,3],
            [3,3,3,3,3,3,3,3,0,3,3],
            [3,3,3,3,3,3,3,3,3,0,3],
            [3,3,3,3,3,3,3,3,3,3,0]
        ],
        "probability_matrix": [
            [0,0.11664565016249588,0.15867406080870722,0.06589364704632131,0.09810625528009803,0.018522254062863994,0.05741344587661405,0.14348065810201788,0.10366958509021232,0.10162404720081589,0.13597039636985345],
            [0.17273077264691233,0,0.0025652242311882596,0.1609256674726058,0.23448684278924053,0.08352652792597379,0.026990121824643578,0.010678651474581087,0.04628949181658898,0.20972037079988803,0.05208632901837754],
            [0.007080998858867347,0.13621093581386262,0,0.13226984161191296,0.056724416194191496,0.09358975242476655,0.061633521328746145,0.025142778840747056,0.12350715634999956,0.1680365057765095,0.1958040928003968],
            [0.11906991300672017,0.16880379919686056,0.16303537271160992,0,0.04621095633067511,0.17439741849358278,0.10330233738031631,0.11335131703722,0.006404133888510584,0.042993102773158896,0.062431649181345555],
            [0.13139826046820022,0.1270047852857325,0.1186237602258368,0.032083577111104995,0,0.1140428071505169,0.06867909207761366,0.05305444401631865,0.028947822828849737,0.15286269820732828,0.17330275262849829],
            [0.033253995259826974,0.11229183202844148,0.11700632015484026,0.0996703697729647,0.12040399498901308,0,0.13018941561789615,0.1500565813471115,0.1080974733214703,0.045485000084644026,0.08354501742379151],
            [0.1503044398446061,0.02694783312845336,0.0640283356269002,0.16397911789598493,0.08780731047031824,0.04522609226728822,0,0.18865387751482274,0.10207962327176329,0.1583791808424954,0.012594189137367384],
            [0.10017728951580493,0.1286884873954185,0.14114388286981716,0.09565943482148716,0.13628545794433516,0.11046382898110078,0.03580449546985922,0,0.08764331174968357,0.08635527849863213,0.0777785327538613],
            [0.128717571581539,0.1053888454521639,0.14034251341435114,0.02431238491042703,0.1328040395292792,0.1512353834286351,0.08326706986938066,0.12411518630988651,0,0.05356617386838859,0.056250831635949],
            [0.1348542439500414,0.04399313196712521,0.15517072318311126,6.386520865758569E-5,0.13612018474555027,0.12636653169336734,0.1759147449867847,0.046932712026126276,0.11985625300801232,0,0.06072760923122393],
            [0.15122635660097938,0.011550064504397127,0.08093722261804454,0.15690840630857322,0.07930703755215096,0.1311191825131923,0.09521760264699626,0.18372277833293088,0.08673636827254304,0.023274980650192095,0]
        ],
        "city_names": ["Cardiff","Newcastle","Plymouth","Norwich","Manchester","London","Leeds","Sheffield","Birmingham","Liverpool","Portsmouth"],
        "reward_matrix": [
            [0,44455,20684,43918,68638,64503,62087,69479,85625,62427,51114],
            [44455,0,100,23333,69390,43918,88578,81186,65040,75601,30529],
            [20684,100,0,41806,24282,62391,17731,25123,41269,18071,75780],
            [43918,23333,41806,0,47516,85625,40965,48357,64503,41305,72236],
            [68638,69390,24282,47516,0,68101,87021,79628,89223,99999,54712],
            [64503,43918,62391,85625,68101,0,61550,68942,85088,61890,92821],
            [62087,88578,17731,40965,87021,61550,0,98817,82671,93232,48161],
            [69479,81186,25123,48357,79628,68942,98817,0,90064,85840,55553],
            [85625,65040,41269,64503,89223,85088,82671,90064,0,83012,71699],
            [62427,75601,18071,41305,99999,61890,93232,85840,83012,0,48501],
            [51114,30529,75780,72236,54712,92821,48161,55553,71699,48501,0]
        ]
    },
    "vehicle_cost_per_km": [10,5,5,5,5,5,5,5,5,5,5],
    "vehicle_capacities": [15,15,15,30,30,30,30,30,30,30,30],
    "runs": [{
        "number_of_vehicles": 3,
        "avg_task_cost_vs_number_of_task": [1224,1474.5,1238.3333333333333,1285.25,1028.2,856.8333333333331,977.2857142857143,928.875,953.4444444444445,899.4,862.0909090909091,797.4166666666666,784.6923076923077,718.4285714285714,669.5666666666667,764.8125,703.4117647058823,647.2777777777778,675.2631578947369,569.05,590.5714285714284,675.0909090909091,612.1304347826087,578.0416666666666,554.88,611.2692307692307,577.1481481481483,558.6071428571429,533.4827586206897,543.95]
    }]
}