{
    "vehicle_starting_positions": ["Brest","Paris","Marseille","Genève","Monaco","Le Havre","Bordeaux","Lyon","Strasbourg"],
    "task_distribution": {
        "distance_matrix": [
            [0,591,1373,1206,1598,787,1175,1057,1078],
            [591,0,782,615,1007,196,584,466,487],
            [1373,782,0,465,225,978,646,316,854],
            [1206,615,465,0,521,811,737,149,389],
            [1598,1007,225,521,0,1203,871,541,910],
            [787,196,978,811,1203,0,780,662,683],
            [1175,584,646,737,871,780,0,588,1071],
            [1057,466,316,149,541,662,588,0,538],
            [1078,487,854,389,910,683,1071,538,0]
        ],
        "weight_matrix": [
            [0,3,3,3,3,3,3,3,3],
            [3,0,3,3,3,3,3,3,3],
            [3,3,0,3,3,3,3,3,3],
            [3,3,3,0,3,3,3,3,3],
            [3,3,3,3,0,3,3,3,3],
            [3,3,3,3,3,0,3,3,3],
            [3,3,3,3,3,3,0,3,3],
            [3,3,3,3,3,3,3,0,3],
            [3,3,3,3,3,3,3,3,0]
        ],
        "probability_matrix": [
            [0,0.12042405094844513,0.02375247044380333,0.035695875091599966,0.17987724342917152,0.21067968947607063,0.2135113488136434,0.15746229715222607,0.0585970246450399],
            [0.1585812459285264,0,0.16863338052289506,0.16918509098425347,0.13767438108936536,0.132047909897879,0.030710364529941,0.06033453707711586,0.14283308997002364],
            [0.0068231071933030395,0.2064730252010917,0,0.1266346172601569,0.18355393093253083,0.04153218780048304,0.22050245001847105,0.2093118566500655,0.005168824943898002],
            [0.16022705944572083,0.12139661563688547,0.11464237556103118,0,0.012064195176037755,0.10781967607196631,0.18707820871264277,0.1502817313508831,0.1464901380448327],
            [0.21972308006223765,0.07944896568948762,0.1839519559850849,0.1288634802044994,0,0.08149903864106171,0.08913816731906048,0.13084461361962843,0.0865306984789401],
            [0.03376815883670942,0.14937725550038972,0.17245926928196184,0.16619928786848145,0.07523929324839256,0,0.16092045643414232,0.1374531495062746,0.10458312932364801],
            [0.20249159726157684,0.06110259217847656,0.11001627499837739,0.16303133127177355,0.09015054417981062,0.0271112373021236,0,0.17819389076186687,0.16790253204599453],
            [0.059165477746110695,0.1887404227640948,0.2118970217497154,0.06613092993988345,0.02440388657205357,0.18684437920258518,0.2337571863133671,0,0.029060695712189888],
            [0.13853651146207763,0.1926874742457151,0.03048371354413921,0.16763355725403,0.20301377451271593,0.1716677446325269,0.021826023326983985,0.07415120102181144,0]
        ],
        "city_names": ["Brest","Paris","Marseille","Genève","Monaco","Le Havre","Bordeaux","Lyon","Strasbourg"],
        "reward_matrix": [
            [0,69526,15612,27125,100,56013,29263,37398,35950],
            [69526,0,56357,67871,40845,96758,70008,78143,76696],
            [15612,56357,0,78212,94759,42844,65734,88485,51393],
            [27125,67871,78212,0,74352,54358,59460,99999,83452],
            [100,40845,94759,74352,0,27332,50221,72973,47533],
            [56013,96758,42844,54358,27332,0,56495,64631,63183],
            [29263,70008,65734,59460,50221,56495,0,69732,36433],
            [37398,78143,88485,99999,72973,64631,69732,0,73180],
            [35950,76696,51393,83452,47533,63183,36433,73180,0]
        ]
    },
    "vehicle_cost_per_km": [5,15,10,5,5,5,5,5,5],
    "vehicle_capacities": [15,15,15,30,30,30,30,30,30],
    "runs": [{
        "number_of_vehicles": 3,
        "avg_task_cost_vs_number_of_task": [8805,4402.5,3588.3333333333335,3337.5,3583,3500,3000,2625,2607.222222222222,2346.5,2133.181818181818,2109.5833333333335,1947.3076923076924,1736.4285714285713,1676.3333333333333,1970.625,2046.764705882353,2031.9444444444443,2110.2631578947367,1933,2112.1428571428573,2052.9545454545455,2149.1304347826085,1914.375,2240.6,2025.9615384615386,2287.5925925925926,2123.9285714285716,1804.1379310344828,1947.3333333333333]
    }]
}