{
    "vehicle_starting_positions": ["Brest","Paris","Marseille","Genève","Monaco","Le Havre","Bordeaux","Lyon","Strasbourg"],
    "task_distribution": {
        "distance_matrix": [
            [0,591,1373,1206,1598,787,1175,1057,1078],
            [591,0,782,615,1007,196,584,466,487],
            [1373,782,0,465,225,978,646,316,854],
            [1206,615,465,0,521,811,737,149,389],
            [1598,1007,225,521,0,1203,871,541,910],
            [787,196,978,811,1203,0,780,662,683],
            [1175,584,646,737,871,780,0,588,1071],
            [1057,466,316,149,541,662,588,0,538],
            [1078,487,854,389,910,683,1071,538,0]
        ],
        "weight_matrix": [
            [0,3,3,3,3,3,3,3,3],
            [3,0,3,3,3,3,3,3,3],
            [3,3,0,3,3,3,3,3,3],
            [3,3,3,0,3,3,3,3,3],
            [3,3,3,3,0,3,3,3,3],
            [3,3,3,3,3,0,3,3,3],
            [3,3,3,3,3,3,0,3,3],
            [3,3,3,3,3,3,3,0,3],
            [3,3,3,3,3,3,3,3,0]
        ],
        "probability_matrix": [
            [0,0.04893054295551906,0.1804422470225066,0.058694087875190544,0.2523173265834736,0.11869550031657208,0.04368357444190961,0.0473496447130258,0.2498870760918028],
            [0.07872016937124446,0,0.15794679640580203,0.18957505038288755,0.0060611433355190324,0.20044769423011555,0.2242336354619495,0.12541070943523408,0.017604801377247858],
            [0.007621404602102512,0.17822478497940633,0,0.09170351332384998,0.177920144033537,0.18490398399291233,0.2516261951851429,0.05384956954057036,0.054150404342478614],
            [0.0021379657416282817,0.1342599698178866,0.09344864955114675,0,0.11548654618874592,0.18459464630818379,0.08045648962737664,0.1557255272037264,0.23389020556130571],
            [0.16002160314113267,0.1503801109964896,0.1603004009818081,0.06509170742890762,0,0.05718296481952586,0.030910228820436546,0.2115290725376828,0.1645839112740168],
            [0.054657802122616665,0.18711578266937767,0.14138364889966457,0.17861459818437658,0.09703934353960107,0,0.08444448893172216,0.17499837309956026,0.0817459625530809],
            [0.07466855484010446,0.16845430773323478,0.17792971459293794,0.15561283152954636,0.16750907825646544,0.07211472342323938,0,0.11629247222075309,0.06741831740371836],
            [0.16141662711089882,0.025819004014377603,0.1057026954892421,0.17610634072875384,0.08905479757913108,0.15286285005089184,0.13201264704418908,0,0.15702503798251558],
            [0.1881430951075052,0.0701612782115388,0.18360377290637084,0.1654790125437657,0.009731055466125245,0.22035024080692237,0.1118097146632419,0.05072183029452975,0]
        ],
        "city_names": ["Brest","Paris","Marseille","Genève","Monaco","Le Havre","Bordeaux","Lyon","Strasbourg"],
        "reward_matrix": [
            [0,69526,15612,27125,100,56013,29263,37398,35950],
            [69526,0,56357,67871,40845,96758,70008,78143,76696],
            [15612,56357,0,78212,94759,42844,65734,88485,51393],
            [27125,67871,78212,0,74352,54358,59460,99999,83452],
            [100,40845,94759,74352,0,27332,50221,72973,47533],
            [56013,96758,42844,54358,27332,0,56495,64631,63183],
            [29263,70008,65734,59460,50221,56495,0,69732,36433],
            [37398,78143,88485,99999,72973,64631,69732,0,73180],
            [35950,76696,51393,83452,47533,63183,36433,73180,0]
        ]
    },
    "vehicle_cost_per_km": [5,5,10,5,5,5,5,5,5],
    "vehicle_capacities": [10,10,10,30,30,30,30,30,30],
    "runs": [{
        "number_of_vehicles": 3,
        "avg_task_cost_vs_number_of_task": [5035,7632.5,5303.333333333333,4467.5,4308,3829.1666666666665,3465.714285714286,3370.625,2996.1111111111113,3077,2797.2727272727275,2758.3333333333335,2412.3076923076924,2364.285714285714,2206.6666666666665,2425.9375,2581.176470588235,2500,2546.842105263158,2720.5,2598.809523809524,2647.7272727272725,2562.608695652174,2609.5833333333335,2674.4,2579.230769230769,2572.5925925925926,2610,2538.103448275862,2808.8333333333335]
    }]
}