{
    "vehicle_starting_positions": ["Brest","Paris","Marseille","Genève","Monaco","Le Havre","Bordeaux","Lyon","Strasbourg"],
    "task_distribution": {
        "distance_matrix": [
            [0,591,1373,1206,1598,787,1175,1057,1078],
            [591,0,782,615,1007,196,584,466,487],
            [1373,782,0,465,225,978,646,316,854],
            [1206,615,465,0,521,811,737,149,389],
            [1598,1007,225,521,0,1203,871,541,910],
            [787,196,978,811,1203,0,780,662,683],
            [1175,584,646,737,871,780,0,588,1071],
            [1057,466,316,149,541,662,588,0,538],
            [1078,487,854,389,910,683,1071,538,0]
        ],
        "weight_matrix": [
            [0,3,3,3,3,3,3,3,3],
            [3,0,3,3,3,3,3,3,3],
            [3,3,0,3,3,3,3,3,3],
            [3,3,3,0,3,3,3,3,3],
            [3,3,3,3,0,3,3,3,3],
            [3,3,3,3,3,0,3,3,3],
            [3,3,3,3,3,3,0,3,3],
            [3,3,3,3,3,3,3,0,3],
            [3,3,3,3,3,3,3,3,0]
        ],
        "probability_matrix": [
            [0,0.024622386509564203,0.06275657631289416,0.16245299076830583,0.1275067259384475,0.07117228862418216,0.22326798364839157,0.1924207168319869,0.1358003313662278],
            [0.026291608304449078,0,0.167061056571867,0.02678364102763565,0.20707367014428557,0.19415249752868433,0.0625898204752096,0.1768030213457399,0.13924468460212883],
            [0.026206840796071627,0.13861555274796114,0,0.24023047318236904,0.22154774967388932,0.16861345377693723,0.001810753175658614,0.10172032308144759,0.10125485356566537],
            [0.022964203690978218,0.07155768982784233,0.19101164718259817,0,0.02007263335826734,0.21309938440659032,0.19516112664597224,0.11722100342194862,0.16891231146580285],
            [0.1810442735553337,0.040502582615914426,0.1284729003732783,0.16415843242869937,0,0.11194310890996553,0.09361697197588921,0.19588557800541437,0.0843761521355051],
            [0.07825074744041384,0.20093256686895283,0.174600052156413,0.17284433907288618,0.024815866806866062,0,0.14598222408637465,0.1076948648339459,0.09487933873414733],
            [0.0424480621205918,0.22643924460470138,0.10880558656147443,0.17960931878257547,0.09049950240263627,0.12124601248782077,0,0.10267474863721271,0.12827752440298706],
            [0.2105688702878903,0.14151158392461757,0.1523710593130904,0.09990467075113217,0.15722748202045483,0.020106743810008303,0.1572012019117845,0,0.061108387981021854],
            [0.21231408732867357,0.16629967148334207,0.1689545226880853,0.06970533285692278,0.21652205190926838,0.042050717032052896,0.03291402138504995,0.091239595316605,0]
        ],
        "city_names": ["Brest","Paris","Marseille","Genève","Monaco","Le Havre","Bordeaux","Lyon","Strasbourg"],
        "reward_matrix": [
            [0,69526,15612,27125,100,56013,29263,37398,35950],
            [69526,0,56357,67871,40845,96758,70008,78143,76696],
            [15612,56357,0,78212,94759,42844,65734,88485,51393],
            [27125,67871,78212,0,74352,54358,59460,99999,83452],
            [100,40845,94759,74352,0,27332,50221,72973,47533],
            [56013,96758,42844,54358,27332,0,56495,64631,63183],
            [29263,70008,65734,59460,50221,56495,0,69732,36433],
            [37398,78143,88485,99999,72973,64631,69732,0,73180],
            [35950,76696,51393,83452,47533,63183,36433,73180,0]
        ]
    },
    "vehicle_cost_per_km": [10,10,5,5,5,5,5,5,5],
    "vehicle_capacities": [15,15,15,30,30,30,30,30,30],
    "runs": [{
        "number_of_vehicles": 3,
        "avg_task_cost_vs_number_of_task": [10780,7100,4733.333333333333,4040,3969,3530,3226.4285714285716,2823.125,2509.4444444444443,2322.5,2341.3636363636365,2391.25,2352.6923076923076,2159.285714285714,2389.3333333333335,2679.0625,2185,2562.5,2366.842105263158,2221.5,2415.4761904761904,2297.2727272727275,2196.9565217391305,2499.1666666666665,2274.2,2275.769230769231,2289.814814814815,2471.4285714285716,2109.655172413793,2038.8333333333333]
    }]
}