{
    "vehicle_starting_positions": ["Brest","Paris","Marseille","Genève","Monaco","Le Havre","Bordeaux","Lyon","Strasbourg"],
    "task_distribution": {
        "distance_matrix": [
            [0,591,1373,1206,1598,787,1175,1057,1078],
            [591,0,782,615,1007,196,584,466,487],
            [1373,782,0,465,225,978,646,316,854],
            [1206,615,465,0,521,811,737,149,389],
            [1598,1007,225,521,0,1203,871,541,910],
            [787,196,978,811,1203,0,780,662,683],
            [1175,584,646,737,871,780,0,588,1071],
            [1057,466,316,149,541,662,588,0,538],
            [1078,487,854,389,910,683,1071,538,0]
        ],
        "weight_matrix": [
            [0,3,3,3,3,3,3,3,3],
            [3,0,3,3,3,3,3,3,3],
            [3,3,0,3,3,3,3,3,3],
            [3,3,3,0,3,3,3,3,3],
            [3,3,3,3,0,3,3,3,3],
            [3,3,3,3,3,0,3,3,3],
            [3,3,3,3,3,3,0,3,3],
            [3,3,3,3,3,3,3,0,3],
            [3,3,3,3,3,3,3,3,0]
        ],
        "probability_matrix": [
            [0,0.0024589362350106586,0.21459227646525722,0.3088232367349842,0.0262223664512078,0.2918644058950488,0.062076000519189205,0.04304722262628244,0.05091555507301969],
            [0.03047076946041644,0,0.14780604485297347,0.12343294103845363,0.1766103987362095,0.06009510069442965,0.12198072239379844,0.2250213765113248,0.11458264631239413],
            [0.05804664559527349,0.05538847693876731,0,0.039359264132107524,0.17390130321152278,0.21891678549887353,0.16801564728896518,0.08187156124345417,0.20450031609103606],
            [0.2483118257187104,0.01718461735753174,0.22191856615648012,0,0.1478062143136914,0.20668955439287456,0.05796878444135709,0.0885602254405147,0.011560212178840014],
            [0.1323557836810436,0.27402325310114195,0.06109867756703748,0.008169038724216567,0,0.22680637379921678,0.013829041329049307,0.16881570376681648,0.11490212803147788],
            [0.12013489696585955,0.2119044083558978,0.15805567802011233,0.15697847699923656,0.024181091672308235,0,0.20033786299932918,0.08218914098321799,0.04621844400403846],
            [0.12176600611547206,0.1289925649170037,0.08040565543704123,0.1229735782660125,0.16496730469891713,0.14800617134352623,0,0.1329653328867313,0.09992338633529588],
            [0.15585406566298587,0.16773863929264626,0.18061494436061074,0.01417944841363305,0.16584419588080518,0.1348570359247598,0.07154449411961569,0,0.10936717634494336],
            [0.1410384424603265,0.04088325475309343,0.07885464577604019,0.12176592486832066,0.14119929436210835,0.11572281601378943,0.20106422657185793,0.1594713951944634,0]
        ],
        "city_names": ["Brest","Paris","Marseille","Genève","Monaco","Le Havre","Bordeaux","Lyon","Strasbourg"],
        "reward_matrix": [
            [0,69526,15612,27125,100,56013,29263,37398,35950],
            [69526,0,56357,67871,40845,96758,70008,78143,76696],
            [15612,56357,0,78212,94759,42844,65734,88485,51393],
            [27125,67871,78212,0,74352,54358,59460,99999,83452],
            [100,40845,94759,74352,0,27332,50221,72973,47533],
            [56013,96758,42844,54358,27332,0,56495,64631,63183],
            [29263,70008,65734,59460,50221,56495,0,69732,36433],
            [37398,78143,88485,99999,72973,64631,69732,0,73180],
            [35950,76696,51393,83452,47533,63183,36433,73180,0]
        ]
    },
    "vehicle_cost_per_km": [5,5,5,5,5,5,5,5,5],
    "vehicle_capacities": [5,5,5,30,30,30,30,30,30],
    "runs": [{
        "number_of_vehicles": 3,
        "avg_task_cost_vs_number_of_task": [1960,3497.5,4341.666666666667,4386.25,5658,5151.666666666667,5396.428571428572,5371.25,5315.555555555556,5306.5,5982.272727272727,5690.416666666667,5495.7692307692305,5328.928571428572,5617.666666666667,5856.5625,5929.411764705882,5601.944444444444,5307.105263157895,5496.75,5235,5091.363636363636,5081.739130434783,4956.458333333333,5053,5176.538461538462,5320.740740740741,5130.714285714285,5033.448275862069,5222.666666666667]
    }]
}