{
    "vehicle_starting_positions": ["Brest","Paris","Marseille","Genève","Monaco","Le Havre","Bordeaux","Lyon","Strasbourg"],
    "task_distribution": {
        "distance_matrix": [
            [0,591,1373,1206,1598,787,1175,1057,1078],
            [591,0,782,615,1007,196,584,466,487],
            [1373,782,0,465,225,978,646,316,854],
            [1206,615,465,0,521,811,737,149,389],
            [1598,1007,225,521,0,1203,871,541,910],
            [787,196,978,811,1203,0,780,662,683],
            [1175,584,646,737,871,780,0,588,1071],
            [1057,466,316,149,541,662,588,0,538],
            [1078,487,854,389,910,683,1071,538,0]
        ],
        "weight_matrix": [
            [0,3,3,3,3,3,3,3,3],
            [3,0,3,3,3,3,3,3,3],
            [3,3,0,3,3,3,3,3,3],
            [3,3,3,0,3,3,3,3,3],
            [3,3,3,3,0,3,3,3,3],
            [3,3,3,3,3,0,3,3,3],
            [3,3,3,3,3,3,0,3,3],
            [3,3,3,3,3,3,3,0,3],
            [3,3,3,3,3,3,3,3,0]
        ],
        "probability_matrix": [
            [0,0.25057177563713584,0.008407870403163476,0.1213219855340637,0.24096225043918137,0.03215754084456652,0.06193208787765728,0.23610135752105052,0.04854513174318132],
            [0.17114882422258193,0,0.08157949313662798,0.02362926238008502,0.1831412868970587,0.19453193377009362,0.12973687137140733,0.041567681157574025,0.1746646470645714],
            [0.1409587025066326,0.07672998543419111,0,0.08442092819682953,0.10945784729843855,0.20956590305973538,0.15481759405322895,0.1530356604574513,0.07101337899349264],
            [0.11466077745274308,0.2059473314521951,0.15033980137821035,0,0.023949364154082466,0.02094045641096559,0.18876671742705264,0.19071315459247878,0.10468239713227204],
            [0.09082199015860942,0.1615840465547302,0.1863606858832548,0.16605388857687164,0,0.03096796424872311,0.16980223495807806,0.15617505559969452,0.038234134020038196],
            [0.2805202171145002,0.2756780132447651,0.028472675269207937,0.0025147328480153133,0.25564464021047156,0,0.15335113334143985,1.102538156606693E-4,0.0037083341559393827],
            [0.02331384508169202,0.12818480564814225,0.20255727501976256,0.07065226597953946,0.04733945585752089,0.10276526341397463,0,0.18899118987799837,0.23619589912136985],
            [0.2048926112717838,0.030412068773918294,0.03642972305983061,0.1129685063099265,0.12455023069694449,0.15111435314663788,0.08381838992104874,0,0.25581411681990956],
            [0.08327689393144044,0.1058615365912461,0.1647477287090767,0.1585301282898614,0.15341066031238068,0.12323884801838775,0.1419530011012627,0.06898120304634422,0]
        ],
        "city_names": ["Brest","Paris","Marseille","Genève","Monaco","Le Havre","Bordeaux","Lyon","Strasbourg"],
        "reward_matrix": [
            [0,69526,15612,27125,100,56013,29263,37398,35950],
            [69526,0,56357,67871,40845,96758,70008,78143,76696],
            [15612,56357,0,78212,94759,42844,65734,88485,51393],
            [27125,67871,78212,0,74352,54358,59460,99999,83452],
            [100,40845,94759,74352,0,27332,50221,72973,47533],
            [56013,96758,42844,54358,27332,0,56495,64631,63183],
            [29263,70008,65734,59460,50221,56495,0,69732,36433],
            [37398,78143,88485,99999,72973,64631,69732,0,73180],
            [35950,76696,51393,83452,47533,63183,36433,73180,0]
        ]
    },
    "vehicle_cost_per_km": [5,10,5,5,5,5,5,5,5],
    "vehicle_capacities": [15,15,15,30,30,30,30,30,30],
    "runs": [{
        "number_of_vehicles": 3,
        "avg_task_cost_vs_number_of_task": [6160,6577.5,4995,4793.75,3932,3276.6666666666665,2860,2502.5,2224.4444444444443,2301.5,2360.909090909091,2342.5,2298.4615384615386,2232.5,2027.6666666666667,2000.9375,2040.8823529411766,1783.3333333333333,1689.4736842105262,1874.25,1798.8095238095239,1782.2727272727273,1826.0869565217392,1689.375,1674.6,1557.1153846153845,1659.4444444444443,1718.75,1739.4827586206898,1489.6666666666667]
    }]
}