{
    "vehicle_starting_positions": ["Brest","Paris","Marseille","Genève","Monaco","Le Havre","Bordeaux","Lyon","Strasbourg"],
    "task_distribution": {
        "distance_matrix": [
            [0,591,1373,1206,1598,787,1175,1057,1078],
            [591,0,782,615,1007,196,584,466,487],
            [1373,782,0,465,225,978,646,316,854],
            [1206,615,465,0,521,811,737,149,389],
            [1598,1007,225,521,0,1203,871,541,910],
            [787,196,978,811,1203,0,780,662,683],
            [1175,584,646,737,871,780,0,588,1071],
            [1057,466,316,149,541,662,588,0,538],
            [1078,487,854,389,910,683,1071,538,0]
        ],
        "weight_matrix": [
            [0,3,3,3,3,3,3,3,3],
            [3,0,3,3,3,3,3,3,3],
            [3,3,0,3,3,3,3,3,3],
            [3,3,3,0,3,3,3,3,3],
            [3,3,3,3,0,3,3,3,3],
            [3,3,3,3,3,0,3,3,3],
            [3,3,3,3,3,3,0,3,3],
            [3,3,3,3,3,3,3,0,3],
            [3,3,3,3,3,3,3,3,0]
        ],
        "probability_matrix": [
            [0,0.10829845214919682,0.2125613152946755,0.048549509859584276,0.18931559750677604,0.05397295535747223,0.20881707877012054,0.14007231194089168,0.03841277912128294],
            [0.03394957264582277,0,0.2555066768744101,0.13800986255674957,0.0636961194131456,0.09557941176742596,0.1225147963912353,0.24556411173978362,0.045179448611426996],
            [0.20672579263455115,0.06796049889885951,0,0.08328974822557428,0.2579434846292357,0.09797665429647469,0.1707025704359324,0.09998760929139909,0.015413641587973297],
            [0.046564358838986256,0.0051037991306082135,0.33008120434257643,0,0.04357174801979193,0.16442882682089968,0.22964908044959378,0.04492930042081518,0.1356716819767286],
            [0.09279008007713224,0.16935186098576474,0.24215173138374255,0.00505683311177949,0,0.0916314007579177,0.22873363365035798,0.15570827399469353,0.014576186038611858],
            [0.16313044978483168,0.11053941050855519,0.010123382879533316,0.12861219058117188,0.1548556108689583,0,0.15190252860089534,0.17423262820854596,0.10660379856750832],
            [0.14964916277978627,0.2035656537011873,0.12876131143804712,0.14711608171315177,0.1671890020468357,0.08806901053430008,0,0.0730883286758644,0.042561449110827265],
            [0.007913929539246592,0.07880604043129241,0.18863030225588254,0.1292780861345693,0.18337727983849395,0.18133258796069604,0.14369390030774604,0,0.08696787353207315],
            [0.2352956230178864,0.16149997241754738,0.19598904065303252,0.08915579782588746,0.05883417208010324,0.05234369862806087,0.14520591585616838,0.061675779521313666,0]
        ],
        "city_names": ["Brest","Paris","Marseille","Genève","Monaco","Le Havre","Bordeaux","Lyon","Strasbourg"],
        "reward_matrix": [
            [0,69526,15612,27125,100,56013,29263,37398,35950],
            [69526,0,56357,67871,40845,96758,70008,78143,76696],
            [15612,56357,0,78212,94759,42844,65734,88485,51393],
            [27125,67871,78212,0,74352,54358,59460,99999,83452],
            [100,40845,94759,74352,0,27332,50221,72973,47533],
            [56013,96758,42844,54358,27332,0,56495,64631,63183],
            [29263,70008,65734,59460,50221,56495,0,69732,36433],
            [37398,78143,88485,99999,72973,64631,69732,0,73180],
            [35950,76696,51393,83452,47533,63183,36433,73180,0]
        ]
    },
    "vehicle_cost_per_km": [5,15,10,5,5,5,5,5,5],
    "vehicle_capacities": [10,10,10,30,30,30,30,30,30],
    "runs": [{
        "number_of_vehicles": 3,
        "avg_task_cost_vs_number_of_task": [9715,8447.5,6401.666666666667,5291.25,4233,4277.5,3666.4285714285716,3208.125,3074.4444444444443,2681.5,2888.181818181818,2647.5,2784.230769230769,2594.6428571428573,2421.6666666666665,2956.875,2748.529411764706,2282.777777777778,2411.0526315789475,2555.75,2470.714285714286,2719.090909090909,2643.0434782608695,2652.7083333333335,2485.4,2588.4615384615386,2186.6666666666665,2557.5,2434.655172413793,2921.5]
    }]
}