{
    "vehicle_starting_positions": ["Brest","Paris","Marseille","Genève","Monaco","Le Havre","Bordeaux","Lyon","Strasbourg"],
    "task_distribution": {
        "distance_matrix": [
            [0,591,1373,1206,1598,787,1175,1057,1078],
            [591,0,782,615,1007,196,584,466,487],
            [1373,782,0,465,225,978,646,316,854],
            [1206,615,465,0,521,811,737,149,389],
            [1598,1007,225,521,0,1203,871,541,910],
            [787,196,978,811,1203,0,780,662,683],
            [1175,584,646,737,871,780,0,588,1071],
            [1057,466,316,149,541,662,588,0,538],
            [1078,487,854,389,910,683,1071,538,0]
        ],
        "weight_matrix": [
            [0,3,3,3,3,3,3,3,3],
            [3,0,3,3,3,3,3,3,3],
            [3,3,0,3,3,3,3,3,3],
            [3,3,3,0,3,3,3,3,3],
            [3,3,3,3,0,3,3,3,3],
            [3,3,3,3,3,0,3,3,3],
            [3,3,3,3,3,3,0,3,3],
            [3,3,3,3,3,3,3,0,3],
            [3,3,3,3,3,3,3,3,0]
        ],
        "probability_matrix": [
            [0,0.014522738552683009,0.15885177820237226,0.11940103347337228,0.11569980199321513,0.007428913248776927,0.2816118745469348,0.032536869991526975,0.26994698999111866],
            [0.20684451350985902,0,0.14790492918709314,0.13548617712860386,0.020967348842235264,0.030188307328956627,0.10053705720103552,0.24865566575653153,0.10941600104568505],
            [0.1966545662587348,0.11205996276813611,0,0.2068745676196169,0.22382093053386515,0.11308567895024806,0.03225840677702052,0.08636507558832603,0.028880811504052483],
            [0.09281219695701262,0.2149840191695219,0.19132863352010962,0,0.001129419142003363,0.18818729585106062,0.07721913384793809,0.20131397337575738,0.03302532813659623],
            [0.002921529882881822,0.1382831428655774,0.07878887155856658,0.18750889950826394,0,0.07454777713360734,0.21690230802050875,0.12166728417644362,0.17938018685415053],
            [0.08966261678546224,0.21231090960361673,0.18464626933358327,0.1295084003950809,0.11400646701581399,0,0.15459692641511683,0.07609866554234211,0.039169744908984006],
            [0.18048467212163405,0.12652129156213285,0.04787581160348222,0.13808546809956931,0.15423086227982394,0.16174541177652133,0,0.08682555005815548,0.10423093249868091],
            [0.14399155030868296,0.2457636895168602,0.10897738663396822,0.00759327789800154,0.03929490137568781,0.06525543542446743,0.21520492103560956,0,0.17391883780672243],
            [0.2619414624520542,0.07163666725769115,0.21002686050909447,0.12901274555396927,0.24161311417058634,0.0626927337274744,0.002192530618257594,0.020883885710872515,0]
        ],
        "city_names": ["Brest","Paris","Marseille","Genève","Monaco","Le Havre","Bordeaux","Lyon","Strasbourg"],
        "reward_matrix": [
            [0,69526,15612,27125,100,56013,29263,37398,35950],
            [69526,0,56357,67871,40845,96758,70008,78143,76696],
            [15612,56357,0,78212,94759,42844,65734,88485,51393],
            [27125,67871,78212,0,74352,54358,59460,99999,83452],
            [100,40845,94759,74352,0,27332,50221,72973,47533],
            [56013,96758,42844,54358,27332,0,56495,64631,63183],
            [29263,70008,65734,59460,50221,56495,0,69732,36433],
            [37398,78143,88485,99999,72973,64631,69732,0,73180],
            [35950,76696,51393,83452,47533,63183,36433,73180,0]
        ]
    },
    "vehicle_cost_per_km": [5,15,15,5,5,5,5,5,5],
    "vehicle_capacities": [5,5,5,30,30,30,30,30,30],
    "runs": [{
        "number_of_vehicles": 3,
        "avg_task_cost_vs_number_of_task": [6775,5787.5,8526.666666666666,7560,6498,5663.333333333333,5506.428571428572,4818.125,4792.777777777777,5095.5,4919.545454545455,5002.083333333333,4617.307692307692,4427.5,4263,4257.5,4352.058823529412,4333.333333333333,4280.789473684211,4166,4341.428571428572,4441.363636363636,4787.173913043478,4544.166666666667,4915.4,4893.2692307692305,4829.444444444444,4712.857142857143,4854.137931034483,5037.833333333333]
    }]
}