{
    "vehicle_starting_positions": ["Lausanne","Genève","Sion","Neuchâtel","Bern","Basel","Fribourg","Zürich","Aarau","Luzern","St-Gallen","Thun"],
    "task_distribution": {
        "distance_matrix": [
            [0,90,150,100,150,290,100,320,260,350,440,190],
            [90,0,240,190,240,380,190,410,350,440,530,280],
            [150,240,0,220,160,300,210,330,270,360,450,120],
            [100,190,220,0,60,200,110,230,170,260,350,100],
            [150,240,160,60,0,140,50,170,110,200,290,40],
            [290,380,300,200,140,0,190,120,180,190,240,180],
            [100,190,210,110,50,190,0,220,160,250,340,90],
            [320,410,330,230,170,120,220,0,60,70,120,210],
            [260,350,270,170,110,180,160,60,0,90,180,150],
            [350,440,360,260,200,190,250,70,90,0,190,240],
            [440,530,450,350,290,240,340,120,180,190,0,330],
            [190,280,120,100,40,180,90,210,150,240,330,0]
        ],
        "weight_matrix": [
            [0,3,3,3,3,3,3,3,3,3,3,3],
            [3,0,3,3,3,3,3,3,3,3,3,3],
            [3,3,0,3,3,3,3,3,3,3,3,3],
            [3,3,3,0,3,3,3,3,3,3,3,3],
            [3,3,3,3,0,3,3,3,3,3,3,3],
            [3,3,3,3,3,0,3,3,3,3,3,3],
            [3,3,3,3,3,3,0,3,3,3,3,3],
            [3,3,3,3,3,3,3,0,3,3,3,3],
            [3,3,3,3,3,3,3,3,0,3,3,3],
            [3,3,3,3,3,3,3,3,3,0,3,3],
            [3,3,3,3,3,3,3,3,3,3,0,3],
            [3,3,3,3,3,3,3,3,3,3,3,0]
        ],
        "probability_matrix": [
            [0,0.026017460245169693,0.05494156459104419,0.14846725022231497,1.3589733046395107E-4,0.12651817522616726,0.14956098430810158,0.019379042036361253,0.07725550440237348,0.10961231969581443,0.1412687297678774,0.14684307217431156],
            [0.10975169660304558,0,0.12271802999425734,0.05768311639174269,0.10379714954355121,0.09193955356342828,0.09523126688115133,0.08766428207836166,0.11094949793251752,0.07642066340244744,0.10382231973153479,0.040022423877962274],
            [0.03304880236404334,0.005134046039630762,0,0.14518856425039017,0.060303324101520825,0.12652784327196878,0.11741060162694625,0.12776911518478773,4.599398449631135E-4,0.11838145565627226,0.12812610790132545,0.13765019975815146],
            [0.05856657756196704,0.1625728574651688,0.03845627677529143,0,0.049374504641728295,0.10620602484857358,0.05751744907267621,0.09140406871272398,0.11508035739149265,0.03516910924349383,0.11133198417111441,0.1743207901157698],
            [0.09062161562785268,0.07265519416113564,0.011685263319566954,0.17070560323430622,0,0.0028479295810074517,0.14975753961408222,0.16917020627793453,0.06352625020294637,0.10521212417880221,0.02710483233157416,0.13671344147079154],
            [0.1000885274469851,0.18315036694337214,0.14246106750584434,0.031048865814540267,0.13360352605650644,0,0.08363038686870236,0.04089398276579851,0.18464175460161109,0.04692350549759912,0.01733401765521603,0.03622399884382464],
            [0.14778703292368997,3.650843347546507E-4,0.0891965691519175,0.1139490984303883,0.13319204372030238,0.010992299036996249,0,0.09353579484931865,0.05616343995976587,0.1408040432804288,0.0918803331951688,0.12213426111726877],
            [0.07847035851704794,0.08281044931891708,0.18220487408944022,0.10236443134683787,0.012997794013032797,0.04136526800077405,0.13967247673050406,0,0.02492782211919139,0.10626342937256454,0.10692919487610696,0.12199390161558313],
            [0.02313841387138988,0.006877251150728407,0.09410662415153137,0.14028818342075894,0.04879962854160496,0.1672218667460741,0.14130748049114783,0.04373164437410614,0,0.1035264197193149,0.060194504295768225,0.17080798323757537],
            [0.13867283581002984,0.1460362187469953,0.010340213649064036,0.028436048495186775,0.1088200475185981,0.07444762866179282,0.11648460786565455,0.04232902214409971,0.06977545632831197,0,0.10927335984272095,0.155384560937546],
            [0.14049705048148725,0.02265006475208424,0.1325147540741805,0.08477394612456861,0.09085417264460455,0.11204244265691185,0.0822998669341239,0.09279163863529385,0.14777950255796818,0.009831117709531956,0,0.08396544342924518],
            [0.12189512532996076,0.13599311216517584,0.003601734104892451,0.1034057862159589,0.04464104049300795,0.14173576791262296,0.0767781691889154,0.12949141634717842,0.09133181817250291,0.028011292724520864,0.1231147373452636,0]
        ],
        "city_names": ["Lausanne","Genève","Sion","Neuchâtel","Bern","Basel","Fribourg","Zürich","Aarau","Luzern","St-Gallen","Thun"],
        "reward_matrix": [
            [0,89805,77572,87766,77572,49030,87766,42913,55146,36797,18448,69417],
            [89805,0,59223,69417,59223,30681,69417,24565,36797,18448,100,51068],
            [77572,59223,0,63301,75533,46991,65340,40875,53107,34758,16410,83688],
            [87766,69417,63301,0,95921,67378,85727,61262,73495,55146,36797,87766],
            [77572,59223,75533,95921,0,79611,97960,73495,85727,67378,49030,99999],
            [49030,30681,46991,67378,79611,0,69417,83688,71456,69417,59223,71456],
            [87766,69417,65340,85727,97960,69417,0,63301,75533,57185,38836,89805],
            [42913,24565,40875,61262,73495,83688,63301,0,95921,93882,83688,65340],
            [55146,36797,53107,73495,85727,71456,75533,95921,0,89805,71456,77572],
            [36797,18448,34758,55146,67378,69417,57185,93882,89805,0,69417,59223],
            [18448,100,16410,36797,49030,59223,38836,83688,71456,69417,0,40875],
            [69417,51068,83688,87766,99999,71456,89805,65340,77572,59223,40875,0]
        ]
    },
    "vehicle_cost_per_km": [10,15,10,5,5,5,5,5,5,5,5,5],
    "vehicle_capacities": [10,10,10,30,30,30,30,30,30,30,30,30],
    "runs": [{
        "number_of_vehicles": 3,
        "avg_task_cost_vs_number_of_task": [8800,4450,3233.3333333333335,2650,2120,2066.6666666666665,2042.857142857143,1987.5,1877.7777777777778,1990,1918.1818181818182,1758.3333333333333,1684.6153846153845,1592.857142857143,1586.6666666666667,1506.25,1423.5294117647059,1447.2222222222222,1352.6315789473683,1315,1400,1409.090909090909,1463.0434782608695,1316.6666666666667,1392,1378.8461538461538,1325.9259259259259,1321.4285714285713,1403.448275862069,1406.6666666666667]
    }]
}