{
    "vehicle_starting_positions": ["Lausanne","Genève","Sion","Neuchâtel","Bern","Basel","Fribourg","Zürich","Aarau","Luzern","St-Gallen","Thun"],
    "task_distribution": {
        "distance_matrix": [
            [0,90,150,100,150,290,100,320,260,350,440,190],
            [90,0,240,190,240,380,190,410,350,440,530,280],
            [150,240,0,220,160,300,210,330,270,360,450,120],
            [100,190,220,0,60,200,110,230,170,260,350,100],
            [150,240,160,60,0,140,50,170,110,200,290,40],
            [290,380,300,200,140,0,190,120,180,190,240,180],
            [100,190,210,110,50,190,0,220,160,250,340,90],
            [320,410,330,230,170,120,220,0,60,70,120,210],
            [260,350,270,170,110,180,160,60,0,90,180,150],
            [350,440,360,260,200,190,250,70,90,0,190,240],
            [440,530,450,350,290,240,340,120,180,190,0,330],
            [190,280,120,100,40,180,90,210,150,240,330,0]
        ],
        "weight_matrix": [
            [0,3,3,3,3,3,3,3,3,3,3,3],
            [3,0,3,3,3,3,3,3,3,3,3,3],
            [3,3,0,3,3,3,3,3,3,3,3,3],
            [3,3,3,0,3,3,3,3,3,3,3,3],
            [3,3,3,3,0,3,3,3,3,3,3,3],
            [3,3,3,3,3,0,3,3,3,3,3,3],
            [3,3,3,3,3,3,0,3,3,3,3,3],
            [3,3,3,3,3,3,3,0,3,3,3,3],
            [3,3,3,3,3,3,3,3,0,3,3,3],
            [3,3,3,3,3,3,3,3,3,0,3,3],
            [3,3,3,3,3,3,3,3,3,3,0,3],
            [3,3,3,3,3,3,3,3,3,3,3,0]
        ],
        "probability_matrix": [
            [0,0.09807053894153404,0.0247770852479983,0.07386599961638074,0.1305945693984475,0.10391326462912137,0.08254073368964657,0.0904156948915524,0.053979603182569405,0.06737106523789116,0.1484343469107816,0.12603709825407686],
            [0.03590975984841559,0,0.12820386561324348,0.10012169954818383,0.09898294708511249,0.13360089731825775,0.0889076861588664,0.05638315945567684,0.11737860662953589,0.08228817284218938,0.12936205855205293,0.028861146948465366],
            [0.056472122328790425,0.07031205365412947,0,0.14900367402923767,0.0844628748130875,0.1792246454576268,0.09706927604519061,0.17368411430259498,8.035739322276395E-5,0.11989796034140465,0.011658823883054375,0.05813409775166079],
            [0.08151523846626055,0.13438779774400883,0.09887077689765619,0,0.10499185232229896,0.1786675189984255,0.05204616113722645,0.033388771114507707,0.08766959436465377,0.009566200217037545,0.09092388790644276,0.1279722008314815],
            [0.10370842874884234,0.028010692822732802,0.21332111500319959,0.04721300257744975,0,0.14943901634205273,0.060882995245514195,0.09378306573555932,0.009207137981205139,0.17362435276088656,0.03980142057445803,0.08100877220809963],
            [0.04987748071732588,0.007409497772325981,0.1588888592086468,0.07382852032911164,0.13614673847753306,0,0.12471060046659495,0.08717610419285052,0.04845587511678102,0.17492797134517615,0.0812413198586975,0.05733703251495651],
            [0.039465060009188854,0.006651569246822198,0.10425721125078187,0.025141153784824417,0.10156800212264194,0.10770907219607354,0,0.006696323170251845,0.1435997857813227,0.11604346645892495,0.18214166560572023,0.1667266903734475],
            [0.1043423283026416,0.18218570148676766,0.09890766363310584,0.05161044318357499,0.08935514747920567,0.05261666995031368,0.11419062795318109,0,0.18284269976800652,0.009211491246660515,0.004928920122863181,0.10980830687367941],
            [0.09388083009889632,0.16445640242282522,0.14161688444370457,0.05388998084101772,0.013893873346953309,0.031012440094691417,0.12978273035998097,0.05408073256059065,0,0.14426621423921673,0.019585733515952695,0.15353417807617037],
            [0.12961433900535602,0.09741585375702622,0.1215645360500457,0.10148884069520239,0.08994975619144027,0.12036055377554271,0.03849342843846209,0.18144926995329677,0.06341539425775794,0,0.013087141115932613,0.043160886759937504],
            [0.11810633520940664,0.0779633733417669,0.08055354456337886,0.16880957518027037,0.16384249158213995,9.354283483248993E-4,0.14379213934925456,0.025838885744099854,0.10001098923752805,0.02386449988313445,0,0.09628273756069557],
            [0.21270406570728087,0.08486026833030556,0.1339078362756938,0.010912404908881098,0.1228462723212312,0.02036712497588932,0.15656588105940777,0.11745447707255469,0.018326006278156417,0.0454803689456164,0.07657529412498287,0]
        ],
        "city_names": ["Lausanne","Genève","Sion","Neuchâtel","Bern","Basel","Fribourg","Zürich","Aarau","Luzern","St-Gallen","Thun"],
        "reward_matrix": [
            [0,89805,77572,87766,77572,49030,87766,42913,55146,36797,18448,69417],
            [89805,0,59223,69417,59223,30681,69417,24565,36797,18448,100,51068],
            [77572,59223,0,63301,75533,46991,65340,40875,53107,34758,16410,83688],
            [87766,69417,63301,0,95921,67378,85727,61262,73495,55146,36797,87766],
            [77572,59223,75533,95921,0,79611,97960,73495,85727,67378,49030,99999],
            [49030,30681,46991,67378,79611,0,69417,83688,71456,69417,59223,71456],
            [87766,69417,65340,85727,97960,69417,0,63301,75533,57185,38836,89805],
            [42913,24565,40875,61262,73495,83688,63301,0,95921,93882,83688,65340],
            [55146,36797,53107,73495,85727,71456,75533,95921,0,89805,71456,77572],
            [36797,18448,34758,55146,67378,69417,57185,93882,89805,0,69417,59223],
            [18448,100,16410,36797,49030,59223,38836,83688,71456,69417,0,40875],
            [69417,51068,83688,87766,99999,71456,89805,65340,77572,59223,40875,0]
        ]
    },
    "vehicle_cost_per_km": [5,15,15,5,5,5,5,5,5,5,5,5],
    "vehicle_capacities": [5,5,5,30,30,30,30,30,30,30,30,30],
    "runs": [{
        "number_of_vehicles": 3,
        "avg_task_cost_vs_number_of_task": [1450,1825,1816.6666666666667,2100,1820,1791.6666666666667,1650,1443.75,1683.3333333333333,1615,1550,1550,1650,1564.2857142857142,1633.3333333333333,1709.375,1626.4705882352941,1586.111111111111,1676.3157894736842,1612.5,1747.6190476190477,1806.8181818181818,1604.3478260869565,1708.3333333333333,1704,1657.6923076923076,1777.7777777777778,1851.7857142857142,1856.896551724138,1861.6666666666667]
    }]
}