{
    "vehicle_starting_positions": ["Lausanne","Genève","Sion","Neuchâtel","Bern","Basel","Fribourg","Zürich","Aarau","Luzern","St-Gallen","Thun"],
    "task_distribution": {
        "distance_matrix": [
            [0,90,150,100,150,290,100,320,260,350,440,190],
            [90,0,240,190,240,380,190,410,350,440,530,280],
            [150,240,0,220,160,300,210,330,270,360,450,120],
            [100,190,220,0,60,200,110,230,170,260,350,100],
            [150,240,160,60,0,140,50,170,110,200,290,40],
            [290,380,300,200,140,0,190,120,180,190,240,180],
            [100,190,210,110,50,190,0,220,160,250,340,90],
            [320,410,330,230,170,120,220,0,60,70,120,210],
            [260,350,270,170,110,180,160,60,0,90,180,150],
            [350,440,360,260,200,190,250,70,90,0,190,240],
            [440,530,450,350,290,240,340,120,180,190,0,330],
            [190,280,120,100,40,180,90,210,150,240,330,0]
        ],
        "weight_matrix": [
            [0,3,3,3,3,3,3,3,3,3,3,3],
            [3,0,3,3,3,3,3,3,3,3,3,3],
            [3,3,0,3,3,3,3,3,3,3,3,3],
            [3,3,3,0,3,3,3,3,3,3,3,3],
            [3,3,3,3,0,3,3,3,3,3,3,3],
            [3,3,3,3,3,0,3,3,3,3,3,3],
            [3,3,3,3,3,3,0,3,3,3,3,3],
            [3,3,3,3,3,3,3,0,3,3,3,3],
            [3,3,3,3,3,3,3,3,0,3,3,3],
            [3,3,3,3,3,3,3,3,3,0,3,3],
            [3,3,3,3,3,3,3,3,3,3,0,3],
            [3,3,3,3,3,3,3,3,3,3,3,0]
        ],
        "probability_matrix": [
            [0,0.09612496442467713,0.07976249891216253,0.17433047634776228,0.11221942015342941,0.026335411733651885,0.11261037007233596,0.024706207008438272,0.01680640007156621,0.04876564260934286,0.16224676411234426,0.14609184455428909],
            [0.13203632695354725,0,0.12495180506036066,0.01726175139438524,0.043073359606982824,0.19712893144409338,0.006350636248121503,0.09804498283065978,0.0837745980795658,0.10551498050417683,0.11864114481440263,0.07322148306370406],
            [0.12826392606043124,0.08380748018093635,0,0.08661929522888065,0.01909148454335859,0.17832189792786604,0.0034815446890492504,0.021415784208895058,0.12333800538560008,0.16301404492029026,0.15179561450273626,0.040850922351956184],
            [0.06755847704876514,0.029070601182220046,0.13130755666687932,0,0.0908028229248553,0.08148327223776991,0.12121965591411196,0.11548735226799228,0.07243947411090697,0.10732469206235296,0.022960685934750966,0.16034540964939523],
            [0.13782660269620492,0.14485332611174095,0.0156917309109939,0.04707628893720143,0,0.1510005453007855,0.020711171048816406,0.1460457082125262,0.12849932975945697,0.1307983749112549,0.0031589132971753444,0.0743380088138436],
            [0.08370026147914228,0.02536958702421878,0.11404919081024664,0.04882772530516011,0.07141945324460777,0,0.05211433195247167,0.19220876198454312,0.02034023384763143,0.16683912338447074,0.1904089848963923,0.03472234607111514],
            [0.024785581304789618,0.050700680773153,0.16145204561127718,0.014466817575945735,0.08964248233068656,0.2419756319446111,0,0.08674789531109152,0.03570862340689275,0.045223658609516264,0.03466073342253421,0.21463584970950209],
            [0.07828546291208249,0.02911839610848325,0.10986381136767723,0.07935870502945618,0.006474272947735253,0.022246009107196037,0.19324596092511967,0,0.0412507469888286,0.12130284184678752,0.18466817308294728,0.1341856196836865],
            [0.1207323738518568,0.06865907360309417,0.12489892642924152,0.12467129274835367,0.018384050681652185,0.1590567237948012,0.060320574691121086,0.06649588029679454,0,0.007691896121458266,0.1724716788528132,0.07661752892881359],
            [0.22164972559837084,0.018176517323201996,0.055248019748424755,0.12259365111602456,0.014707151553187544,0.1428911046152428,0.04803686678280975,0.13573873990860214,0.02645417003734814,0,0.09542845584547881,0.11907559747130857],
            [0.0672355511652119,0.04429776756913902,0.1435947002584061,0.08707637910048766,0.1495338711638899,0.12141112367284107,0.07425437884273375,0.04177258923004006,0.1409480657026926,0.10410744359241693,0,0.025768129702141204],
            [0.18857575879086735,0.12373577091683373,0.014071157039784146,0.04759051216530859,0.059398610661476274,0.15200212868990226,0.10726476542499351,0.023166346217902745,0.13109985230948856,0.14263356353664,0.010461534246802826,0]
        ],
        "city_names": ["Lausanne","Genève","Sion","Neuchâtel","Bern","Basel","Fribourg","Zürich","Aarau","Luzern","St-Gallen","Thun"],
        "reward_matrix": [
            [0,89805,77572,87766,77572,49030,87766,42913,55146,36797,18448,69417],
            [89805,0,59223,69417,59223,30681,69417,24565,36797,18448,100,51068],
            [77572,59223,0,63301,75533,46991,65340,40875,53107,34758,16410,83688],
            [87766,69417,63301,0,95921,67378,85727,61262,73495,55146,36797,87766],
            [77572,59223,75533,95921,0,79611,97960,73495,85727,67378,49030,99999],
            [49030,30681,46991,67378,79611,0,69417,83688,71456,69417,59223,71456],
            [87766,69417,65340,85727,97960,69417,0,63301,75533,57185,38836,89805],
            [42913,24565,40875,61262,73495,83688,63301,0,95921,93882,83688,65340],
            [55146,36797,53107,73495,85727,71456,75533,95921,0,89805,71456,77572],
            [36797,18448,34758,55146,67378,69417,57185,93882,89805,0,69417,59223],
            [18448,100,16410,36797,49030,59223,38836,83688,71456,69417,0,40875],
            [69417,51068,83688,87766,99999,71456,89805,65340,77572,59223,40875,0]
        ]
    },
    "vehicle_cost_per_km": [5,5,5,5,5,5,5,5,5,5,5,5],
    "vehicle_capacities": [5,5,5,30,30,30,30,30,30,30,30,30],
    "runs": [{
        "number_of_vehicles": 3,
        "avg_task_cost_vs_number_of_task": [2650,2050,1616.6666666666667,1637.5,1610,1425,1557.142857142857,1306.25,1344.4444444444443,1365,1350,1400,1326.923076923077,1335.7142857142858,1283.3333333333333,1356.25,1467.6470588235295,1475,1468.421052631579,1457.5,1388.095238095238,1336.3636363636363,1308.695652173913,1331.25,1350,1401.923076923077,1505.5555555555557,1544.642857142857,1491.3793103448277,1441.6666666666667]
    }]
}