{
    "vehicle_starting_positions": ["Lausanne","Genève","Sion","Neuchâtel","Bern","Basel","Fribourg","Zürich","Aarau","Luzern","St-Gallen","Thun"],
    "task_distribution": {
        "distance_matrix": [
            [0,90,150,100,150,290,100,320,260,350,440,190],
            [90,0,240,190,240,380,190,410,350,440,530,280],
            [150,240,0,220,160,300,210,330,270,360,450,120],
            [100,190,220,0,60,200,110,230,170,260,350,100],
            [150,240,160,60,0,140,50,170,110,200,290,40],
            [290,380,300,200,140,0,190,120,180,190,240,180],
            [100,190,210,110,50,190,0,220,160,250,340,90],
            [320,410,330,230,170,120,220,0,60,70,120,210],
            [260,350,270,170,110,180,160,60,0,90,180,150],
            [350,440,360,260,200,190,250,70,90,0,190,240],
            [440,530,450,350,290,240,340,120,180,190,0,330],
            [190,280,120,100,40,180,90,210,150,240,330,0]
        ],
        "weight_matrix": [
            [0,3,3,3,3,3,3,3,3,3,3,3],
            [3,0,3,3,3,3,3,3,3,3,3,3],
            [3,3,0,3,3,3,3,3,3,3,3,3],
            [3,3,3,0,3,3,3,3,3,3,3,3],
            [3,3,3,3,0,3,3,3,3,3,3,3],
            [3,3,3,3,3,0,3,3,3,3,3,3],
            [3,3,3,3,3,3,0,3,3,3,3,3],
            [3,3,3,3,3,3,3,0,3,3,3,3],
            [3,3,3,3,3,3,3,3,0,3,3,3],
            [3,3,3,3,3,3,3,3,3,0,3,3],
            [3,3,3,3,3,3,3,3,3,3,0,3],
            [3,3,3,3,3,3,3,3,3,3,3,0]
        ],
        "probability_matrix": [
            [0,0.1007690446670587,0.1776760535587598,0.12100833196470431,0.15340323063032096,0.022068199073273547,0.08144764706456908,0.009386597243394166,0.08634995441690499,0.10520471438931275,0.09903978174394547,0.04364644524775618],
            [0.18791318612091873,0,0.1943673857396478,0.018462232732292853,0.13151785074449493,0.008195775020382226,0.16728484997739854,0.01971438832565285,0.0522462534272211,0.018325781684162986,0.16264226240734267,0.03933003382048535],
            [0.133796866687222,0.03038874059845299,0,0.0010913266537956733,0.12110151217936319,0.07447602651040265,0.08277116172650396,0.13895387371041762,0.1324525594299329,0.09598310459560365,0.03546224121929821,0.15352258668900715],
            [0.08031209445698469,0.17847238096385926,0.14863959481433484,0,0.049506188767614936,0.06862918837441587,0.16097595653902017,0.16802306890658222,0.005382217337389116,0.08534728664237326,0.010704669276615226,0.04400735392081042],
            [0.13329238775097724,0.0981497346632723,0.15306601864427674,0.016243722987384877,0,0.09806393483924664,0.15338707090705608,0.03836172980540068,0.14599681640360154,0.1331906958816373,0.006985171764498645,0.023262716352647983],
            [0.1301586699160765,0.14527164033949877,0.1348202324249867,0.1088822355706834,0.09346515412804232,0,0.03434833553348787,0.012894266910657997,0.06469845032345228,0.05132479831364609,0.1378173760822161,0.08631884045725208],
            [0.11024525880435593,0.12175352255658223,0.06554862758465414,0.03408497863575097,0.14875087829730843,0.14354587164174926,0,0.13111575926837016,0.02880692919444448,0.0574399223728569,0.05867370576862503,0.10003454587530251],
            [0.03259261508646753,0.1514923848549589,0.0844497708993324,0.04022702408928162,0.10325009801268874,0.09970048883138691,0.06566646905960498,0,0.10759992809836885,0.023779356615659213,0.15152316315473743,0.1397187012975135],
            [0.1111779542521472,0.07199495453418966,0.07276188631819124,0.14017087158121405,0.1785547441542301,0.02908370629009345,0.007759276683218116,0.0944902341365266,0,0.13836073556645626,0.05705354250745193,0.09859209397628131],
            [0.09806585877225164,0.04441424998002888,0.09821052080989491,0.1159742101571261,0.03027680759128674,0.10901845396558224,0.11940020218693975,0.10058309758879262,0.08331227733047032,0,0.13278054786608184,0.06796377375154498],
            [0.12781990967401208,0.07773499998495384,0.020154686576081767,0.07126472382810053,0.041420134097756744,0.15273572932456145,0.04428017632827193,0.07104597390103522,0.16419780627838185,0.09800749023279935,0,0.13133836977404528],
            [0.024157146528127744,0.12390047457864681,0.15628411618832647,0.055888303511009055,0.11850037018983593,0.1051117552697091,0.10533542437187073,0.06722036976901195,0.11723867326705785,0.02839934964653664,0.09796401667986783,0]
        ],
        "city_names": ["Lausanne","Genève","Sion","Neuchâtel","Bern","Basel","Fribourg","Zürich","Aarau","Luzern","St-Gallen","Thun"],
        "reward_matrix": [
            [0,89805,77572,87766,77572,49030,87766,42913,55146,36797,18448,69417],
            [89805,0,59223,69417,59223,30681,69417,24565,36797,18448,100,51068],
            [77572,59223,0,63301,75533,46991,65340,40875,53107,34758,16410,83688],
            [87766,69417,63301,0,95921,67378,85727,61262,73495,55146,36797,87766],
            [77572,59223,75533,95921,0,79611,97960,73495,85727,67378,49030,99999],
            [49030,30681,46991,67378,79611,0,69417,83688,71456,69417,59223,71456],
            [87766,69417,65340,85727,97960,69417,0,63301,75533,57185,38836,89805],
            [42913,24565,40875,61262,73495,83688,63301,0,95921,93882,83688,65340],
            [55146,36797,53107,73495,85727,71456,75533,95921,0,89805,71456,77572],
            [36797,18448,34758,55146,67378,69417,57185,93882,89805,0,69417,59223],
            [18448,100,16410,36797,49030,59223,38836,83688,71456,69417,0,40875],
            [69417,51068,83688,87766,99999,71456,89805,65340,77572,59223,40875,0]
        ]
    },
    "vehicle_cost_per_km": [10,5,5,5,5,5,5,5,5,5,5,5],
    "vehicle_capacities": [15,15,15,30,30,30,30,30,30,30,30,30],
    "runs": [{
        "number_of_vehicles": 3,
        "avg_task_cost_vs_number_of_task": [1050,1375,983.3333333333334,1237.5,1080,900,771.4285714285714,675,644.4444444444445,650,590.9090909090909,595.8333333333334,565.3846153846154,517.8571428571429,506.6666666666667,537.5,535.2941176470588,550,455.2631578947368,530,523.8095238095239,490.90909090909093,452.17391304347825,487.5,490,501.9230769230769,487.037037037037,523.2142857142857,489.6551724137931,538.3333333333334]
    }]
}