{
    "vehicle_starting_positions": ["Lausanne","Genève","Sion","Neuchâtel","Bern","Basel","Fribourg","Zürich","Aarau","Luzern","St-Gallen","Thun"],
    "task_distribution": {
        "distance_matrix": [
            [0,90,150,100,150,290,100,320,260,350,440,190],
            [90,0,240,190,240,380,190,410,350,440,530,280],
            [150,240,0,220,160,300,210,330,270,360,450,120],
            [100,190,220,0,60,200,110,230,170,260,350,100],
            [150,240,160,60,0,140,50,170,110,200,290,40],
            [290,380,300,200,140,0,190,120,180,190,240,180],
            [100,190,210,110,50,190,0,220,160,250,340,90],
            [320,410,330,230,170,120,220,0,60,70,120,210],
            [260,350,270,170,110,180,160,60,0,90,180,150],
            [350,440,360,260,200,190,250,70,90,0,190,240],
            [440,530,450,350,290,240,340,120,180,190,0,330],
            [190,280,120,100,40,180,90,210,150,240,330,0]
        ],
        "weight_matrix": [
            [0,3,3,3,3,3,3,3,3,3,3,3],
            [3,0,3,3,3,3,3,3,3,3,3,3],
            [3,3,0,3,3,3,3,3,3,3,3,3],
            [3,3,3,0,3,3,3,3,3,3,3,3],
            [3,3,3,3,0,3,3,3,3,3,3,3],
            [3,3,3,3,3,0,3,3,3,3,3,3],
            [3,3,3,3,3,3,0,3,3,3,3,3],
            [3,3,3,3,3,3,3,0,3,3,3,3],
            [3,3,3,3,3,3,3,3,0,3,3,3],
            [3,3,3,3,3,3,3,3,3,0,3,3],
            [3,3,3,3,3,3,3,3,3,3,0,3],
            [3,3,3,3,3,3,3,3,3,3,3,0]
        ],
        "probability_matrix": [
            [0,0.10100511839824122,0.022396309718939758,0.12818917685777445,0.09753142731020475,0.1119911852018691,0.11538441960571075,0.14167738612668948,0.061141202210000294,0.11282064991467412,0.04115596653847265,0.0667071581174234],
            [0.07108533170728022,0,0.02208735607552773,0.12759659523602288,0.18045833567796124,0.11241025522482034,0.013750702174181713,0.07100773390657601,0.21278253883917603,0.14466411523256215,0.025310688063131494,0.018846347862760078],
            [0.12582036800328925,0.13575942486063633,0,0.027799217981943226,0.15230800309302545,0.03171888569663703,0.07670022100438843,0.004524870212673228,0.09596909403536247,0.1618806309788324,0.10943980822853602,0.07807947590467601],
            [0.10188983316330802,0.11182868661159004,0.1327506601425228,0,0.1668710322667592,0.07838528674202706,0.06086643973057992,7.738934608460766E-4,0.15181444058903015,4.916936301134267E-4,0.0672708503414581,0.12705718332176527],
            [0.08292883464488945,0.024842408405562243,0.04743015754936613,0.09876049160376071,0,0.10526310326534276,0.14527145933632302,0.17832063347350197,0.010370316913796548,0.1510451808478442,0.12826786678656626,0.027499547173046694],
            [0.08137847140638822,0.03476529485783278,0.015803673044118224,0.033977637813577044,0.07619976704099547,0,0.09156112827012296,0.10875605686913442,0.28788375708740493,0.01522441202007984,0.1317170535172206,0.12273274807312555],
            [0.17882648433235626,0.184764992091337,0.1069786368849483,0.15709401306612353,0.11766510720717119,0.059397892962467995,0,0.041247887474086135,0.026403997677860058,0.1124551776390409,7.253790771490034E-4,0.014440431587459564],
            [0.14466222051164374,0.09076456746209577,0.09531733352792933,0.002034106187883586,0.15081813223997975,0.09354586863234363,0.09842919274621421,0,0.15630856091458728,0.031412379439826915,0.12733063605234735,0.009377002285148643],
            [0.1352469878869303,0.09201544291015823,0.04597888096089157,0.09660511765206682,0.12135183149294956,0.09287141304558835,0.13845106097206253,0.1388759459022349,0,0.0705485580406834,0.060070144696890794,0.007984616439543674],
            [0.025165375131484854,0.11827633503137978,0.15868500398126353,0.0723368758548802,0.1235047462764383,0.10639860991025316,0.0461966651848727,0.048661675754832955,0.09972775736020989,0,0.09492014087073054,0.10612681464365385],
            [0.08943257257531091,0.18110288711450848,0.06532412125422499,0.025352156411640504,0.11397857068258185,0.14467900862138458,0.14940805286347272,0.057495973003129704,0.03753667697709961,0.03687120780306573,0,0.098818772693581],
            [0.1782719211274077,0.10968561792831913,0.19798869512815462,0.06453359071934439,0.03702526757807283,0.045495013995920555,0.01707562055046234,0.13019865103628128,0.04598160294360281,0.14986978621025335,0.02387423278218081,0]
        ],
        "city_names": ["Lausanne","Genève","Sion","Neuchâtel","Bern","Basel","Fribourg","Zürich","Aarau","Luzern","St-Gallen","Thun"],
        "reward_matrix": [
            [0,89805,77572,87766,77572,49030,87766,42913,55146,36797,18448,69417],
            [89805,0,59223,69417,59223,30681,69417,24565,36797,18448,100,51068],
            [77572,59223,0,63301,75533,46991,65340,40875,53107,34758,16410,83688],
            [87766,69417,63301,0,95921,67378,85727,61262,73495,55146,36797,87766],
            [77572,59223,75533,95921,0,79611,97960,73495,85727,67378,49030,99999],
            [49030,30681,46991,67378,79611,0,69417,83688,71456,69417,59223,71456],
            [87766,69417,65340,85727,97960,69417,0,63301,75533,57185,38836,89805],
            [42913,24565,40875,61262,73495,83688,63301,0,95921,93882,83688,65340],
            [55146,36797,53107,73495,85727,71456,75533,95921,0,89805,71456,77572],
            [36797,18448,34758,55146,67378,69417,57185,93882,89805,0,69417,59223],
            [18448,100,16410,36797,49030,59223,38836,83688,71456,69417,0,40875],
            [69417,51068,83688,87766,99999,71456,89805,65340,77572,59223,40875,0]
        ]
    },
    "vehicle_cost_per_km": [10,10,5,5,5,5,5,5,5,5,5,5],
    "vehicle_capacities": [10,10,10,30,30,30,30,30,30,30,30,30],
    "runs": [{
        "number_of_vehicles": 3,
        "avg_task_cost_vs_number_of_task": [1350,900,1100,1350,1080,1066.6666666666667,1078.5714285714287,943.75,838.8888888888889,850,772.7272727272727,708.3333333333334,800,696.4285714285714,850,815.625,861.7647058823529,883.3333333333334,947.3684210526316,730,759.5238095238095,820.4545454545455,850,883.3333333333334,844,848.0769230769231,877.7777777777778,812.5,812.0689655172414,868.3333333333334]
    }]
}