{
    "vehicle_starting_positions": ["Lausanne","Genève","Sion","Neuchâtel","Bern","Basel","Fribourg","Zürich","Aarau","Luzern","St-Gallen","Thun"],
    "task_distribution": {
        "distance_matrix": [
            [0,90,150,100,150,290,100,320,260,350,440,190],
            [90,0,240,190,240,380,190,410,350,440,530,280],
            [150,240,0,220,160,300,210,330,270,360,450,120],
            [100,190,220,0,60,200,110,230,170,260,350,100],
            [150,240,160,60,0,140,50,170,110,200,290,40],
            [290,380,300,200,140,0,190,120,180,190,240,180],
            [100,190,210,110,50,190,0,220,160,250,340,90],
            [320,410,330,230,170,120,220,0,60,70,120,210],
            [260,350,270,170,110,180,160,60,0,90,180,150],
            [350,440,360,260,200,190,250,70,90,0,190,240],
            [440,530,450,350,290,240,340,120,180,190,0,330],
            [190,280,120,100,40,180,90,210,150,240,330,0]
        ],
        "weight_matrix": [
            [0,3,3,3,3,3,3,3,3,3,3,3],
            [3,0,3,3,3,3,3,3,3,3,3,3],
            [3,3,0,3,3,3,3,3,3,3,3,3],
            [3,3,3,0,3,3,3,3,3,3,3,3],
            [3,3,3,3,0,3,3,3,3,3,3,3],
            [3,3,3,3,3,0,3,3,3,3,3,3],
            [3,3,3,3,3,3,0,3,3,3,3,3],
            [3,3,3,3,3,3,3,0,3,3,3,3],
            [3,3,3,3,3,3,3,3,0,3,3,3],
            [3,3,3,3,3,3,3,3,3,0,3,3],
            [3,3,3,3,3,3,3,3,3,3,0,3],
            [3,3,3,3,3,3,3,3,3,3,3,0]
        ],
        "probability_matrix": [
            [0,0.04221588017491371,0.05183836862684736,0.08316718116890752,0.09618893050064468,0.02537153512600339,0.18390712261708506,0.13533669061950757,0.08304738280542222,0.04519962396399541,0.12917800534528873,0.12454927905138417],
            [0.07508940805694311,0,0.057853292191265476,0.05497375092598446,0.1775502497867526,0.07562990445666042,0.01705424652624287,0.10646264304752215,0.06003558179167424,0.07616404543338547,0.21155557634822147,0.08763130143534809],
            [0.023849892822617416,0.18420258004758366,0,0.006125482649616118,0.04280535199326134,0.16458759370330836,0.08946212184726346,0.12556634118359405,0.015775977369735232,0.0821430074804032,0.07840826211201385,0.18707338879060326],
            [0.1744914796038404,0.0030713101430630747,0.021287792807067687,0,0.04518585970549115,0.2150203883686551,0.006583965143044806,0.20247878670320626,0.10746005073977268,0.023089513397948996,0.017778012867339706,0.18355284052057028],
            [0.1161147649740972,0.08096903401944977,0.13749634815370373,0.0795193199810036,0,0.07261596123433135,0.119174833620569,0.06808107087819677,0.08178271413996373,0.002145226714487283,0.12595551241284875,0.11614521387134859],
            [0.10951206165285586,0.13324357276951818,0.09347206375500433,0.16564506573820412,0.11113413582174393,0,0.05585759115511313,0.058094363001492066,0.09009030083509992,0.013178998914988301,0.08277986406094591,0.08699198229503423],
            [0.08920776513193322,0.011789906005958585,0.07501475963187983,0.08040026327407213,0.05720209036438987,0.12737112157063762,0,0.16189051871308255,0.0855105859403385,0.08263191522678998,0.10042729182684605,0.12855378231407188],
            [0.12725747140671048,0.1265948107335814,0.06437026611741627,0.08623289753974873,0.10778644231351123,0.05001520845176221,0.08184708410530238,0,0.08688971998986686,0.06410716943687897,0.08983357955096838,0.11506535035425315],
            [0.030644150197099713,0.05263173006007434,0.13256051809707492,0.05344004760119584,0.08367717670185602,0.20253699652541518,0.09880234923534281,0.09669900401758254,0,0.011489802561979127,0.19226926897922977,0.045248956023149725],
            [0.12540618727334732,0.12005480299870216,0.04322374877012546,1.1883719053665465E-4,0.11114488361838651,0.12389759788217293,0.10886103241949735,0.10418338147530411,0.089715247636279,0,0.1315576980025349,0.041836582733113664],
            [0.024889394242706833,0.07955082536414904,0.08281162547261342,0.09038109593713946,0.1143930072730348,0.11129445255079558,0.05523893685424916,0.10525355142831533,0.11644410980733462,0.11671522007670487,0,0.10302778099295695],
            [0.12104774290387096,0.14722064056846257,0.15159787464737812,0.1275519998179464,0.05375317830249421,0.019444148982456843,0.0062300222205798825,0.05926230534120117,0.1431461889461283,0.0770682726080805,0.09367762566140098,0]
        ],
        "city_names": ["Lausanne","Genève","Sion","Neuchâtel","Bern","Basel","Fribourg","Zürich","Aarau","Luzern","St-Gallen","Thun"],
        "reward_matrix": [
            [0,89805,77572,87766,77572,49030,87766,42913,55146,36797,18448,69417],
            [89805,0,59223,69417,59223,30681,69417,24565,36797,18448,100,51068],
            [77572,59223,0,63301,75533,46991,65340,40875,53107,34758,16410,83688],
            [87766,69417,63301,0,95921,67378,85727,61262,73495,55146,36797,87766],
            [77572,59223,75533,95921,0,79611,97960,73495,85727,67378,49030,99999],
            [49030,30681,46991,67378,79611,0,69417,83688,71456,69417,59223,71456],
            [87766,69417,65340,85727,97960,69417,0,63301,75533,57185,38836,89805],
            [42913,24565,40875,61262,73495,83688,63301,0,95921,93882,83688,65340],
            [55146,36797,53107,73495,85727,71456,75533,95921,0,89805,71456,77572],
            [36797,18448,34758,55146,67378,69417,57185,93882,89805,0,69417,59223],
            [18448,100,16410,36797,49030,59223,38836,83688,71456,69417,0,40875],
            [69417,51068,83688,87766,99999,71456,89805,65340,77572,59223,40875,0]
        ]
    },
    "vehicle_cost_per_km": [10,5,10,5,5,5,5,5,5,5,5,5],
    "vehicle_capacities": [15,15,15,30,30,30,30,30,30,30,30,30],
    "runs": [{
        "number_of_vehicles": 3,
        "avg_task_cost_vs_number_of_task": [2650,1525,1016.6666666666666,912.5,910,808.3333333333334,842.8571428571429,993.75,927.7777777777778,835,913.6363636363636,800,776.9230769230769,714.2857142857143,830,718.75,697.0588235294117,661.1111111111111,700,687.5,623.8095238095239,650,715.2173913043479,660.4166666666666,596,719.2307692307693,777.7777777777778,716.0714285714286,772.4137931034483,710]
    }]
}