{
    "vehicle_starting_positions": ["Lausanne","Genève","Sion","Neuchâtel","Bern","Basel","Fribourg","Zürich","Aarau","Luzern","St-Gallen","Thun"],
    "task_distribution": {
        "distance_matrix": [
            [0,90,150,100,150,290,100,320,260,350,440,190],
            [90,0,240,190,240,380,190,410,350,440,530,280],
            [150,240,0,220,160,300,210,330,270,360,450,120],
            [100,190,220,0,60,200,110,230,170,260,350,100],
            [150,240,160,60,0,140,50,170,110,200,290,40],
            [290,380,300,200,140,0,190,120,180,190,240,180],
            [100,190,210,110,50,190,0,220,160,250,340,90],
            [320,410,330,230,170,120,220,0,60,70,120,210],
            [260,350,270,170,110,180,160,60,0,90,180,150],
            [350,440,360,260,200,190,250,70,90,0,190,240],
            [440,530,450,350,290,240,340,120,180,190,0,330],
            [190,280,120,100,40,180,90,210,150,240,330,0]
        ],
        "weight_matrix": [
            [0,3,3,3,3,3,3,3,3,3,3,3],
            [3,0,3,3,3,3,3,3,3,3,3,3],
            [3,3,0,3,3,3,3,3,3,3,3,3],
            [3,3,3,0,3,3,3,3,3,3,3,3],
            [3,3,3,3,0,3,3,3,3,3,3,3],
            [3,3,3,3,3,0,3,3,3,3,3,3],
            [3,3,3,3,3,3,0,3,3,3,3,3],
            [3,3,3,3,3,3,3,0,3,3,3,3],
            [3,3,3,3,3,3,3,3,0,3,3,3],
            [3,3,3,3,3,3,3,3,3,0,3,3],
            [3,3,3,3,3,3,3,3,3,3,0,3],
            [3,3,3,3,3,3,3,3,3,3,3,0]
        ],
        "probability_matrix": [
            [0,0.051347869556186,0.1916742201541567,0.014552760694809298,0.015322523666898602,0.004229364642029762,0.10575840669680507,0.10670124490183115,0.021907720663457954,0.11690894342348979,0.1663613533727521,0.2052355922275836],
            [0.10223714923782756,0,0.12817564475853227,0.16337961227634254,0.05370312484301049,0.08164859203200638,0.09298927690941057,0.12799943632688504,0.10205364986248414,0.04098748523238413,0.0434661530421827,0.06335987547893426],
            [0.0037943592855335453,0.12369325324721336,0,0.11522776549613575,0.08552357682699234,0.16137323649882973,0.037357697481912706,0.14738831877374894,0.05445117947907405,0.06626728776266484,0.14319317405462817,0.06173015109326653],
            [0.17298715896614866,0.001886124339420354,0.10442291029665432,0,0.052983305561636045,0.07813054536253082,0.08428351253179436,0.007414559993900258,0.15227111673452887,0.06767498468030159,0.14828691355888898,0.12965886797419582],
            [0.13269646795389076,0.0033958455843197386,0.07270108469305589,0.04641829472829343,0,0.022326178247275744,0.032794650542829346,0.1726247536841672,0.12739057130886977,0.06471685818012417,0.16808959776193824,0.15684569731523573],
            [0.1725512411913049,0.10597995530951612,0.037963191002067805,0.06608132987345862,0.1550108053036461,0,0.00983657160831028,0.1331485377005236,0.035403096773339415,0.07103039093160629,0.06850037341498609,0.1444945068912407],
            [0.15555768599135184,0.14902557789634857,0.15150567004049426,0.03862934636442655,0.04891813014932292,0.1297315449305389,0,0.055552978007991506,0.04807702655619289,0.0073364135817203914,0.07717730506361914,0.13848832141799283],
            [0.11725883625416232,0.1578968791811474,0.06167839457940149,0.14987588742265995,0.08079570487850903,0.10538129377023554,0.0379914634819322,0,0.09905554217051281,0.14163297670843916,0.017764998976891117,0.030668022576108935],
            [0.14508616791042445,0.06134296143068995,0.18446808917370164,0.04033932029655032,0.10166739432667797,0.06615951821473802,0.054956079678596136,0.09754029152455215,0,0.023849263329584282,0.19997394539691826,0.024616968717566672],
            [0.023619407494998634,0.03766946496684292,0.06872431671440768,0.1967834950338399,0.07735219710693599,0.12354529224837042,0.10466239120165935,0.05164121594251273,0.13154786553843917,0,0.05362186264638007,0.13083249110561324],
            [0.09135201214811156,0.0697492759968684,0.06185373888660989,0.1506223609319485,0.007147602413356185,0.08707996360218395,0.10280649605781975,0.09678402164235825,0.05128162558766641,0.1370518642929754,0,0.14427103844010164],
            [0.14244251280208675,0.12129636465280987,0.06484374332731234,0.05305594669444592,0.017472609531016967,0.10829654948704986,0.14580315370828004,0.07024298947858164,0.14781814351913433,0.056395461548619394,0.07233252525066286,0]
        ],
        "city_names": ["Lausanne","Genève","Sion","Neuchâtel","Bern","Basel","Fribourg","Zürich","Aarau","Luzern","St-Gallen","Thun"],
        "reward_matrix": [
            [0,89805,77572,87766,77572,49030,87766,42913,55146,36797,18448,69417],
            [89805,0,59223,69417,59223,30681,69417,24565,36797,18448,100,51068],
            [77572,59223,0,63301,75533,46991,65340,40875,53107,34758,16410,83688],
            [87766,69417,63301,0,95921,67378,85727,61262,73495,55146,36797,87766],
            [77572,59223,75533,95921,0,79611,97960,73495,85727,67378,49030,99999],
            [49030,30681,46991,67378,79611,0,69417,83688,71456,69417,59223,71456],
            [87766,69417,65340,85727,97960,69417,0,63301,75533,57185,38836,89805],
            [42913,24565,40875,61262,73495,83688,63301,0,95921,93882,83688,65340],
            [55146,36797,53107,73495,85727,71456,75533,95921,0,89805,71456,77572],
            [36797,18448,34758,55146,67378,69417,57185,93882,89805,0,69417,59223],
            [18448,100,16410,36797,49030,59223,38836,83688,71456,69417,0,40875],
            [69417,51068,83688,87766,99999,71456,89805,65340,77572,59223,40875,0]
        ]
    },
    "vehicle_cost_per_km": [5,5,10,5,5,5,5,5,5,5,5,5],
    "vehicle_capacities": [10,10,10,30,30,30,30,30,30,30,30,30],
    "runs": [{
        "number_of_vehicles": 3,
        "avg_task_cost_vs_number_of_task": [3050,2075,1383.3333333333333,1562.5,1250,1116.6666666666667,964.2857142857143,937.5,894.4444444444445,810,809.0909090909091,804.1666666666666,784.6153846153846,728.5714285714286,706.6666666666666,665.625,711.7647058823529,719.4444444444445,647.3684210526316,645,580.952380952381,615.9090909090909,578.2608695652174,577.0833333333334,594,632.6923076923077,562.9629629629629,675,686.2068965517242,708.3333333333334]
    }]
}