{
    "vehicle_starting_positions": ["Amsterdam","Rotterdam","Den Haag","Utrecht","Eindhoven","Almere","Groningen","Nijmegen","Breda","Apeldoorn"],
    "task_distribution": {
        "distance_matrix": [
            [0,90.6,65.2,45.6,137.5,31.9,185.9,132,119.1,90.2],
            [90.6,0,25.4,62.3,110.8,105.6,259.6,112,48.6,129.3],
            [65.2,25.4,0,87.7,136.2,97.1,251.1,137.4,74,154.7],
            [45.6,62.3,87.7,0,91.9,43.3,197.3,86.4,73.5,67],
            [137.5,110.8,136.2,91.9,0,135.2,268.3,70.2,62.2,127.3],
            [31.9,105.6,97.1,43.3,135.2,0,154,129.7,116.8,80.1],
            [185.9,259.6,251.1,197.3,268.3,154,0,198.1,270.8,141],
            [132,112,137.4,86.4,70.2,129.7,198.1,0,96.2,57.1],
            [119.1,48.6,74,73.5,62.2,116.8,270.8,96.2,0,140.5],
            [90.2,129.3,154.7,67,127.3,80.1,141,57.1,140.5,0]
        ],
        "weight_matrix": [
            [0,3,3,3,3,3,3,3,3,3],
            [3,0,3,3,3,3,3,3,3,3],
            [3,3,0,3,3,3,3,3,3,3],
            [3,3,3,0,3,3,3,3,3,3],
            [3,3,3,3,0,3,3,3,3,3],
            [3,3,3,3,3,0,3,3,3,3],
            [3,3,3,3,3,3,0,3,3,3],
            [3,3,3,3,3,3,3,0,3,3],
            [3,3,3,3,3,3,3,3,0,3],
            [3,3,3,3,3,3,3,3,3,0]
        ],
        "probability_matrix": [
            [0,0.04764469383512654,0.13515668692252536,0.16930226879734528,0.19033327093876035,0.13900991157507908,0.040759539984789935,0.02355573556647962,0.1858314420761011,0.06840645030379273],
            [0.08809544891629707,0,0.08416650358595067,0.06997094032077122,0.16073912339746566,0.12266825798983655,0.11713952727371756,0.12889090743545897,0.13054661131968753,0.0977826797608148],
            [0.11404965982193899,0.016051204572513335,0,0.09429334639035772,0.15806588335501592,0.12325261242002232,0.08917521034661688,0.08354752611795384,0.23661093751339204,0.08495361946218913],
            [0.16835581163582458,0.05542512253756678,0.050022405374461926,0,0.08098921481798707,0.09048003309096357,0.1832499767716844,0.10823693189686447,0.16566340038716998,0.09757710348747733],
            [0.14674236948484126,0.11535070407021607,0.15689353534953318,0.1640034898434651,0,0.09369420987303603,0.11093095703291024,0.00803360473090616,0.06783849858115296,0.13651263103393915],
            [0.09107683557567015,0.10091023278434315,0.10296237540196619,0.15596238799390977,0.09690874650256956,0,0.15170750790819082,0.11911317380333152,0.11644855023293876,0.06491018979708008],
            [0.07995161579678549,0.005577416676886388,0.17262941449714522,0.1429246071998043,0.030773379594365224,0.19728614542816467,0,0.1895899915634082,0.08439509469952562,0.09687233454391497],
            [0.016598621842724596,0.10019583790249863,0.126813800977224,0.08599298839157939,0.17966844098893722,0.22088198246893737,0.13849105400086123,0,0.04681667722826446,0.08454059619897318],
            [0.18241391121845402,0.05999509021146744,0.09363347143193042,0.11481935772893881,0.07977035672887998,0.042960967061001235,0.15198305679499916,0.1893813624285466,0,0.08504242639578229],
            [0.19928797914663143,0.058844385511317744,0.18842821427620327,0.19515542200227953,0.05239359589400852,0.0175422818428067,0.007168124525485399,0.11493336203577485,0.16624663476549242,0]
        ],
        "city_names": ["Amsterdam","Rotterdam","Den Haag","Utrecht","Eindhoven","Almere","Groningen","Nijmegen","Breda","Apeldoorn"],
        "reward_matrix": [
            [0,73456,83796,91775,54364,97352,34661,56603,61855,73619],
            [73456,0,99999,84977,65233,67350,4659,64745,90554,57702],
            [83796,99999,0,74637,54893,70810,8119,54405,80214,47362],
            [91775,84977,74637,0,72927,92712,30020,75166,80418,83064],
            [54364,65233,54893,72927,0,55300,1117,81761,85018,58516],
            [97352,67350,70810,92712,55300,0,47647,57539,62791,77731],
            [34661,4659,8119,30020,1117,47647,0,29695,100,52939],
            [56603,64745,54405,75166,81761,57539,29695,0,71177,87094],
            [61855,90554,80214,80418,85018,62791,100,71177,0,53143],
            [73619,57702,47362,83064,58516,77731,52939,87094,53143,0]
        ]
    },
    "vehicle_cost_per_km": [10,5,10,5,5,5,5,5,5,5],
    "vehicle_capacities": [5,5,5,5,20,30,30,30,30,30],
    "runs": [{
        "number_of_vehicles": 3,
        "avg_task_cost_vs_number_of_task": [456,500,632.8333333333334,721.25,634,604.3333333333334,658.9285714285714,690.4374999999999,745.4444444444445,743.2999999999998,689.1818181818181,692.9999999999999,682.6153846153845,656.642857142857,701.0999999999999,686.25,641.9411764705883,625.1111111111111,634.5263157894736,689.425,690.2857142857143,645.1363636363636,683.8043478260869,622.1874999999999,717.34,719.9423076923077,743.111111111111,712.3035714285714,694.5689655172413,661.2166666666667]
    }]
}