{
    "vehicle_starting_positions": ["Amsterdam","Rotterdam","Den Haag","Utrecht","Eindhoven","Almere","Groningen","Nijmegen","Breda","Apeldoorn"],
    "task_distribution": {
        "distance_matrix": [
            [0,90.6,65.2,45.6,137.5,31.9,185.9,132,119.1,90.2],
            [90.6,0,25.4,62.3,110.8,105.6,259.6,112,48.6,129.3],
            [65.2,25.4,0,87.7,136.2,97.1,251.1,137.4,74,154.7],
            [45.6,62.3,87.7,0,91.9,43.3,197.3,86.4,73.5,67],
            [137.5,110.8,136.2,91.9,0,135.2,268.3,70.2,62.2,127.3],
            [31.9,105.6,97.1,43.3,135.2,0,154,129.7,116.8,80.1],
            [185.9,259.6,251.1,197.3,268.3,154,0,198.1,270.8,141],
            [132,112,137.4,86.4,70.2,129.7,198.1,0,96.2,57.1],
            [119.1,48.6,74,73.5,62.2,116.8,270.8,96.2,0,140.5],
            [90.2,129.3,154.7,67,127.3,80.1,141,57.1,140.5,0]
        ],
        "weight_matrix": [
            [0,3,3,3,3,3,3,3,3,3],
            [3,0,3,3,3,3,3,3,3,3],
            [3,3,0,3,3,3,3,3,3,3],
            [3,3,3,0,3,3,3,3,3,3],
            [3,3,3,3,0,3,3,3,3,3],
            [3,3,3,3,3,0,3,3,3,3],
            [3,3,3,3,3,3,0,3,3,3],
            [3,3,3,3,3,3,3,0,3,3],
            [3,3,3,3,3,3,3,3,0,3],
            [3,3,3,3,3,3,3,3,3,0]
        ],
        "probability_matrix": [
            [0,0.10027331513414499,0.09115168742586205,0.051819354600278755,0.16641890355944822,0.020386539155462402,0.1525518437733525,0.1841168358188968,0.15759726094749113,0.07568425958506307],
            [0.0399626913577274,0,0.08006108560425097,0.139128187022705,0.16615114017050428,0.08787909330618028,0.12123965592545316,0.13960403399984073,0.2140070545506287,0.011967058062709627],
            [0.008691041736619469,0.10454445093508431,0,0.16299941378840266,0.07837827894621649,0.2202381765197036,0.08537466672487712,0.012494350446938496,0.14530629224227964,0.18197332865987842],
            [0.1692694485470516,0.09927853359012995,0.039251647957084954,0,0.1427332860521617,0.0688755018551727,0.0359568908221673,0.17081578691913707,0.21463270165170076,0.059186202605393985],
            [0.20035798334618635,0.07776402794336804,0.13696894649705596,0.03021401508415131,0,0.025815490631930293,0.12031061839811168,0.2333180543262251,0.06211494805845725,0.1131359157145141],
            [0.1065695656705603,0.16723594567863143,0.17119944404951867,0.03566651084910009,0.05940294768461939,0,0.17185926062775245,0.032464014966037534,0.09389328737976585,0.1617090230940143],
            [0.11343873087958731,0.05957778572917715,0.17435374052658734,0.011868865726875753,0.11144952821263755,0.1818844573280055,0,0.17467379041371967,0.1293383158583914,0.043414785325018315],
            [0.05493558414968468,0.02107755455159733,0.15415099832704948,0.045766643454326704,0.06070514892680978,0.20310072576873256,0.11406332879348602,0,0.16547444274237907,0.1807255732859343],
            [0.14109225541071155,0.22810218981856853,0.06352335431720683,0.015010708518181337,0.10092243076062882,0.22443789120232854,0.003797869400539989,0.027259245797853392,0,0.19585405477398116],
            [0.11456519470672273,0.12012680769228107,0.1216268856624389,0.1267618403469551,0.12453671564668693,0.10767716944527542,0.113378691250525,0.07383135023346649,0.09749534501564841,0]
        ],
        "city_names": ["Amsterdam","Rotterdam","Den Haag","Utrecht","Eindhoven","Almere","Groningen","Nijmegen","Breda","Apeldoorn"],
        "reward_matrix": [
            [0,73456,83796,91775,54364,97352,34661,56603,61855,73619],
            [73456,0,99999,84977,65233,67350,4659,64745,90554,57702],
            [83796,99999,0,74637,54893,70810,8119,54405,80214,47362],
            [91775,84977,74637,0,72927,92712,30020,75166,80418,83064],
            [54364,65233,54893,72927,0,55300,1117,81761,85018,58516],
            [97352,67350,70810,92712,55300,0,47647,57539,62791,77731],
            [34661,4659,8119,30020,1117,47647,0,29695,100,52939],
            [56603,64745,54405,75166,81761,57539,29695,0,71177,87094],
            [61855,90554,80214,80418,85018,62791,100,71177,0,53143],
            [73619,57702,47362,83064,58516,77731,52939,87094,53143,0]
        ]
    },
    "vehicle_cost_per_km": [5,5,10,5,5,5,5,5,5,5],
    "vehicle_capacities": [15,15,15,5,20,30,30,30,30,30],
    "runs": [{
        "number_of_vehicles": 3,
        "avg_task_cost_vs_number_of_task": [486,934.25,789.6666666666666,783.25,658.1999999999999,598.2500000000001,548.7142857142857,516.75,484.1111111111111,435.7,396.09090909090907,399.3333333333333,382.53846153846155,360.2857142857143,370.36666666666673,349.9062500000001,333.7352941176471,341.5833333333334,320.36842105263156,319.35,317.9047619047619,312.56818181818176,340.0869565217392,299.625,303.96,294.07692307692315,312.3333333333334,305.25,311.94827586206895,319.0833333333333]
    }]
}