{
    "vehicle_starting_positions": ["Amsterdam","Rotterdam","Den Haag","Utrecht","Eindhoven","Almere","Groningen","Nijmegen","Breda","Apeldoorn"],
    "task_distribution": {
        "distance_matrix": [
            [0,90.6,65.2,45.6,137.5,31.9,185.9,132,119.1,90.2],
            [90.6,0,25.4,62.3,110.8,105.6,259.6,112,48.6,129.3],
            [65.2,25.4,0,87.7,136.2,97.1,251.1,137.4,74,154.7],
            [45.6,62.3,87.7,0,91.9,43.3,197.3,86.4,73.5,67],
            [137.5,110.8,136.2,91.9,0,135.2,268.3,70.2,62.2,127.3],
            [31.9,105.6,97.1,43.3,135.2,0,154,129.7,116.8,80.1],
            [185.9,259.6,251.1,197.3,268.3,154,0,198.1,270.8,141],
            [132,112,137.4,86.4,70.2,129.7,198.1,0,96.2,57.1],
            [119.1,48.6,74,73.5,62.2,116.8,270.8,96.2,0,140.5],
            [90.2,129.3,154.7,67,127.3,80.1,141,57.1,140.5,0]
        ],
        "weight_matrix": [
            [0,3,3,3,3,3,3,3,3,3],
            [3,0,3,3,3,3,3,3,3,3],
            [3,3,0,3,3,3,3,3,3,3],
            [3,3,3,0,3,3,3,3,3,3],
            [3,3,3,3,0,3,3,3,3,3],
            [3,3,3,3,3,0,3,3,3,3],
            [3,3,3,3,3,3,0,3,3,3],
            [3,3,3,3,3,3,3,0,3,3],
            [3,3,3,3,3,3,3,3,0,3],
            [3,3,3,3,3,3,3,3,3,0]
        ],
        "probability_matrix": [
            [0,0.01826878577351484,0.06079540605049858,0.1634713892277526,0.10483089437063771,0.10957999764250662,0.09367318777669592,0.1462387344650268,0.13226120544349287,0.17088039924987392],
            [0.11339863809080969,0,0.04180934078959472,0.14442122001293234,0.1100979476433216,0.1705519937480515,0.03458990751906663,0.17763142590243683,0.14419113596089844,0.06330839033288829],
            [0.1820062399589394,0.15624967688949873,0,0.004283702364774269,0.1631024523565193,0.09776999365327933,0.11456203730043336,0.12504281841073092,0.03251944177076886,0.12446363729505587],
            [0.06275858898353767,0.016914438041496786,0.01892514839259652,0,0.2113171202520218,0.10218098452495161,0.17207571199348726,0.19415671873940393,0.06580928001631772,0.15586200905618672],
            [0.04286967274286917,0.09736612890104586,0.10149090119933755,0.051316184013494755,0,0.2237600225631373,0.2151077799026938,0.09659442172407524,0.154693384807317,0.016801504146029225],
            [0.027193452717999084,0.06414913460989954,0.21567052286167238,0.011807516109142074,0.03049470328170632,0,0.16471554294555127,0.19612157047120907,0.01969073018569066,0.2701568268171297],
            [0.046170192400219835,0.16112406468223212,0.11565612292206795,0.03260072584238677,0.13779193609003088,0.12471453935624646,0,0.10630043969366425,0.13829425417766028,0.1373477248354915],
            [0.16469968280850728,0.01251066872487844,0.028033233380347796,0.1049787037933456,0.17914409357647207,0.15613523775720475,0.13368976455267573,0,0.19076378327501364,0.03004483213155464],
            [0.10701852367020925,0.2538930804846932,0.0486400148337151,0.002640668017308343,0.05416211257821896,0.08450838991268943,0.1872455200960583,0.1419800310563965,0,0.11991165935071083],
            [0.1403003627758008,0.12445592102759308,0.01598729909237701,0.14464691338386176,0.13595975049043393,0.05499776051457116,0.10198412589203325,0.14251234047694517,0.13915552634638367,0]
        ],
        "city_names": ["Amsterdam","Rotterdam","Den Haag","Utrecht","Eindhoven","Almere","Groningen","Nijmegen","Breda","Apeldoorn"],
        "reward_matrix": [
            [0,73456,83796,91775,54364,97352,34661,56603,61855,73619],
            [73456,0,99999,84977,65233,67350,4659,64745,90554,57702],
            [83796,99999,0,74637,54893,70810,8119,54405,80214,47362],
            [91775,84977,74637,0,72927,92712,30020,75166,80418,83064],
            [54364,65233,54893,72927,0,55300,1117,81761,85018,58516],
            [97352,67350,70810,92712,55300,0,47647,57539,62791,77731],
            [34661,4659,8119,30020,1117,47647,0,29695,100,52939],
            [56603,64745,54405,75166,81761,57539,29695,0,71177,87094],
            [61855,90554,80214,80418,85018,62791,100,71177,0,53143],
            [73619,57702,47362,83064,58516,77731,52939,87094,53143,0]
        ]
    },
    "vehicle_cost_per_km": [5,5,5,5,5,5,5,5,5,5],
    "vehicle_capacities": [5,5,5,5,20,30,30,30,30,30],
    "runs": [{
        "number_of_vehicles": 3,
        "avg_task_cost_vs_number_of_task": [560,422.75,751.8333333333334,703.875,1020.8,967.6666666666665,935.642857142857,890.0624999999998,896.4999999999998,872.4499999999998,873.2727272727271,843.9166666666665,820.6538461538458,796.8928571428569,806.9666666666665,785.0937499999999,775.4999999999999,777.222222222222,736.315789473684,720.5499999999998,695.4761904761903,677.4545454545455,734.1304347826084,746.8749999999997,731.2599999999999,739.5961538461537,724.6296296296293,719.1428571428569,728.4137931034481,720.1666666666664]
    }]
}