{
    "vehicle_starting_positions": ["Amsterdam","Rotterdam","Den Haag","Utrecht","Eindhoven","Almere","Groningen","Nijmegen","Breda","Apeldoorn"],
    "task_distribution": {
        "distance_matrix": [
            [0,90.6,65.2,45.6,137.5,31.9,185.9,132,119.1,90.2],
            [90.6,0,25.4,62.3,110.8,105.6,259.6,112,48.6,129.3],
            [65.2,25.4,0,87.7,136.2,97.1,251.1,137.4,74,154.7],
            [45.6,62.3,87.7,0,91.9,43.3,197.3,86.4,73.5,67],
            [137.5,110.8,136.2,91.9,0,135.2,268.3,70.2,62.2,127.3],
            [31.9,105.6,97.1,43.3,135.2,0,154,129.7,116.8,80.1],
            [185.9,259.6,251.1,197.3,268.3,154,0,198.1,270.8,141],
            [132,112,137.4,86.4,70.2,129.7,198.1,0,96.2,57.1],
            [119.1,48.6,74,73.5,62.2,116.8,270.8,96.2,0,140.5],
            [90.2,129.3,154.7,67,127.3,80.1,141,57.1,140.5,0]
        ],
        "weight_matrix": [
            [0,3,3,3,3,3,3,3,3,3],
            [3,0,3,3,3,3,3,3,3,3],
            [3,3,0,3,3,3,3,3,3,3],
            [3,3,3,0,3,3,3,3,3,3],
            [3,3,3,3,0,3,3,3,3,3],
            [3,3,3,3,3,0,3,3,3,3],
            [3,3,3,3,3,3,0,3,3,3],
            [3,3,3,3,3,3,3,0,3,3],
            [3,3,3,3,3,3,3,3,0,3],
            [3,3,3,3,3,3,3,3,3,0]
        ],
        "probability_matrix": [
            [0,0.20123778476306095,0.16532943110445789,3.518622491495713E-4,0.1773824996436962,0.03959313051587674,0.18464161705153784,0.04087786787736545,0.09876939846090328,0.09181640833395209],
            [0.11241382021360162,0,0.1436631807008288,0.13564685573022411,0.09989545973433561,0.12205058480807604,0.09851250680615302,0.14618989715369507,0.02670163927366244,0.1149260555794233],
            [0.0731856062263959,0.00851232230116114,0,0.0431412946287653,0.10038751978969339,0.1317921232257028,0.028916256857358436,0.22027432597416008,0.21944202284986214,0.17434852814690077],
            [0.04294992497320379,0.126952286360958,0.2150558732001389,0,0.04850648230467815,0.12167169593853125,0.1100521898527987,0.20430915057360946,0.108949068534505,0.021553328261576837],
            [0.13433620827245696,0.04320178480565397,0.13473322317339947,0.12811214851353672,0,0.12446358491176228,0.06987247288157568,0.12645586708608403,0.12434435313537327,0.11448035722015788],
            [0.1685210041785837,0.09258054987826357,0.027705438397784936,0.1882269119960218,0.11310820530990888,0,0.22632328184602832,0.1683198255743047,0.009608891086459544,0.005605891732644631],
            [0.008749981432403046,0.09521883587878703,0.03882932377301488,0.09125497791261389,0.2027887770280305,0.07837422663737201,0,0.12036266401836546,0.19770519283971283,0.1667160204797004],
            [0.018759177625596094,0.2268238916860215,0.17599772062625776,0.017015884086295334,0.010747391944834215,0.2092084754403706,0.08737658366833152,0,0.0648356372751473,0.18923523764714587],
            [0.07347786712227193,0.19461046481952687,0.17446285550748317,0.13442409169032146,0.03436022213399544,0.11631550631790291,0.10941858007893288,0.15004287256117557,0,0.012887539768389772],
            [0.016693912268322866,0.09368438181408242,0.03404250067081994,0.14237448792400637,0.1114166424201116,0.285424628678465,0.1901829948409059,0.02910514042692804,0.09707531095635795,0]
        ],
        "city_names": ["Amsterdam","Rotterdam","Den Haag","Utrecht","Eindhoven","Almere","Groningen","Nijmegen","Breda","Apeldoorn"],
        "reward_matrix": [
            [0,73456,83796,91775,54364,97352,34661,56603,61855,73619],
            [73456,0,99999,84977,65233,67350,4659,64745,90554,57702],
            [83796,99999,0,74637,54893,70810,8119,54405,80214,47362],
            [91775,84977,74637,0,72927,92712,30020,75166,80418,83064],
            [54364,65233,54893,72927,0,55300,1117,81761,85018,58516],
            [97352,67350,70810,92712,55300,0,47647,57539,62791,77731],
            [34661,4659,8119,30020,1117,47647,0,29695,100,52939],
            [56603,64745,54405,75166,81761,57539,29695,0,71177,87094],
            [61855,90554,80214,80418,85018,62791,100,71177,0,53143],
            [73619,57702,47362,83064,58516,77731,52939,87094,53143,0]
        ]
    },
    "vehicle_cost_per_km": [5,15,10,5,5,5,5,5,5,5],
    "vehicle_capacities": [10,10,10,5,20,30,30,30,30,30],
    "runs": [{
        "number_of_vehicles": 3,
        "avg_task_cost_vs_number_of_task": [687.5,687.5,614.1666666666666,460.62499999999994,435.5,497.1666666666667,451.42857142857144,492.81249999999994,435.8333333333333,414.85,479,497.8333333333334,490.1153846153847,479.64285714285717,489.8,499.25,496.61764705882365,495.94444444444457,458.7368421052632,470.85,482.42857142857144,484.29545454545445,471.9565217391305,472.4583333333335,493.96,427.15384615384613,476.9629629629628,501.57142857142844,495.4137931034482,438.25]
    }]
}