{
    "vehicle_starting_positions": ["Amsterdam","Rotterdam","Den Haag","Utrecht","Eindhoven","Almere","Groningen","Nijmegen","Breda","Apeldoorn"],
    "task_distribution": {
        "distance_matrix": [
            [0,90.6,65.2,45.6,137.5,31.9,185.9,132,119.1,90.2],
            [90.6,0,25.4,62.3,110.8,105.6,259.6,112,48.6,129.3],
            [65.2,25.4,0,87.7,136.2,97.1,251.1,137.4,74,154.7],
            [45.6,62.3,87.7,0,91.9,43.3,197.3,86.4,73.5,67],
            [137.5,110.8,136.2,91.9,0,135.2,268.3,70.2,62.2,127.3],
            [31.9,105.6,97.1,43.3,135.2,0,154,129.7,116.8,80.1],
            [185.9,259.6,251.1,197.3,268.3,154,0,198.1,270.8,141],
            [132,112,137.4,86.4,70.2,129.7,198.1,0,96.2,57.1],
            [119.1,48.6,74,73.5,62.2,116.8,270.8,96.2,0,140.5],
            [90.2,129.3,154.7,67,127.3,80.1,141,57.1,140.5,0]
        ],
        "weight_matrix": [
            [0,3,3,3,3,3,3,3,3,3],
            [3,0,3,3,3,3,3,3,3,3],
            [3,3,0,3,3,3,3,3,3,3],
            [3,3,3,0,3,3,3,3,3,3],
            [3,3,3,3,0,3,3,3,3,3],
            [3,3,3,3,3,0,3,3,3,3],
            [3,3,3,3,3,3,0,3,3,3],
            [3,3,3,3,3,3,3,0,3,3],
            [3,3,3,3,3,3,3,3,0,3],
            [3,3,3,3,3,3,3,3,3,0]
        ],
        "probability_matrix": [
            [0,0.148639822939608,0.05468867406885088,0.11294217915553424,0.01940614249261474,0.17888700586866277,0.055699983723517275,0.1953004886246891,0.1665081320260753,0.06792757110044775],
            [0.15802308273788387,0,0.14778816569033615,0.19373056864774818,0.005363721671740473,0.16232908163562407,0.1438988935496213,0.10905607220214868,0.013786728362059577,0.06602368550283769],
            [0.016457742691901794,0.23876804425440487,0,0.06345566988880089,0.08881620843906436,0.031575350459972125,0.11191262751879273,0.13083338032380817,0.14042832082657916,0.17775265559667594],
            [0.17779181027344654,0.09358131517257287,0.07654074862335657,0,0.124604244056284,0.1508665111794682,0.09782174651741514,0.11319373749078585,0.06038886757880682,0.10521101910786398],
            [0.0062388911300415885,0.08355163869718064,0.16974244774582772,0.17091962041852896,0,0.160246541450207,0.1278813422460987,0.05220937837031117,0.10656548738907248,0.12264465255273169],
            [0.16567708988988752,0.1426704960018384,0.051693018734356624,0.12669612392547824,0.08511740421432766,0,0.05558415431539943,0.07706705209686628,0.1266538420692572,0.16884081875258866],
            [0.10640300028254497,0.048385785021361066,0.1967334918965862,0.09563954716548453,0.13205998668836053,0.008681182856077064,0,0.10821041124387522,0.1860326864459102,0.11785390839980016],
            [0.22114085836158,0.17454072410542895,0.04293371867795619,0.06703181295012507,0.04238783095659905,0.04034885997267692,0.2610942546665245,0,0.01947112376589212,0.13105081654321735],
            [0.1989745077935879,0.04204677434224627,0.009763788043505759,0.16252314072324456,0.05048409530377375,0.14297321024064233,0.10563811576107149,0.15272401689402954,0,0.13487235089789842],
            [0.11727659617251711,0.21048275737542002,0.10458946932716241,0.03245809088636656,0.21575740674969285,0.1404527621285987,0.07294740441839172,0.013508504042243368,0.0925270088996072,0]
        ],
        "city_names": ["Amsterdam","Rotterdam","Den Haag","Utrecht","Eindhoven","Almere","Groningen","Nijmegen","Breda","Apeldoorn"],
        "reward_matrix": [
            [0,73456,83796,91775,54364,97352,34661,56603,61855,73619],
            [73456,0,99999,84977,65233,67350,4659,64745,90554,57702],
            [83796,99999,0,74637,54893,70810,8119,54405,80214,47362],
            [91775,84977,74637,0,72927,92712,30020,75166,80418,83064],
            [54364,65233,54893,72927,0,55300,1117,81761,85018,58516],
            [97352,67350,70810,92712,55300,0,47647,57539,62791,77731],
            [34661,4659,8119,30020,1117,47647,0,29695,100,52939],
            [56603,64745,54405,75166,81761,57539,29695,0,71177,87094],
            [61855,90554,80214,80418,85018,62791,100,71177,0,53143],
            [73619,57702,47362,83064,58516,77731,52939,87094,53143,0]
        ]
    },
    "vehicle_cost_per_km": [10,5,5,5,5,5,5,5,5,5],
    "vehicle_capacities": [10,10,10,5,20,30,30,30,30,30],
    "runs": [{
        "number_of_vehicles": 3,
        "avg_task_cost_vs_number_of_task": [865,1109.5,851.1666666666666,727.875,616,513.3333333333334,464.42857142857144,420.3125,421.7777777777777,379.59999999999997,345.09090909090907,339.2083333333333,396.88461538461536,382.3214285714285,361.03333333333336,358.09375,378.47058823529414,352.94444444444446,341.4736842105263,350.35,354.3333333333333,349.1363636363636,346.69565217391306,332.0833333333333,343.19999999999993,331.4423076923077,329.2037037037037,315.89285714285717,377.2413793103449,374.21666666666675]
    }]
}