{
    "vehicle_starting_positions": ["Amsterdam","Rotterdam","Den Haag","Utrecht","Eindhoven","Almere","Groningen","Nijmegen","Breda","Apeldoorn"],
    "task_distribution": {
        "distance_matrix": [
            [0,90.6,65.2,45.6,137.5,31.9,185.9,132,119.1,90.2],
            [90.6,0,25.4,62.3,110.8,105.6,259.6,112,48.6,129.3],
            [65.2,25.4,0,87.7,136.2,97.1,251.1,137.4,74,154.7],
            [45.6,62.3,87.7,0,91.9,43.3,197.3,86.4,73.5,67],
            [137.5,110.8,136.2,91.9,0,135.2,268.3,70.2,62.2,127.3],
            [31.9,105.6,97.1,43.3,135.2,0,154,129.7,116.8,80.1],
            [185.9,259.6,251.1,197.3,268.3,154,0,198.1,270.8,141],
            [132,112,137.4,86.4,70.2,129.7,198.1,0,96.2,57.1],
            [119.1,48.6,74,73.5,62.2,116.8,270.8,96.2,0,140.5],
            [90.2,129.3,154.7,67,127.3,80.1,141,57.1,140.5,0]
        ],
        "weight_matrix": [
            [0,3,3,3,3,3,3,3,3,3],
            [3,0,3,3,3,3,3,3,3,3],
            [3,3,0,3,3,3,3,3,3,3],
            [3,3,3,0,3,3,3,3,3,3],
            [3,3,3,3,0,3,3,3,3,3],
            [3,3,3,3,3,0,3,3,3,3],
            [3,3,3,3,3,3,0,3,3,3],
            [3,3,3,3,3,3,3,0,3,3],
            [3,3,3,3,3,3,3,3,0,3],
            [3,3,3,3,3,3,3,3,3,0]
        ],
        "probability_matrix": [
            [0,0.08204757416105377,0.08686829649151842,0.04952882809370454,0.02762400509485604,0.171183675177572,0.1934942205718481,0.0965761598308997,0.15045332044216408,0.14222392013638332],
            [0.03156510399271316,0,0.11158695019158484,0.14644710074693718,0.17808011943870888,0.08037786457238866,0.15267484439122248,0.10629698939522601,0.04690875283712814,0.14606227443409048],
            [0.09015922512938879,0.006016571149197485,0,0.06119728020547465,0.020777151707376148,0.23926063114450685,0.03465079209807146,0.16033383459297482,0.20998241866961206,0.17762209530339773],
            [0.04230634185268651,0.07846032552556198,0.21450436607732962,0,0.032897421556299745,0.21641093707843473,0.17621497903543654,0.08100344871187336,0.13905852868533855,0.019143651477038896],
            [0.21072216842172856,0.15245683407113872,0.007611207606766896,0.11793667787584136,0,0.1917199242155807,0.02743866519581586,0.05943989599032214,0.047501343630082266,0.18517328299272343],
            [0.08543422812256381,0.04902822208322707,0.121126231662466,0.06701677201684454,0.191893026641205,0,0.043972189168869046,0.17251175307105304,0.1840971476820332,0.08492042955173833],
            [0.004948507656735061,0.1910493174411651,0.18596817206224597,0.030461073436246232,0.10854969852606587,0.1741201092508247,0,0.12977208181570926,0.056331662189070354,0.11879937762193749],
            [0.007204462779884234,0.02049847017016257,0.15818408657068175,0.20711318274641924,0.17276234024758524,0.19743285524764467,0.07013796775478542,0,0.11662501150064578,0.050041622982191086],
            [0.1825804561565783,0.15116628315505254,0.0035843507501029308,0.10113942373491987,0.0494935500548274,0.14641969570667934,0.0712204717223329,0.21472761803178939,0,0.07966815068771751],
            [0.08886749252203914,0.13422006838118036,0.09177919020762576,0.029180929862962536,0.09554194487004494,0.04515529623070067,0.19898233121259754,0.20286516319148054,0.11340758352136868,0]
        ],
        "city_names": ["Amsterdam","Rotterdam","Den Haag","Utrecht","Eindhoven","Almere","Groningen","Nijmegen","Breda","Apeldoorn"],
        "reward_matrix": [
            [0,73456,83796,91775,54364,97352,34661,56603,61855,73619],
            [73456,0,99999,84977,65233,67350,4659,64745,90554,57702],
            [83796,99999,0,74637,54893,70810,8119,54405,80214,47362],
            [91775,84977,74637,0,72927,92712,30020,75166,80418,83064],
            [54364,65233,54893,72927,0,55300,1117,81761,85018,58516],
            [97352,67350,70810,92712,55300,0,47647,57539,62791,77731],
            [34661,4659,8119,30020,1117,47647,0,29695,100,52939],
            [56603,64745,54405,75166,81761,57539,29695,0,71177,87094],
            [61855,90554,80214,80418,85018,62791,100,71177,0,53143],
            [73619,57702,47362,83064,58516,77731,52939,87094,53143,0]
        ]
    },
    "vehicle_cost_per_km": [10,5,5,5,5,5,5,5,5,5],
    "vehicle_capacities": [5,5,5,5,20,30,30,30,30,30],
    "runs": [{
        "number_of_vehicles": 3,
        "avg_task_cost_vs_number_of_task": [560,648.75,661.5,634.6249999999999,591.0999999999999,612.0833333333333,603.4285714285714,567.875,554.3333333333333,534.8,575.9545454545453,551.7083333333333,568.7692307692306,578.2857142857141,561.7333333333332,546.5624999999998,564.4705882352939,609.0277777777777,576.9736842105261,563.0999999999999,536.2857142857142,566.2499999999999,584.695652173913,598.7083333333334,564.5999999999999,576.4230769230769,603.1481481481482,589.2321428571429,588.9655172413793,591]
    }]
}