{
    "vehicle_starting_positions": ["Amsterdam","Rotterdam","Den Haag","Utrecht","Eindhoven","Almere","Groningen","Nijmegen","Breda","Apeldoorn"],
    "task_distribution": {
        "distance_matrix": [
            [0,90.6,65.2,45.6,137.5,31.9,185.9,132,119.1,90.2],
            [90.6,0,25.4,62.3,110.8,105.6,259.6,112,48.6,129.3],
            [65.2,25.4,0,87.7,136.2,97.1,251.1,137.4,74,154.7],
            [45.6,62.3,87.7,0,91.9,43.3,197.3,86.4,73.5,67],
            [137.5,110.8,136.2,91.9,0,135.2,268.3,70.2,62.2,127.3],
            [31.9,105.6,97.1,43.3,135.2,0,154,129.7,116.8,80.1],
            [185.9,259.6,251.1,197.3,268.3,154,0,198.1,270.8,141],
            [132,112,137.4,86.4,70.2,129.7,198.1,0,96.2,57.1],
            [119.1,48.6,74,73.5,62.2,116.8,270.8,96.2,0,140.5],
            [90.2,129.3,154.7,67,127.3,80.1,141,57.1,140.5,0]
        ],
        "weight_matrix": [
            [0,3,3,3,3,3,3,3,3,3],
            [3,0,3,3,3,3,3,3,3,3],
            [3,3,0,3,3,3,3,3,3,3],
            [3,3,3,0,3,3,3,3,3,3],
            [3,3,3,3,0,3,3,3,3,3],
            [3,3,3,3,3,0,3,3,3,3],
            [3,3,3,3,3,3,0,3,3,3],
            [3,3,3,3,3,3,3,0,3,3],
            [3,3,3,3,3,3,3,3,0,3],
            [3,3,3,3,3,3,3,3,3,0]
        ],
        "probability_matrix": [
            [0,0.1612151130977693,0.043799478304776505,0.07425722351225368,0.11157474773193352,0.14510503331005217,0.12750754162568792,0.13890905967549821,0.0843859799160921,0.11324582282593644],
            [0.10000941456793883,0,0.04994795158609449,0.23048064278487815,0.1785252920809632,0.06699655728098233,0.0372710658928829,0.016689830174279188,0.17125780620318137,0.1488214394287997],
            [0.09463354749756062,0.03412950308887828,0,0.11245072713040193,0.14883611209956457,0.13290556297632952,0.14845624464958224,0.11208484953959356,0.06293900247530765,0.15356445054278173],
            [0.07977728516470733,0.006857815709828614,0.0390534998284808,0,0.15071227608892354,0.11444162433609797,0.08516080815397643,0.1408658140939628,0.18548044293101906,0.19765043369300336],
            [0.1470092366626945,0.12565786316567942,0.08889377439381634,0.10536159945211525,0,0.10974006806552031,0.005851742557954619,0.16704482375639984,0.11930270173178117,0.13113819021403844],
            [0.08483425610437184,0.041365962339533685,0.09677114279666221,0.02768678475496001,0.07652904304124583,0,0.21087053494041363,0.19673941706818196,0.16358964927695493,0.10161320967767573],
            [0.005158679821956205,0.2783847416113922,0.014763592940752121,0.03002189651600875,0.15898989194719684,0.27833214176729215,0,0.06984923315640426,0.13798652027923863,0.026513301959758838],
            [0.1466210948157425,0.10353694962688963,0.18707903130995568,0.2472842752195471,0.034530835867761345,0.06702932981373698,0.041220360881788466,0,0.0629763171058049,0.10972180535877349],
            [0.11808690116041345,0.11771877563874407,0.10055979811142687,0.14836339666666964,0.1739196876594758,0.07084186413039277,0.07099680777056261,0.02454852946958009,0,0.1749642393927349],
            [0.08484103011386585,0.1079246224468148,0.034623204634138406,0.14120205789188148,0.15321857161941288,0.04490413862072793,0.1329560581417805,0.13146822870548547,0.16886208782589276,0]
        ],
        "city_names": ["Amsterdam","Rotterdam","Den Haag","Utrecht","Eindhoven","Almere","Groningen","Nijmegen","Breda","Apeldoorn"],
        "reward_matrix": [
            [0,73456,83796,91775,54364,97352,34661,56603,61855,73619],
            [73456,0,99999,84977,65233,67350,4659,64745,90554,57702],
            [83796,99999,0,74637,54893,70810,8119,54405,80214,47362],
            [91775,84977,74637,0,72927,92712,30020,75166,80418,83064],
            [54364,65233,54893,72927,0,55300,1117,81761,85018,58516],
            [97352,67350,70810,92712,55300,0,47647,57539,62791,77731],
            [34661,4659,8119,30020,1117,47647,0,29695,100,52939],
            [56603,64745,54405,75166,81761,57539,29695,0,71177,87094],
            [61855,90554,80214,80418,85018,62791,100,71177,0,53143],
            [73619,57702,47362,83064,58516,77731,52939,87094,53143,0]
        ]
    },
    "vehicle_capacities": [5,10,10,20,20,30,30,30,30,30],
    "runs": [{
        "number_of_vehicles": 5,
        "avg_task_cost_vs_number_of_task": [1255.5,857.5,709,531.75,504.6,481.6666666666667,449.14285714285717,429.3125,399.83333333333326,493.25,457.6363636363636,429.4583333333333,414.7307692307692,329.7857142857143,388.8,375.78125,272.82352941176475,354.8888888888889,294.92105263157896,256.75000000000006,310.8809523809524,254.0681818181818,299.5217391304348,300.1458333333333,311.56,314.5192307692307,278.6296296296297,271.5,268.6034482758621,266.3333333333333]
    }]
}