{
    "vehicle_starting_positions": ["Amsterdam","Rotterdam","Den Haag","Utrecht","Eindhoven","Almere","Groningen","Nijmegen","Breda","Apeldoorn"],
    "task_distribution": {
        "distance_matrix": [
            [0,90.6,65.2,45.6,137.5,31.9,185.9,132,119.1,90.2],
            [90.6,0,25.4,62.3,110.8,105.6,259.6,112,48.6,129.3],
            [65.2,25.4,0,87.7,136.2,97.1,251.1,137.4,74,154.7],
            [45.6,62.3,87.7,0,91.9,43.3,197.3,86.4,73.5,67],
            [137.5,110.8,136.2,91.9,0,135.2,268.3,70.2,62.2,127.3],
            [31.9,105.6,97.1,43.3,135.2,0,154,129.7,116.8,80.1],
            [185.9,259.6,251.1,197.3,268.3,154,0,198.1,270.8,141],
            [132,112,137.4,86.4,70.2,129.7,198.1,0,96.2,57.1],
            [119.1,48.6,74,73.5,62.2,116.8,270.8,96.2,0,140.5],
            [90.2,129.3,154.7,67,127.3,80.1,141,57.1,140.5,0]
        ],
        "weight_matrix": [
            [0,3,3,3,3,3,3,3,3,3],
            [3,0,3,3,3,3,3,3,3,3],
            [3,3,0,3,3,3,3,3,3,3],
            [3,3,3,0,3,3,3,3,3,3],
            [3,3,3,3,0,3,3,3,3,3],
            [3,3,3,3,3,0,3,3,3,3],
            [3,3,3,3,3,3,0,3,3,3],
            [3,3,3,3,3,3,3,0,3,3],
            [3,3,3,3,3,3,3,3,0,3],
            [3,3,3,3,3,3,3,3,3,0]
        ],
        "probability_matrix": [
            [0,0.062230929280100024,0.15504191346567553,0.049927693863809,0.12369147587149508,0.07390174718449234,0.06704097331237484,0.17799353640514506,0.17102176046855116,0.11914997014835693],
            [0.05681016875690192,0,0.012561872167183798,0.02278060856410344,0.09319060939659732,0.21961296524068377,0.2021694654762482,0.2046490331344286,0.10166862910346432,0.08655664816038884],
            [0.09029283123159275,0.09973266081794023,0,0.15370905255254763,0.27607620392446325,0.03881745345240649,0.03745782374397346,0.08561877855722971,0.10934472366848232,0.10895047205136422],
            [0.2307149227375164,0.07585963794884046,0.13493017579265484,0,0.12864327782426127,0.20871200972232462,0.18229808117936736,0.008559182289278672,0.009689924989941368,0.02059278751581495],
            [0.14261351121719656,0.04893838242478021,0.08519643501846763,0.1714579495676408,0,0.1985820517334905,0.08777772615943256,0.0499817347547202,0.1531687303649405,0.06228347875933109],
            [0.21624977519919558,0.25884464264649354,0.053213749630345406,0.10136982560567498,0.043828882559499585,0,0.026085820354135023,0.27217232291906884,0.02618175840758928,0.0020532226779977018],
            [0.03823559907006018,0.034731413553838554,0.09811448045861693,0.17129324696501053,0.1409717203328011,0.1512013699363794,0,0.10994243423993094,0.1310659260546881,0.1244438093886744],
            [0.07625392142640255,0.021529979185344394,0.039768968146417775,0.20376934624217977,0.2067564182142336,0.09037610352044914,0.08933532190454324,0,0.08842294096028167,0.18378700040014775],
            [0.14561717140257235,0.06791778077973754,0.21048418009361436,0.1699429927409893,0.13130476278015654,0.0239074502469033,0.07707519478819531,0.14943716411809518,0,0.024313303049736123],
            [0.03272718826964036,0.008823990058857737,0.09359019608385867,0.14672763466013683,0.07179263214585922,0.15307546185241738,0.16734153010431707,0.22318029154630858,0.10274107527860428,0]
        ],
        "city_names": ["Amsterdam","Rotterdam","Den Haag","Utrecht","Eindhoven","Almere","Groningen","Nijmegen","Breda","Apeldoorn"],
        "reward_matrix": [
            [0,73456,83796,91775,54364,97352,34661,56603,61855,73619],
            [73456,0,99999,84977,65233,67350,4659,64745,90554,57702],
            [83796,99999,0,74637,54893,70810,8119,54405,80214,47362],
            [91775,84977,74637,0,72927,92712,30020,75166,80418,83064],
            [54364,65233,54893,72927,0,55300,1117,81761,85018,58516],
            [97352,67350,70810,92712,55300,0,47647,57539,62791,77731],
            [34661,4659,8119,30020,1117,47647,0,29695,100,52939],
            [56603,64745,54405,75166,81761,57539,29695,0,71177,87094],
            [61855,90554,80214,80418,85018,62791,100,71177,0,53143],
            [73619,57702,47362,83064,58516,77731,52939,87094,53143,0]
        ]
    },
    "vehicle_capacities": [5,5,20,25,30,30,30,30,30,30],
    "runs": [{
        "number_of_vehicles": 5,
        "avg_task_cost_vs_number_of_task": [326,473.25,409.5,349.875,328.5,314.25,473,454.62500000000006,380.3333333333333,389.09999999999997,382,397.375,326.53846153846155,343.75,333.1,315.53125000000006,293.3529411764706,276.9166666666667,283.6315789473685,261.2,262.45238095238096,249.00000000000003,245.8695652173913,233.6666666666667,242.88,238.19230769230776,205.3148148148148,264.2142857142857,239.36206896551724,253.08333333333337]
    }]
}