{
    "vehicle_starting_positions": ["Amsterdam","Rotterdam","Den Haag","Utrecht","Eindhoven","Almere","Groningen","Nijmegen","Breda","Apeldoorn"],
    "task_distribution": {
        "distance_matrix": [
            [0,90.6,65.2,45.6,137.5,31.9,185.9,132,119.1,90.2],
            [90.6,0,25.4,62.3,110.8,105.6,259.6,112,48.6,129.3],
            [65.2,25.4,0,87.7,136.2,97.1,251.1,137.4,74,154.7],
            [45.6,62.3,87.7,0,91.9,43.3,197.3,86.4,73.5,67],
            [137.5,110.8,136.2,91.9,0,135.2,268.3,70.2,62.2,127.3],
            [31.9,105.6,97.1,43.3,135.2,0,154,129.7,116.8,80.1],
            [185.9,259.6,251.1,197.3,268.3,154,0,198.1,270.8,141],
            [132,112,137.4,86.4,70.2,129.7,198.1,0,96.2,57.1],
            [119.1,48.6,74,73.5,62.2,116.8,270.8,96.2,0,140.5],
            [90.2,129.3,154.7,67,127.3,80.1,141,57.1,140.5,0]
        ],
        "weight_matrix": [
            [0,3,3,3,3,3,3,3,3,3],
            [3,0,3,3,3,3,3,3,3,3],
            [3,3,0,3,3,3,3,3,3,3],
            [3,3,3,0,3,3,3,3,3,3],
            [3,3,3,3,0,3,3,3,3,3],
            [3,3,3,3,3,0,3,3,3,3],
            [3,3,3,3,3,3,0,3,3,3],
            [3,3,3,3,3,3,3,0,3,3],
            [3,3,3,3,3,3,3,3,0,3],
            [3,3,3,3,3,3,3,3,3,0]
        ],
        "probability_matrix": [
            [0,0.20233562409623446,0.05552924648208747,0.15546346220895305,0.1680038467751506,0.13978216688453904,0.08931489599744281,0.14817677519126143,0.013323176621727264,0.02807080574260403],
            [0.03157060185319345,0,0.06377948192473626,0.007942262010747964,0.10641163325880987,0.17766038737788964,0.05806887506018694,0.18901497808951215,0.1740978098923514,0.19145397053257232],
            [0.09715625118304569,0.16817270159642603,0,0.17062610131824013,0.11560775473709578,0.14430588986513992,0.061985700280945626,0.12834443830927075,0.02725465507526886,0.08654650763456706],
            [0.15472595573212913,0.06582708780343649,0.10619602363881764,0,0.16610643635983555,0.07157460381241422,0.04501662662315399,0.19794957303295496,0.043214697031507425,0.14938899596575048],
            [0.02428170466887307,0.02554010255210645,0.13900920889994725,0.22197769963922243,0,0.0711687104334257,0.18935205359841942,0.10598779420627903,0.13522682712305226,0.08745589887867437],
            [0.18231477590596792,0.13444410610301105,0.15466890699865907,0.007086470078021408,0.024222526811983478,0,0.09560940571854996,0.12166352269395615,0.13175631904292306,0.14823396664692795],
            [0.10115704106054675,0.15021048694523814,0.0945891383607784,0.03358459667214658,0.173750792694119,0.13822255406757422,0,0.16044927003973858,0.0863666038675753,0.06166951629228294],
            [0.03455937548849145,0.026372418399565896,0.24377713665039985,0.2151264729897296,0.02962397786862656,0.12791617858895685,0.19383480291212363,0,0.05844101507326681,0.07034862202883925],
            [0.17295230645002202,0.02054765030862711,0.04528515501137252,0.19863993059635215,0.14728198318329044,0.1113468250144632,0.11106223076390345,0.026033278000796564,0,0.16685064067117267],
            [0.13761717702662066,0.13734997645473754,0.16684108696939287,0.04900954545971649,0.01389848478088055,0.10096740509940334,0.06528612791965814,0.06915268434745245,0.2598775119421381,0]
        ],
        "city_names": ["Amsterdam","Rotterdam","Den Haag","Utrecht","Eindhoven","Almere","Groningen","Nijmegen","Breda","Apeldoorn"],
        "reward_matrix": [
            [0,73456,83796,91775,54364,97352,34661,56603,61855,73619],
            [73456,0,99999,84977,65233,67350,4659,64745,90554,57702],
            [83796,99999,0,74637,54893,70810,8119,54405,80214,47362],
            [91775,84977,74637,0,72927,92712,30020,75166,80418,83064],
            [54364,65233,54893,72927,0,55300,1117,81761,85018,58516],
            [97352,67350,70810,92712,55300,0,47647,57539,62791,77731],
            [34661,4659,8119,30020,1117,47647,0,29695,100,52939],
            [56603,64745,54405,75166,81761,57539,29695,0,71177,87094],
            [61855,90554,80214,80418,85018,62791,100,71177,0,53143],
            [73619,57702,47362,83064,58516,77731,52939,87094,53143,0]
        ]
    },
    "vehicle_capacities": [5,15,30,30,30,30,30,30,30,30],
    "runs": [{
        "number_of_vehicles": 5,
        "avg_task_cost_vs_number_of_task": [438.5,277,337.8333333333333,253.375,246.5,298.75,296.07142857142856,304.875,276.22222222222223,263.4,279.3181818181818,317.4166666666667,267.3076923076923,283.14285714285717,301.76666666666665,281.21875,279.70588235294116,293.94444444444446,283.0263157894737,248.3,250.4047619047619,219.6818181818182,225.2391304347826,251.95833333333337,260.08,243.59615384615384,217.83333333333334,243.32142857142858,249.9655172413793,206.89999999999998]
    }]
}