{
    "vehicle_starting_positions": ["Amsterdam","Rotterdam","Den Haag","Utrecht","Eindhoven","Almere","Groningen","Nijmegen","Breda","Apeldoorn"],
    "task_distribution": {
        "distance_matrix": [
            [0,90.6,65.2,45.6,137.5,31.9,185.9,132,119.1,90.2],
            [90.6,0,25.4,62.3,110.8,105.6,259.6,112,48.6,129.3],
            [65.2,25.4,0,87.7,136.2,97.1,251.1,137.4,74,154.7],
            [45.6,62.3,87.7,0,91.9,43.3,197.3,86.4,73.5,67],
            [137.5,110.8,136.2,91.9,0,135.2,268.3,70.2,62.2,127.3],
            [31.9,105.6,97.1,43.3,135.2,0,154,129.7,116.8,80.1],
            [185.9,259.6,251.1,197.3,268.3,154,0,198.1,270.8,141],
            [132,112,137.4,86.4,70.2,129.7,198.1,0,96.2,57.1],
            [119.1,48.6,74,73.5,62.2,116.8,270.8,96.2,0,140.5],
            [90.2,129.3,154.7,67,127.3,80.1,141,57.1,140.5,0]
        ],
        "weight_matrix": [
            [0,3,3,3,3,3,3,3,3,3],
            [3,0,3,3,3,3,3,3,3,3],
            [3,3,0,3,3,3,3,3,3,3],
            [3,3,3,0,3,3,3,3,3,3],
            [3,3,3,3,0,3,3,3,3,3],
            [3,3,3,3,3,0,3,3,3,3],
            [3,3,3,3,3,3,0,3,3,3],
            [3,3,3,3,3,3,3,0,3,3],
            [3,3,3,3,3,3,3,3,0,3],
            [3,3,3,3,3,3,3,3,3,0]
        ],
        "probability_matrix": [
            [0,0.08986905071644045,0.06146420375298081,0.07376894455949523,0.0036123867601737915,0.08206419730783678,0.16397116916129864,0.23114702492927322,0.03825611296165818,0.2558469098508427],
            [0.22408211509273768,0,0.1360957233446614,0.01044882378100956,0.1158273737363192,0.20767779405503844,0.04756681885314145,0.031141610580470904,0.08472505341788396,0.14243468713873733],
            [0.0040735118178692855,0.09587486171346228,0,0.0986078594288543,0.04169018973934436,0.09552463555336657,0.27189052351754417,0.11507654956744123,0.14291334560340505,0.13434852305871275],
            [0.11738068098642553,0.02613068187682742,0.08537752210901842,0,0.15127947245909343,0.18881843560355704,0.14793900006804467,0.09630520685981324,0.1588170282995324,0.027951971737687792],
            [0.12464298019270946,0.1674971362077265,0.06523730188319242,0.13299938674706616,0,0.12969503908593527,0.1054727375807392,0.007788069024717026,0.11168436585506138,0.15498298342285274],
            [0.05052234939556597,0.18908518464658897,0.028107580897775958,0.1440945135106191,0.07273535868156118,0,0.1725822675005556,0.12045290633897932,0.038568442889421364,0.18385139613893248],
            [0.15206668024248118,0.039334431090393765,0.18137702742356868,0.06384512594857461,0.12183621074667428,0.046564193481785386,0,0.14891974253242454,0.06953257243208599,0.1765240161020116],
            [0.0647707361915738,0.13708887713051016,0.191744524938859,0.06900220710149262,0.13649051285861394,0.03884444758313038,0.05225033646526155,0,0.12586462825192757,0.18394372947863113],
            [0.12832182765977687,0.04754444261421468,0.17693978034198424,0.18239608633239823,0.14948014605122617,0.10999900331572939,0.09581172697714194,0.09124111714134549,0,0.018265869566182855],
            [0.12093374030625301,0.16317366572778386,0.04517552035812362,0.13514489024127074,0.017358522076030135,0.1562771888423634,0.03790853529418051,0.1664773681677527,0.15755056898624206,0]
        ],
        "city_names": ["Amsterdam","Rotterdam","Den Haag","Utrecht","Eindhoven","Almere","Groningen","Nijmegen","Breda","Apeldoorn"],
        "reward_matrix": [
            [0,73456,83796,91775,54364,97352,34661,56603,61855,73619],
            [73456,0,99999,84977,65233,67350,4659,64745,90554,57702],
            [83796,99999,0,74637,54893,70810,8119,54405,80214,47362],
            [91775,84977,74637,0,72927,92712,30020,75166,80418,83064],
            [54364,65233,54893,72927,0,55300,1117,81761,85018,58516],
            [97352,67350,70810,92712,55300,0,47647,57539,62791,77731],
            [34661,4659,8119,30020,1117,47647,0,29695,100,52939],
            [56603,64745,54405,75166,81761,57539,29695,0,71177,87094],
            [61855,90554,80214,80418,85018,62791,100,71177,0,53143],
            [73619,57702,47362,83064,58516,77731,52939,87094,53143,0]
        ]
    },
    "vehicle_capacities": [5,30,30,30,30,30,30,30,30,30],
    "runs": [{
        "number_of_vehicles": 5,
        "avg_task_cost_vs_number_of_task": [2185,1276.75,851.1666666666666,762.5,746.1999999999999,621.8333333333333,499.2142857142857,475.7500000000001,388.27777777777777,426.05,387.6818181818182,355.0416666666667,321.5,323.82142857142856,296.3,295.25,255.58823529411765,246.86111111111111,246.76315789473685,279.8500000000001,232.71428571428572,284.90909090909093,312.0869565217391,285.0833333333333,307.04,255.1153846153846,250.70370370370372,233.32142857142858,259.5344827586207,247.25]
    }]
}