{
    "vehicle_starting_positions": ["Amsterdam","Rotterdam","Den Haag","Utrecht","Eindhoven","Almere","Groningen","Nijmegen","Breda","Apeldoorn"],
    "task_distribution": {
        "distance_matrix": [
            [0,90.6,65.2,45.6,137.5,31.9,185.9,132,119.1,90.2],
            [90.6,0,25.4,62.3,110.8,105.6,259.6,112,48.6,129.3],
            [65.2,25.4,0,87.7,136.2,97.1,251.1,137.4,74,154.7],
            [45.6,62.3,87.7,0,91.9,43.3,197.3,86.4,73.5,67],
            [137.5,110.8,136.2,91.9,0,135.2,268.3,70.2,62.2,127.3],
            [31.9,105.6,97.1,43.3,135.2,0,154,129.7,116.8,80.1],
            [185.9,259.6,251.1,197.3,268.3,154,0,198.1,270.8,141],
            [132,112,137.4,86.4,70.2,129.7,198.1,0,96.2,57.1],
            [119.1,48.6,74,73.5,62.2,116.8,270.8,96.2,0,140.5],
            [90.2,129.3,154.7,67,127.3,80.1,141,57.1,140.5,0]
        ],
        "weight_matrix": [
            [0,3,3,3,3,3,3,3,3,3],
            [3,0,3,3,3,3,3,3,3,3],
            [3,3,0,3,3,3,3,3,3,3],
            [3,3,3,0,3,3,3,3,3,3],
            [3,3,3,3,0,3,3,3,3,3],
            [3,3,3,3,3,0,3,3,3,3],
            [3,3,3,3,3,3,0,3,3,3],
            [3,3,3,3,3,3,3,0,3,3],
            [3,3,3,3,3,3,3,3,0,3],
            [3,3,3,3,3,3,3,3,3,0]
        ],
        "probability_matrix": [
            [0,0.07487393703520039,0.012541961377421364,0.17039011586065425,0.028447946154652487,0.002400778659029403,0.22254534018950609,0.1332404457016726,0.13448716153763265,0.22107231348423068],
            [0.17023570556848813,0,0.03884671918805269,0.06933871723745776,0.17430767081198673,0.17541257893100928,0.11466412083786305,0.011771302735074842,0.21417137550349238,0.03125180918657527],
            [0.035974702619859196,0.1890202096149721,0,0.02061458729803843,0.11841382737419666,0.09510584476251792,0.12015737933214328,0.165970148764367,0.1695256639609665,0.08521763627293874],
            [0.1451301037699474,0.02248082444323895,0.16549393669562826,0,0.06968070151805598,0.1338846750923034,0.11904782106248259,0.15981656764414773,0.16611609015971335,0.01834927961448234],
            [0.10328808500972114,0.1472710433590644,0.12575790149652452,0.10457708181854028,0,0.06096178017482509,0.2037925102522876,0.03477280011033204,0.1576175829103086,0.061961214868396265],
            [0.14389942923299306,0.14974723858070862,0.049930417895563385,0.11195081829615272,0.005053021865131549,0,0.17185119381648692,0.17935499817943742,0.16147990384439712,0.026732978289129194],
            [0.07531072633544025,0.16922488796468751,0.016897872791568617,0.14464532584229087,0.04706899100039648,0.16596358850290172,0,0.09925008312970247,0.13649380798723587,0.14514471644577615],
            [0.11682306498635679,0.029683892926351905,0.21316535108062254,0.0703317020913114,0.15151626306117064,0.08119428663124537,0.08157409613231052,0,0.03894395819841822,0.21676738489221256],
            [0.18905435257123324,0.09395644447328569,0.04575799693711734,0.08455814545188492,0.05842782706502631,0.18757061824549415,0.049811593606281505,0.10311878983390033,0,0.18774423181577643],
            [0.16573488618887908,0.03267012075630831,0.19310166643823545,0.06464286244916545,0.0712294421680775,0.19110076825610411,0.05716159894907837,0.07047058322533852,0.15388807156881307,0]
        ],
        "city_names": ["Amsterdam","Rotterdam","Den Haag","Utrecht","Eindhoven","Almere","Groningen","Nijmegen","Breda","Apeldoorn"],
        "reward_matrix": [
            [0,73456,83796,91775,54364,97352,34661,56603,61855,73619],
            [73456,0,99999,84977,65233,67350,4659,64745,90554,57702],
            [83796,99999,0,74637,54893,70810,8119,54405,80214,47362],
            [91775,84977,74637,0,72927,92712,30020,75166,80418,83064],
            [54364,65233,54893,72927,0,55300,1117,81761,85018,58516],
            [97352,67350,70810,92712,55300,0,47647,57539,62791,77731],
            [34661,4659,8119,30020,1117,47647,0,29695,100,52939],
            [56603,64745,54405,75166,81761,57539,29695,0,71177,87094],
            [61855,90554,80214,80418,85018,62791,100,71177,0,53143],
            [73619,57702,47362,83064,58516,77731,52939,87094,53143,0]
        ]
    },
    "vehicle_capacities": [10,20,30,30,30,30,30,30,30,30],
    "runs": [{
        "number_of_vehicles": 5,
        "avg_task_cost_vs_number_of_task": [971.5,485.75,771,756,581.6,484.6666666666667,415.42857142857144,363.5,371.8333333333333,346.2,314.72727272727275,346.66666666666674,309.6923076923077,356.10714285714283,308.23333333333335,327.96875,293.0882352941176,271.6666666666667,268.10526315789474,211.6,242.57142857142858,230.75,230.2391304347826,185.35416666666666,242,273.51923076923083,228.07407407407408,230.1964285714285,205.08620689655172,257.26666666666665]
    }]
}