{
    "vehicle_starting_positions": ["Amsterdam","Rotterdam","Den Haag","Utrecht","Eindhoven","Almere","Groningen","Nijmegen","Breda","Apeldoorn"],
    "task_distribution": {
        "distance_matrix": [
            [0,90.6,65.2,45.6,137.5,31.9,185.9,132,119.1,90.2],
            [90.6,0,25.4,62.3,110.8,105.6,259.6,112,48.6,129.3],
            [65.2,25.4,0,87.7,136.2,97.1,251.1,137.4,74,154.7],
            [45.6,62.3,87.7,0,91.9,43.3,197.3,86.4,73.5,67],
            [137.5,110.8,136.2,91.9,0,135.2,268.3,70.2,62.2,127.3],
            [31.9,105.6,97.1,43.3,135.2,0,154,129.7,116.8,80.1],
            [185.9,259.6,251.1,197.3,268.3,154,0,198.1,270.8,141],
            [132,112,137.4,86.4,70.2,129.7,198.1,0,96.2,57.1],
            [119.1,48.6,74,73.5,62.2,116.8,270.8,96.2,0,140.5],
            [90.2,129.3,154.7,67,127.3,80.1,141,57.1,140.5,0]
        ],
        "weight_matrix": [
            [0,3,3,3,3,3,3,3,3,3],
            [3,0,3,3,3,3,3,3,3,3],
            [3,3,0,3,3,3,3,3,3,3],
            [3,3,3,0,3,3,3,3,3,3],
            [3,3,3,3,0,3,3,3,3,3],
            [3,3,3,3,3,0,3,3,3,3],
            [3,3,3,3,3,3,0,3,3,3],
            [3,3,3,3,3,3,3,0,3,3],
            [3,3,3,3,3,3,3,3,0,3],
            [3,3,3,3,3,3,3,3,3,0]
        ],
        "probability_matrix": [
            [0,0.09008530537522819,0.12809768251250067,0.1714352319857303,0.1452682527929868,0.004982097312780206,0.027184171810455317,0.13179367293016822,0.134016031520657,0.1671375537594933],
            [0.11837116344573889,0,0.03063840175439881,0.1687925770056466,0.019349887079344454,0.16977880482214663,0.08567475147785546,0.15061077764043415,0.1404995229807771,0.11628411379365783],
            [0.03410426136723037,0.18664874003082332,0,0.18596965237602514,0.05490604966081042,0.08459201387255406,0.1533629756705657,0.09260814555050391,0.12632526469381528,0.08148289677767179],
            [0.07011300133858073,0.2136533720798417,0.06820766732344888,0,0.18793195402655227,0.14400790560744908,0.06602266897262507,0.016095876950988065,0.2226268600714877,0.011340693629026557],
            [0.004631585490845732,0.15749207597311646,0.0815228719835317,0.08868987623795732,0,0.19777336252047412,0.16099358925554103,0.2264420599529215,0.06736318950672499,0.015091389078887107],
            [0.12034320684441163,0.11875812636730206,0.14735579104822671,0.15014259298566754,0.1988413956268815,0,0.0196364520991863,0.0777958697468523,0.10847464479012607,0.0586519204913459],
            [0.17224134601027377,0.09992090352095932,0.1943268195370407,0.05896875068581324,0.049977387567488964,0.04149745812462153,0,0.2361183850979716,0.04220425879992863,0.10474469065590236],
            [0.15811744521793472,0.156658023471627,0.011328967939992003,0.1266752505236217,0.06650494884246633,0.11026429809771846,0.15044076498351716,0,0.12897974965033632,0.09103055127278624],
            [0.004391849267640225,0.09868923144936305,0.14371988621787465,0.02120647814857209,0.17404313241035038,0.1643165230191316,0.08302207926543449,0.1393949135218155,0,0.17121590669981812],
            [0.18698465945971351,0.1618745130614255,0.25649246931467284,0.14157192326106074,0.0023138086899674717,0.05941523447163116,0.10583537204960242,0.07137563363074732,0.014136386061178978,0]
        ],
        "city_names": ["Amsterdam","Rotterdam","Den Haag","Utrecht","Eindhoven","Almere","Groningen","Nijmegen","Breda","Apeldoorn"],
        "reward_matrix": [
            [0,73456,83796,91775,54364,97352,34661,56603,61855,73619],
            [73456,0,99999,84977,65233,67350,4659,64745,90554,57702],
            [83796,99999,0,74637,54893,70810,8119,54405,80214,47362],
            [91775,84977,74637,0,72927,92712,30020,75166,80418,83064],
            [54364,65233,54893,72927,0,55300,1117,81761,85018,58516],
            [97352,67350,70810,92712,55300,0,47647,57539,62791,77731],
            [34661,4659,8119,30020,1117,47647,0,29695,100,52939],
            [56603,64745,54405,75166,81761,57539,29695,0,71177,87094],
            [61855,90554,80214,80418,85018,62791,100,71177,0,53143],
            [73619,57702,47362,83064,58516,77731,52939,87094,53143,0]
        ]
    },
    "vehicle_capacities": [5,5,5,15,15,30,30,30,30,30],
    "runs": [{
        "number_of_vehicles": 5,
        "avg_task_cost_vs_number_of_task": [459.5,553,913.5,823.625,724.1,599.9166666666667,517.2142857142857,449.93750000000006,402.27777777777777,367.95,361.59090909090907,356.9166666666667,334.4230769230769,336.85714285714283,336.3,315.28125,313.5882352941176,318.4166666666667,305.36842105263156,308.87499999999994,299.9047619047619,251.61363636363637,283.2608695652174,265.3333333333333,279.02,276.09615384615387,283.0925925925926,265.17857142857144,264.51724137931035,259.6666666666667]
    }]
}