{
    "vehicle_starting_positions": ["Amsterdam","Rotterdam","Den Haag","Utrecht","Eindhoven","Almere","Groningen","Nijmegen","Breda","Apeldoorn"],
    "task_distribution": {
        "distance_matrix": [
            [0,90.6,65.2,45.6,137.5,31.9,185.9,132,119.1,90.2],
            [90.6,0,25.4,62.3,110.8,105.6,259.6,112,48.6,129.3],
            [65.2,25.4,0,87.7,136.2,97.1,251.1,137.4,74,154.7],
            [45.6,62.3,87.7,0,91.9,43.3,197.3,86.4,73.5,67],
            [137.5,110.8,136.2,91.9,0,135.2,268.3,70.2,62.2,127.3],
            [31.9,105.6,97.1,43.3,135.2,0,154,129.7,116.8,80.1],
            [185.9,259.6,251.1,197.3,268.3,154,0,198.1,270.8,141],
            [132,112,137.4,86.4,70.2,129.7,198.1,0,96.2,57.1],
            [119.1,48.6,74,73.5,62.2,116.8,270.8,96.2,0,140.5],
            [90.2,129.3,154.7,67,127.3,80.1,141,57.1,140.5,0]
        ],
        "weight_matrix": [
            [0,3,3,3,3,3,3,3,3,3],
            [3,0,3,3,3,3,3,3,3,3],
            [3,3,0,3,3,3,3,3,3,3],
            [3,3,3,0,3,3,3,3,3,3],
            [3,3,3,3,0,3,3,3,3,3],
            [3,3,3,3,3,0,3,3,3,3],
            [3,3,3,3,3,3,0,3,3,3],
            [3,3,3,3,3,3,3,0,3,3],
            [3,3,3,3,3,3,3,3,0,3],
            [3,3,3,3,3,3,3,3,3,0]
        ],
        "probability_matrix": [
            [0,0.11589960238007854,0.07709562507025033,0.1395652868018304,0.12360427089168535,0.1071160530516035,0.10404068988775783,0.1429269296252327,0.11280563065523144,0.07694591163632995],
            [0.1640329264562256,0,0.005801378876320003,0.15462806673923019,0.11342228837220661,0.15055560874663482,0.08316928399445886,0.020422708522041786,0.18332263426053358,0.12464510403234856],
            [0.057229437123422405,0.0902415069031318,0,0.17419905644649908,0.10075522868775595,0.09772459485378947,0.09660610194649528,0.14895523044592418,0.050019654731876785,0.18426918886110508],
            [0.17628217839805135,0.026348744234331853,0.23062914850790217,0,0.061155522722296504,4.7107334061498253E-4,0.003466651659421218,0.2267206318885697,0.0758841646862486,0.19904188456256364],
            [0.027352221830962777,0.09511265688488361,0.13806483374364428,0.16435829127318508,0,0.15685082742178078,0.09426693471757489,0.1992429086170733,0.09197508469086842,0.03277624082002683],
            [0.22038556049057142,0.13137581467594125,0.17587524710271746,0.00569626777530184,0.01654298067436862,0,0.19727185288373858,0.136674165735148,0.09748195840150557,0.0186961522607072],
            [0.1199522334251321,0.23338298803159904,0.13364487720501556,0.04722213937501521,0.10510209090306465,0.0403142979670076,0,0.15419788133867116,0.13558617979156298,0.030597311962931858],
            [0.1075329929678435,0.04851396419254189,0.008215071999523295,0.18386503101628332,0.11426650428224913,0.09544912327460553,0.18201618152865745,0,0.14610965543558263,0.11403147530271314],
            [0.055368073490575855,0.05906206601416575,0.07160649567176333,0.040248952545772494,0.2184065802565313,0.08298756802628009,0.19681538741659327,0.1848522255655115,0,0.09065265101280624],
            [0.14620888764823547,0.08053884680715728,0.10373610077840142,0.13695484198018695,0.10786446037374055,0.047753354997123375,0.09303483992943735,0.1407482752381222,0.1431603922475951,0]
        ],
        "city_names": ["Amsterdam","Rotterdam","Den Haag","Utrecht","Eindhoven","Almere","Groningen","Nijmegen","Breda","Apeldoorn"],
        "reward_matrix": [
            [0,73456,83796,91775,54364,97352,34661,56603,61855,73619],
            [73456,0,99999,84977,65233,67350,4659,64745,90554,57702],
            [83796,99999,0,74637,54893,70810,8119,54405,80214,47362],
            [91775,84977,74637,0,72927,92712,30020,75166,80418,83064],
            [54364,65233,54893,72927,0,55300,1117,81761,85018,58516],
            [97352,67350,70810,92712,55300,0,47647,57539,62791,77731],
            [34661,4659,8119,30020,1117,47647,0,29695,100,52939],
            [56603,64745,54405,75166,81761,57539,29695,0,71177,87094],
            [61855,90554,80214,80418,85018,62791,100,71177,0,53143],
            [73619,57702,47362,83064,58516,77731,52939,87094,53143,0]
        ]
    },
    "vehicle_capacities": [5,25,30,30,30,30,30,30,30,30],
    "runs": [{
        "number_of_vehicles": 5,
        "avg_task_cost_vs_number_of_task": [453,548.75,469.5,772.75,618.5,630,540,498.4375,460.5,398.75,380.1818181818182,337.9166666666667,306.7307692307692,298.3214285714286,295.9,313.34375000000006,278.73529411764713,264.9166666666667,249.10526315789474,282.175,284.904761904762,240.22727272727278,247.6739130434783,219.875,209.4,241.2307692307693,311.9444444444445,210.75,228.93103448275866,239.4]
    }]
}