{
    "vehicle_starting_positions": ["Amsterdam","Rotterdam","Den Haag","Utrecht","Eindhoven","Almere","Groningen","Nijmegen","Breda","Apeldoorn"],
    "task_distribution": {
        "distance_matrix": [
            [0,90.6,65.2,45.6,137.5,31.9,185.9,132,119.1,90.2],
            [90.6,0,25.4,62.3,110.8,105.6,259.6,112,48.6,129.3],
            [65.2,25.4,0,87.7,136.2,97.1,251.1,137.4,74,154.7],
            [45.6,62.3,87.7,0,91.9,43.3,197.3,86.4,73.5,67],
            [137.5,110.8,136.2,91.9,0,135.2,268.3,70.2,62.2,127.3],
            [31.9,105.6,97.1,43.3,135.2,0,154,129.7,116.8,80.1],
            [185.9,259.6,251.1,197.3,268.3,154,0,198.1,270.8,141],
            [132,112,137.4,86.4,70.2,129.7,198.1,0,96.2,57.1],
            [119.1,48.6,74,73.5,62.2,116.8,270.8,96.2,0,140.5],
            [90.2,129.3,154.7,67,127.3,80.1,141,57.1,140.5,0]
        ],
        "weight_matrix": [
            [0,3,3,3,3,3,3,3,3,3],
            [3,0,3,3,3,3,3,3,3,3],
            [3,3,0,3,3,3,3,3,3,3],
            [3,3,3,0,3,3,3,3,3,3],
            [3,3,3,3,0,3,3,3,3,3],
            [3,3,3,3,3,0,3,3,3,3],
            [3,3,3,3,3,3,0,3,3,3],
            [3,3,3,3,3,3,3,0,3,3],
            [3,3,3,3,3,3,3,3,0,3],
            [3,3,3,3,3,3,3,3,3,0]
        ],
        "probability_matrix": [
            [0,0.225145228171783,0.13266252467226972,0.14505669782895764,0.08459112307543176,0.012088777385968608,0.25139722419925975,0.10774552179163081,0.011130360474110968,0.030182542400587827],
            [0.16381758237574387,0,0.011819404436137047,0.05306399177089737,0.18714098706154939,0.10956169198589555,0.12028344840477305,0.14016842998280413,0.16866118885545076,0.045483275126748775],
            [0.17490640892949832,0.0477032719397584,0,0.05674210996008342,0.13507791129932978,0.026707013902258808,0.19907930164403187,0.09775974801572195,0.07764256784358721,0.18438166646573037],
            [0.07648580488789858,0.06602078203827687,0.08296231541869314,0,0.17949334105552192,0.2184346463887665,0.1637269091365306,0.044448969691282855,0.0972033306040677,0.07122390077896208],
            [0.04162430283426403,0.0875430118931886,0.2088980430551344,0.18338980287919593,0,0.01813898982637102,0.10281606370089451,0.15887853239528987,0.15077711311038117,0.04793414030528035],
            [0.3359597735234353,0.02707435044243312,6.699646787984735E-4,0.11173405314438228,0.12703389991532715,0,0.27635962933666586,0.01187705632888448,0.03570675729169765,0.07358451533837558],
            [0.03027926704693319,0.151362874510835,0.17253594409042375,0.19868624065024137,0.02966896093363322,0.02900381191433627,0,0.10135215855838772,0.1453513312486159,0.14175941104659356],
            [0.15111301052753223,0.02579896414759193,0.12315490578274879,0.1018821560791376,0.1103357206944072,0.16417287367174055,0.14501715077336916,0,0.05647865635853222,0.12204656196494021],
            [0.08954827927462285,0.13857789338178908,0.17478009539441752,0.06058696055393959,0.061469325000186766,0.2073546920067673,0.13572467276712039,0.0837541689376099,0,0.04820391268354661],
            [0.14484909986216174,0.14247378200690952,0.13362697688435066,0.0762535035880007,0.10245211488013296,0.19601852946719925,0.1353508955867681,0.0458376894016047,0.0231374083228724,0]
        ],
        "city_names": ["Amsterdam","Rotterdam","Den Haag","Utrecht","Eindhoven","Almere","Groningen","Nijmegen","Breda","Apeldoorn"],
        "reward_matrix": [
            [0,73456,83796,91775,54364,97352,34661,56603,61855,73619],
            [73456,0,99999,84977,65233,67350,4659,64745,90554,57702],
            [83796,99999,0,74637,54893,70810,8119,54405,80214,47362],
            [91775,84977,74637,0,72927,92712,30020,75166,80418,83064],
            [54364,65233,54893,72927,0,55300,1117,81761,85018,58516],
            [97352,67350,70810,92712,55300,0,47647,57539,62791,77731],
            [34661,4659,8119,30020,1117,47647,0,29695,100,52939],
            [56603,64745,54405,75166,81761,57539,29695,0,71177,87094],
            [61855,90554,80214,80418,85018,62791,100,71177,0,53143],
            [73619,57702,47362,83064,58516,77731,52939,87094,53143,0]
        ]
    },
    "vehicle_capacities": [5,10,15,20,25,30,30,30,30,30],
    "runs": [{
        "number_of_vehicles": 5,
        "avg_task_cost_vs_number_of_task": [1040,670.75,474.1666666666667,472,377.6,349.6666666666667,334.42857142857144,363.5625,440.0555555555555,354.1,335.77272727272725,309.37500000000006,284.11538461538464,264.5357142857143,301.4,258.40625,302.2352941176471,289.52777777777777,294.39473684210526,282.7,269.5,254.27272727272728,297.7826086956522,245.70833333333334,244.78,221.03846153846155,235.61111111111111,260.5357142857143,242.91379310344828,214.85]
    }]
}