{
    "vehicle_starting_positions": ["Amsterdam","Rotterdam","Den Haag","Utrecht","Eindhoven","Almere","Groningen","Nijmegen","Breda","Apeldoorn"],
    "task_distribution": {
        "distance_matrix": [
            [0,90.6,65.2,45.6,137.5,31.9,185.9,132,119.1,90.2],
            [90.6,0,25.4,62.3,110.8,105.6,259.6,112,48.6,129.3],
            [65.2,25.4,0,87.7,136.2,97.1,251.1,137.4,74,154.7],
            [45.6,62.3,87.7,0,91.9,43.3,197.3,86.4,73.5,67],
            [137.5,110.8,136.2,91.9,0,135.2,268.3,70.2,62.2,127.3],
            [31.9,105.6,97.1,43.3,135.2,0,154,129.7,116.8,80.1],
            [185.9,259.6,251.1,197.3,268.3,154,0,198.1,270.8,141],
            [132,112,137.4,86.4,70.2,129.7,198.1,0,96.2,57.1],
            [119.1,48.6,74,73.5,62.2,116.8,270.8,96.2,0,140.5],
            [90.2,129.3,154.7,67,127.3,80.1,141,57.1,140.5,0]
        ],
        "weight_matrix": [
            [0,3,3,3,3,3,3,3,3,3],
            [3,0,3,3,3,3,3,3,3,3],
            [3,3,0,3,3,3,3,3,3,3],
            [3,3,3,0,3,3,3,3,3,3],
            [3,3,3,3,0,3,3,3,3,3],
            [3,3,3,3,3,0,3,3,3,3],
            [3,3,3,3,3,3,0,3,3,3],
            [3,3,3,3,3,3,3,0,3,3],
            [3,3,3,3,3,3,3,3,0,3],
            [3,3,3,3,3,3,3,3,3,0]
        ],
        "probability_matrix": [
            [0,6.171214196294346E-4,0.10994564170800591,0.13552230727218118,0.15666464123566073,0.13898526313094908,0.22530466609033908,0.034896122043596885,0.0375902771301441,0.1604739599694936],
            [0.010910827466655072,0,0.19534251666083316,0.013348100164302336,0.16568225066316133,0.009367583846592692,0.11386255048228848,0.11991042773558258,0.18988151134549824,0.1816942316350862],
            [0.11070212420632138,0.22698627929140422,0,0.1613975236781875,0.029139562694069594,0.13632694676497756,0.012376880142176482,0.15810551306122697,0.14367254574599836,0.021292624415637944],
            [0.15223871254480287,0.014006338227519665,0.03092105244653516,0,0.04752921006530794,0.2717182195435117,4.979224090906108E-4,0.17090563669052491,0.003356548639268795,0.3088263594334383],
            [0.14753168805239036,0.18202659302515653,0.11959354141651951,0.11338608255401757,0,0.017406410770966177,0.20033316032881704,0.036007310204617324,0.0014404610828020119,0.18227475256471337],
            [0.14233294529777565,0.15148362846826688,0.1578627804268072,0.18041668916391945,0.14149327153356495,0,0.015927580379196865,0.009655229704580645,0.1322559628301724,0.06857191219571591],
            [0.1474390344770816,0.15727854525060192,0.16526151149612708,0.08179148039885244,0.017823797857392073,0.14296363275951374,0,0.1705847231892366,0.05774795648534277,0.05910931808585173],
            [0.15191666534906148,0.011536137310994897,0.1328768031224611,0.10043368188689518,0.22528727875090232,0.04812352543059476,0.12092222164247048,0,0.04060940890362145,0.1682942776029982],
            [0.09401070739755343,0.09786447921425326,0.03301265370509194,0.15685117715701788,0.07409914025013845,0.08980174962252925,0.08766934669629127,0.18450541053478445,0,0.18218533542234014],
            [0.08008213605983286,0.20966668950699824,0.030838079897028824,0.20553597681882657,0.026159140257758097,0.030253767847313005,0.03287304626684562,0.16626203325197902,0.2183291300934178,0]
        ],
        "city_names": ["Amsterdam","Rotterdam","Den Haag","Utrecht","Eindhoven","Almere","Groningen","Nijmegen","Breda","Apeldoorn"],
        "reward_matrix": [
            [0,73456,83796,91775,54364,97352,34661,56603,61855,73619],
            [73456,0,99999,84977,65233,67350,4659,64745,90554,57702],
            [83796,99999,0,74637,54893,70810,8119,54405,80214,47362],
            [91775,84977,74637,0,72927,92712,30020,75166,80418,83064],
            [54364,65233,54893,72927,0,55300,1117,81761,85018,58516],
            [97352,67350,70810,92712,55300,0,47647,57539,62791,77731],
            [34661,4659,8119,30020,1117,47647,0,29695,100,52939],
            [56603,64745,54405,75166,81761,57539,29695,0,71177,87094],
            [61855,90554,80214,80418,85018,62791,100,71177,0,53143],
            [73619,57702,47362,83064,58516,77731,52939,87094,53143,0]
        ]
    },
    "vehicle_capacities": [5,5,5,20,20,30,30,30,30,30],
    "runs": [{
        "number_of_vehicles": 5,
        "avg_task_cost_vs_number_of_task": [127,455.00000000000006,442.1666666666667,413.125,676.4,563.6666666666667,504.7857142857142,445.3750000000001,449.8888888888889,379.75,329.04545454545456,301.62500000000006,310.6923076923077,318.4285714285714,284.73333333333335,264.21875,283.2352941176471,296.3888888888889,270.1578947368421,271.025,278.7142857142857,290,250.50000000000003,281.7083333333333,278.76,238.6346153846154,271.8518518518519,258.625,235.20689655172413,248.2666666666667]
    }]
}