{
    "vehicle_starting_positions": ["Amsterdam","Rotterdam","Den Haag","Utrecht","Eindhoven","Almere","Groningen","Nijmegen","Breda","Apeldoorn"],
    "task_distribution": {
        "distance_matrix": [
            [0,90.6,65.2,45.6,137.5,31.9,185.9,132,119.1,90.2],
            [90.6,0,25.4,62.3,110.8,105.6,259.6,112,48.6,129.3],
            [65.2,25.4,0,87.7,136.2,97.1,251.1,137.4,74,154.7],
            [45.6,62.3,87.7,0,91.9,43.3,197.3,86.4,73.5,67],
            [137.5,110.8,136.2,91.9,0,135.2,268.3,70.2,62.2,127.3],
            [31.9,105.6,97.1,43.3,135.2,0,154,129.7,116.8,80.1],
            [185.9,259.6,251.1,197.3,268.3,154,0,198.1,270.8,141],
            [132,112,137.4,86.4,70.2,129.7,198.1,0,96.2,57.1],
            [119.1,48.6,74,73.5,62.2,116.8,270.8,96.2,0,140.5],
            [90.2,129.3,154.7,67,127.3,80.1,141,57.1,140.5,0]
        ],
        "weight_matrix": [
            [0,3,3,3,3,3,3,3,3,3],
            [3,0,3,3,3,3,3,3,3,3],
            [3,3,0,3,3,3,3,3,3,3],
            [3,3,3,0,3,3,3,3,3,3],
            [3,3,3,3,0,3,3,3,3,3],
            [3,3,3,3,3,0,3,3,3,3],
            [3,3,3,3,3,3,0,3,3,3],
            [3,3,3,3,3,3,3,0,3,3],
            [3,3,3,3,3,3,3,3,0,3],
            [3,3,3,3,3,3,3,3,3,0]
        ],
        "probability_matrix": [
            [0,0.14051074656414475,0.11891941312650006,0.2210867185520156,0.04903587207478206,0.011049973226144703,0.10818643268235613,0.07420243015238848,0.19454075699911408,0.08246765662255402],
            [0.09627291808924167,0,0.18400868630613507,0.18746596259540005,0.00674732392832778,0.2174573829615098,0.2027065979407224,0.03633443631961676,0.030093911508589442,0.03891278035045684],
            [0.10717206965764627,0.10837279786271257,0,0.06023292670094366,0.0946974785033833,0.15667205052533537,0.10889145415411297,0.15954469026721504,0.15887391756966915,0.04554261475898196],
            [0.020606876080115622,0.03165832484387558,0.17309653733486755,0,0.2605746147710121,0.15819951022778686,0.018737469083364457,0.0574072382497604,0.057797341729012144,0.22192208768020524],
            [0.2146018800928511,0.2205894575387068,0.12252691330077069,0.029941908197747526,0,0.09223319725181908,0.0674537710260736,0.04246758649773204,0.013439872836744306,0.19674541325755482],
            [0.011154504420949861,0.08878785820326439,0.14151226439000178,0.052277334750139466,0.11207741228003935,0,0.12360208109652171,0.21757435948976592,0.17155677742373301,0.0814574079455844],
            [0.1749402437574967,0.11446298159504384,0.22376021824101128,0.022387959260796543,0.18316347404552324,0.11967605186105988,0,0.08170925330115486,0.02461891922765706,0.0552808987102564],
            [0.14961727295504315,0.062420607046986355,0.153352797681424,0.08778416737513309,0.15040998019937432,0.061188889069452204,0.05808494298188765,0,0.14086962521924182,0.13627171747145728],
            [0.21442220632034475,0.07397894168803142,0.1533869949231501,0.13511125317294548,0.14239030005857006,5.705032929912482E-4,0.042055180199082984,0.1855859973084412,0,0.05249862303644291],
            [0.1708533315176791,0.05475746096894044,0.1565650230560557,0.18329315104762506,0.04254358286387317,0.1357662995051136,0.009744776542760725,0.08988099368149742,0.15659538081645477,0]
        ],
        "city_names": ["Amsterdam","Rotterdam","Den Haag","Utrecht","Eindhoven","Almere","Groningen","Nijmegen","Breda","Apeldoorn"],
        "reward_matrix": [
            [0,73456,83796,91775,54364,97352,34661,56603,61855,73619],
            [73456,0,99999,84977,65233,67350,4659,64745,90554,57702],
            [83796,99999,0,74637,54893,70810,8119,54405,80214,47362],
            [91775,84977,74637,0,72927,92712,30020,75166,80418,83064],
            [54364,65233,54893,72927,0,55300,1117,81761,85018,58516],
            [97352,67350,70810,92712,55300,0,47647,57539,62791,77731],
            [34661,4659,8119,30020,1117,47647,0,29695,100,52939],
            [56603,64745,54405,75166,81761,57539,29695,0,71177,87094],
            [61855,90554,80214,80418,85018,62791,100,71177,0,53143],
            [73619,57702,47362,83064,58516,77731,52939,87094,53143,0]
        ]
    },
    "vehicle_capacities": [10,10,15,25,30,30,30,30,30,30],
    "runs": [{
        "number_of_vehicles": 5,
        "avg_task_cost_vs_number_of_task": [1011,584.25,616.5,829.5000000000001,690.8000000000001,575.6666666666667,515.9285714285714,479.93750000000006,511.1666666666667,527.8500000000001,526.6818181818181,465.7916666666667,390.2307692307693,387.2857142857143,337.5666666666667,389.18750000000006,325,295,335.921052631579,304.225,313.4285714285715,278.97727272727275,306.2608695652174,267.8125,279.4599999999999,244.98076923076923,261.77777777777777,255.62500000000006,232.86206896551724,211.18333333333334]
    }]
}