{
    "vehicle_starting_positions": ["Amsterdam","Rotterdam","Den Haag","Utrecht","Eindhoven","Almere","Groningen","Nijmegen","Breda","Apeldoorn"],
    "task_distribution": {
        "distance_matrix": [
            [0,90.6,65.2,45.6,137.5,31.9,185.9,132,119.1,90.2],
            [90.6,0,25.4,62.3,110.8,105.6,259.6,112,48.6,129.3],
            [65.2,25.4,0,87.7,136.2,97.1,251.1,137.4,74,154.7],
            [45.6,62.3,87.7,0,91.9,43.3,197.3,86.4,73.5,67],
            [137.5,110.8,136.2,91.9,0,135.2,268.3,70.2,62.2,127.3],
            [31.9,105.6,97.1,43.3,135.2,0,154,129.7,116.8,80.1],
            [185.9,259.6,251.1,197.3,268.3,154,0,198.1,270.8,141],
            [132,112,137.4,86.4,70.2,129.7,198.1,0,96.2,57.1],
            [119.1,48.6,74,73.5,62.2,116.8,270.8,96.2,0,140.5],
            [90.2,129.3,154.7,67,127.3,80.1,141,57.1,140.5,0]
        ],
        "weight_matrix": [
            [0,3,3,3,3,3,3,3,3,3],
            [3,0,3,3,3,3,3,3,3,3],
            [3,3,0,3,3,3,3,3,3,3],
            [3,3,3,0,3,3,3,3,3,3],
            [3,3,3,3,0,3,3,3,3,3],
            [3,3,3,3,3,0,3,3,3,3],
            [3,3,3,3,3,3,0,3,3,3],
            [3,3,3,3,3,3,3,0,3,3],
            [3,3,3,3,3,3,3,3,0,3],
            [3,3,3,3,3,3,3,3,3,0]
        ],
        "probability_matrix": [
            [0,0.13166306318778317,0.12836666452912338,0.13858217276853693,0.15787928662607206,0.1251580382077673,0.13604273388654228,0.08524167245379372,0.048830808081881796,0.048235560258499316],
            [0.11834302588278629,0,0.05645587974854939,0.012952222857068976,0.11660962580353532,0.12754988722689184,0.14251445850031677,0.06067248560824241,0.18798443690315822,0.1769179774694507],
            [0.15541330814637358,0.11215526099417307,0,0.08259265204213158,0.16284933198456053,0.13575279897608764,0.11647669784938207,0.002355380451891644,0.1471751051838791,0.08522946437152086],
            [0.00487316004025987,0.15297272307438103,0.1758602638873306,0,0.09450065849880057,0.01425213229719213,0.07724348297512879,0.21310649446499377,0.11079316578028131,0.15639791898163202],
            [0.11913233584315792,0.00474942354311663,0.18530274672003177,0.18377431032648078,0,0.02129102391951536,0.0931712998320381,0.17206694203305342,0.19103903790104731,0.02947287988155858],
            [0.05322583994687845,0.15081556048544997,0.15307442603120822,0.1416606547776132,0.16274361522586997,0,0.1015793018252677,0.13170592172918683,0.022575294797949362,0.08261938518057639],
            [0.21792600600187972,0.011226818823575437,0.03276192128248419,0.18967760346271886,0.13721898154005216,0.15129359996902228,0,0.1343266663040635,0.08265911254914712,0.04290929006705698],
            [0.15435032532358628,0.13252027739105882,0.15555491238290647,0.026269078023946256,0.04728392472004381,0.17230279237781784,0.03296391849088522,0,0.14300450269060563,0.13575026859914957],
            [0.03513940897050501,0.01234965748944164,0.27699591914799765,0.08606065098208886,0.013113660594516779,0.11224420298217896,0.12622368515011756,0.12825979625812445,0,0.2096130184250292],
            [0.20783401520063463,0.26904585980751833,0.022105872972017656,0.2108176766065302,0.06841856434996539,0.0641256810458786,0.09970891065553797,0.017651492998353824,0.04029192636356343,0]
        ],
        "city_names": ["Amsterdam","Rotterdam","Den Haag","Utrecht","Eindhoven","Almere","Groningen","Nijmegen","Breda","Apeldoorn"],
        "reward_matrix": [
            [0,73456,83796,91775,54364,97352,34661,56603,61855,73619],
            [73456,0,99999,84977,65233,67350,4659,64745,90554,57702],
            [83796,99999,0,74637,54893,70810,8119,54405,80214,47362],
            [91775,84977,74637,0,72927,92712,30020,75166,80418,83064],
            [54364,65233,54893,72927,0,55300,1117,81761,85018,58516],
            [97352,67350,70810,92712,55300,0,47647,57539,62791,77731],
            [34661,4659,8119,30020,1117,47647,0,29695,100,52939],
            [56603,64745,54405,75166,81761,57539,29695,0,71177,87094],
            [61855,90554,80214,80418,85018,62791,100,71177,0,53143],
            [73619,57702,47362,83064,58516,77731,52939,87094,53143,0]
        ]
    },
    "vehicle_capacities": [25,25,25,30,30,30,30,30,30,30],
    "runs": [{
        "number_of_vehicles": 5,
        "avg_task_cost_vs_number_of_task": [1255.5,971.5,935.3333333333334,765.125,595.1,510.0833333333333,500.5,463.625,453.99999999999994,408.75,386.8636363636364,331.2916666666667,314.4230769230769,303.35714285714283,283.1333333333333,265.4375,268.02941176470586,280.77777777777777,246.73684210526315,314.075,230.47619047619048,221.45454545454547,303.54347826086956,239.43749999999991,259.7,222.59615384615384,238.42592592592592,245.24999999999997,240.22413793103448,213.91666666666666]
    }]
}