{
    "vehicle_starting_positions": ["Amsterdam","Rotterdam","Den Haag","Utrecht","Eindhoven","Almere","Groningen","Nijmegen","Breda","Apeldoorn"],
    "task_distribution": {
        "distance_matrix": [
            [0,90.6,65.2,45.6,137.5,31.9,185.9,132,119.1,90.2],
            [90.6,0,25.4,62.3,110.8,105.6,259.6,112,48.6,129.3],
            [65.2,25.4,0,87.7,136.2,97.1,251.1,137.4,74,154.7],
            [45.6,62.3,87.7,0,91.9,43.3,197.3,86.4,73.5,67],
            [137.5,110.8,136.2,91.9,0,135.2,268.3,70.2,62.2,127.3],
            [31.9,105.6,97.1,43.3,135.2,0,154,129.7,116.8,80.1],
            [185.9,259.6,251.1,197.3,268.3,154,0,198.1,270.8,141],
            [132,112,137.4,86.4,70.2,129.7,198.1,0,96.2,57.1],
            [119.1,48.6,74,73.5,62.2,116.8,270.8,96.2,0,140.5],
            [90.2,129.3,154.7,67,127.3,80.1,141,57.1,140.5,0]
        ],
        "weight_matrix": [
            [0,3,3,3,3,3,3,3,3,3],
            [3,0,3,3,3,3,3,3,3,3],
            [3,3,0,3,3,3,3,3,3,3],
            [3,3,3,0,3,3,3,3,3,3],
            [3,3,3,3,0,3,3,3,3,3],
            [3,3,3,3,3,0,3,3,3,3],
            [3,3,3,3,3,3,0,3,3,3],
            [3,3,3,3,3,3,3,0,3,3],
            [3,3,3,3,3,3,3,3,0,3],
            [3,3,3,3,3,3,3,3,3,0]
        ],
        "probability_matrix": [
            [0,0.05638133810049528,0.1408228963306005,0.08804438187615712,0.04145565338198658,0.21390118221094997,0.02511324651988449,0.027259518337624866,0.19803991711813068,0.20898186612417044],
            [0.1677411688581733,0,0.08119813783183179,0.026460289652660427,0.08777466143358557,0.09712280181233249,0.025566760663719757,0.18767230580493874,0.18630955198523555,0.14015432195752248],
            [0.23530631022974005,0.1520496084639304,0,0.05241621333057247,0.04265211115183259,0.028939426633919577,0.0925524146940722,0.2501766294857355,0.11308654606316285,0.032820739947034466],
            [0.04114552818498809,0.1533244211885378,0.0683298347711378,0,0.031247271344700123,0.09148008907119308,0.1664917121656658,0.09647949030396702,0.1793704850941713,0.1721311678756389],
            [0.18955307225866036,0.15056637992137095,0.080061551127245,0.1471021053587655,0,0.06936350483656359,0.021249222597652117,0.17060324123965495,0.017890312757381777,0.15361060990270586],
            [0.07500457205659034,0.0755230102554028,0.12389401029585533,0.03597580885154702,0.1895739093679847,0,0.08988018052382568,0.16939197101458342,0.15129075865095137,0.08946577898325939],
            [0.10369627834943877,0.058786680811485977,0.12344217585143392,0.07332235597452129,0.17748113293861634,0.21120067511251153,0,0.12398627255579042,0.037106593831951695,0.09097783457425011],
            [0.06303292894060107,0.17561898019911215,0.033892484730610024,0.2994187143885144,0.02630276530318346,0.31316632278851847,0.02461799311882731,0,0.008828038712086057,0.05512177181854719],
            [0.17904848791990655,0.0245454370109021,0.2547023349341909,0.03199164898351471,0.12309983146209606,0.0037146106138177043,0.05582526925576835,0.19498436474243172,0,0.132088015077372],
            [0.18339296334413474,0.10959941013033385,0.17792433176248962,0.054254567980399855,0.046424001414882315,0.09271065551868928,0.14361351704243017,0.15796398133736558,0.03411657146927462,0]
        ],
        "city_names": ["Amsterdam","Rotterdam","Den Haag","Utrecht","Eindhoven","Almere","Groningen","Nijmegen","Breda","Apeldoorn"],
        "reward_matrix": [
            [0,73456,83796,91775,54364,97352,34661,56603,61855,73619],
            [73456,0,99999,84977,65233,67350,4659,64745,90554,57702],
            [83796,99999,0,74637,54893,70810,8119,54405,80214,47362],
            [91775,84977,74637,0,72927,92712,30020,75166,80418,83064],
            [54364,65233,54893,72927,0,55300,1117,81761,85018,58516],
            [97352,67350,70810,92712,55300,0,47647,57539,62791,77731],
            [34661,4659,8119,30020,1117,47647,0,29695,100,52939],
            [56603,64745,54405,75166,81761,57539,29695,0,71177,87094],
            [61855,90554,80214,80418,85018,62791,100,71177,0,53143],
            [73619,57702,47362,83064,58516,77731,52939,87094,53143,0]
        ]
    },
    "vehicle_capacities": [5,5,10,15,15,30,30,30,30,30],
    "runs": [{
        "number_of_vehicles": 5,
        "avg_task_cost_vs_number_of_task": [554,1412.5,960.6666666666666,798.375,688.4,573.6666666666666,509.85714285714283,529.3124999999999,431.05555555555543,491.55,450.95454545454544,438.9583333333334,482.03846153846155,386.39285714285705,361.3999999999999,356.87500000000006,360.5,358.9166666666667,336.50000000000006,336.725,325,345.47727272727275,355.6521739130435,324.6458333333333,321.9,292.0576923076923,301.537037037037,265.375,291.44827586206895,308.5166666666667]
    }]
}