{
    "vehicle_starting_positions": ["Amsterdam","Rotterdam","Den Haag","Utrecht","Eindhoven","Almere","Groningen","Nijmegen","Breda","Apeldoorn"],
    "task_distribution": {
        "distance_matrix": [
            [0,90.6,65.2,45.6,137.5,31.9,185.9,132,119.1,90.2],
            [90.6,0,25.4,62.3,110.8,105.6,259.6,112,48.6,129.3],
            [65.2,25.4,0,87.7,136.2,97.1,251.1,137.4,74,154.7],
            [45.6,62.3,87.7,0,91.9,43.3,197.3,86.4,73.5,67],
            [137.5,110.8,136.2,91.9,0,135.2,268.3,70.2,62.2,127.3],
            [31.9,105.6,97.1,43.3,135.2,0,154,129.7,116.8,80.1],
            [185.9,259.6,251.1,197.3,268.3,154,0,198.1,270.8,141],
            [132,112,137.4,86.4,70.2,129.7,198.1,0,96.2,57.1],
            [119.1,48.6,74,73.5,62.2,116.8,270.8,96.2,0,140.5],
            [90.2,129.3,154.7,67,127.3,80.1,141,57.1,140.5,0]
        ],
        "weight_matrix": [
            [0,3,3,3,3,3,3,3,3,3],
            [3,0,3,3,3,3,3,3,3,3],
            [3,3,0,3,3,3,3,3,3,3],
            [3,3,3,0,3,3,3,3,3,3],
            [3,3,3,3,0,3,3,3,3,3],
            [3,3,3,3,3,0,3,3,3,3],
            [3,3,3,3,3,3,0,3,3,3],
            [3,3,3,3,3,3,3,0,3,3],
            [3,3,3,3,3,3,3,3,0,3],
            [3,3,3,3,3,3,3,3,3,0]
        ],
        "probability_matrix": [
            [0,0.15314377181721117,0.10194026630825094,0.03620454504757696,0.22810748637313044,0.09658893354326362,0.03338570597369518,0.06446644186312639,0.02488468784138334,0.2612781612323622],
            [0.12316666108901207,0,0.12685965676042987,0.14150190964521847,0.1172099704462857,0.10376440729753364,0.10846774917370923,0.14267533675633476,0.10215006047983699,0.034204248351639335],
            [0.1036734523675572,0.05497881381817547,0,0.08543117732204102,0.1911526316392675,0.11192536885370999,0.17467194643446704,0.08485354340346057,0.15791569384685755,0.03539737231446366],
            [0.10411341016907519,0.016583036345784487,0.1877139512639726,0,0.11293875084589489,0.04601729613888439,0.23984036462049577,0.1597479455531578,0.12425642873116924,0.008788816331565622],
            [0.11544624162131502,0.11575234166399997,0.20693421243709448,0.08881763896124573,0,0.05599642907797769,0.04034820205939549,0.07856063254957055,0.15178278740287957,0.1463615142265215],
            [0.16176378351087065,0.10809368326823776,0.16054301187065576,0.0901517697222789,0.020960545903522365,0,0.028254937443080864,0.15797317361232813,0.11845009372331447,0.1538090009457113],
            [0.08400974690179921,0.08988473234524891,0.142953954528729,0.05002112095059675,0.18839747271771062,0.037613489501723954,0,0.13676274389748072,0.0899214176468856,0.18043532150982525],
            [0.15396426922229428,0.030387118845346,0.1158479666176243,0.1659640051208917,0.045427750634283816,0.16288287967286166,0.0952785384994234,0,0.0785120947329951,0.1517353766542799],
            [0.18731377517363168,0.05533470727846962,0.009254890349629182,0.16920852572743506,0.13511123515559192,0.11609953872898779,0.1700838038686208,0.1220961572623028,0,0.035497366455331185],
            [0.14833512773033816,0.14525560032317364,0.17210618108763487,0.1458176029423727,0.11326861202003356,0.11823291836775296,0.10735458336909219,0.04114546820159135,0.00848390595801056,0]
        ],
        "city_names": ["Amsterdam","Rotterdam","Den Haag","Utrecht","Eindhoven","Almere","Groningen","Nijmegen","Breda","Apeldoorn"],
        "reward_matrix": [
            [0,73456,83796,91775,54364,97352,34661,56603,61855,73619],
            [73456,0,99999,84977,65233,67350,4659,64745,90554,57702],
            [83796,99999,0,74637,54893,70810,8119,54405,80214,47362],
            [91775,84977,74637,0,72927,92712,30020,75166,80418,83064],
            [54364,65233,54893,72927,0,55300,1117,81761,85018,58516],
            [97352,67350,70810,92712,55300,0,47647,57539,62791,77731],
            [34661,4659,8119,30020,1117,47647,0,29695,100,52939],
            [56603,64745,54405,75166,81761,57539,29695,0,71177,87094],
            [61855,90554,80214,80418,85018,62791,100,71177,0,53143],
            [73619,57702,47362,83064,58516,77731,52939,87094,53143,0]
        ]
    },
    "vehicle_capacities": [5,20,25,25,30,30,30,30,30,30],
    "runs": [{
        "number_of_vehicles": 5,
        "avg_task_cost_vs_number_of_task": [636.5,432.25,517.3333333333334,759.875,711.9,593.25,554.1428571428571,533.0625000000001,444.66666666666674,429.1500000000001,362.68181818181824,368.1666666666667,375.84615384615387,348.25,347.5,299.59375,306.02941176470586,343.1666666666667,318.94736842105266,266.875,306.57142857142867,249.88636363636363,242.80434782608697,287.5416666666667,230.98,234.65384615384616,267.7962962962963,238.64285714285717,249.6206896551724,273.48333333333335]
    }]
}