{
    "vehicle_starting_positions": ["Amsterdam","Rotterdam","Den Haag","Utrecht","Eindhoven","Almere","Groningen","Nijmegen","Breda","Apeldoorn"],
    "task_distribution": {
        "distance_matrix": [
            [0,90.6,65.2,45.6,137.5,31.9,185.9,132,119.1,90.2],
            [90.6,0,25.4,62.3,110.8,105.6,259.6,112,48.6,129.3],
            [65.2,25.4,0,87.7,136.2,97.1,251.1,137.4,74,154.7],
            [45.6,62.3,87.7,0,91.9,43.3,197.3,86.4,73.5,67],
            [137.5,110.8,136.2,91.9,0,135.2,268.3,70.2,62.2,127.3],
            [31.9,105.6,97.1,43.3,135.2,0,154,129.7,116.8,80.1],
            [185.9,259.6,251.1,197.3,268.3,154,0,198.1,270.8,141],
            [132,112,137.4,86.4,70.2,129.7,198.1,0,96.2,57.1],
            [119.1,48.6,74,73.5,62.2,116.8,270.8,96.2,0,140.5],
            [90.2,129.3,154.7,67,127.3,80.1,141,57.1,140.5,0]
        ],
        "weight_matrix": [
            [0,3,3,3,3,3,3,3,3,3],
            [3,0,3,3,3,3,3,3,3,3],
            [3,3,0,3,3,3,3,3,3,3],
            [3,3,3,0,3,3,3,3,3,3],
            [3,3,3,3,0,3,3,3,3,3],
            [3,3,3,3,3,0,3,3,3,3],
            [3,3,3,3,3,3,0,3,3,3],
            [3,3,3,3,3,3,3,0,3,3],
            [3,3,3,3,3,3,3,3,0,3],
            [3,3,3,3,3,3,3,3,3,0]
        ],
        "probability_matrix": [
            [0,0.20792315407145792,0.13891524519512446,0.041197069213299,0.05697115238558886,0.12136774719816544,0.1287991516184098,0.0074829743718864425,0.0977675864956567,0.19957591945041142],
            [0.057664259266191474,0,0.08786648651263414,0.0757658788255088,0.15537220852237107,0.06922523066074353,0.05537897976238557,0.01645140663222506,0.22081869550012515,0.26145685431781523],
            [0.11740521505520152,0.050336693243906175,0,0.1192684082230892,0.16145104989759107,0.17120326408013817,0.1596774665783563,0.07019948802352287,0.012399052753978755,0.13805936214421594],
            [0.053295529224627214,0.18043160583019927,0.14279643873311113,0,0.05108565719121707,0.12062312358759378,0.1892602156772805,0.05939753383136567,0.003698724541173247,0.1994111713834321],
            [0.0630809328089585,0.10220794554161747,0.15264032602160335,0.06815929020661991,0,0.027838258893693207,0.1298980934497291,0.11587888443660464,0.12654012812949061,0.21375614051168326],
            [0.0904712139109272,0.08780136102345193,0.12794172006765311,0.16120222663047873,0.03209881820686595,0,0.23631436354269544,0.006623934557370104,0.24259098927524306,0.014955372785314417],
            [0.038349619942154696,0.03146271625389004,0.2142030333104348,0.2291869247480273,0.0857526742171779,0.09952014795474369,0,0.018916779441152293,0.036882377731514836,0.2457257264009045],
            [0.04571745043643135,0.11035123501681053,0.1680230546606517,0.10141819523950711,0.06400698099181905,0.09860118708222515,0.17541280038263654,0,0.09527901082141413,0.1411900853685045],
            [0.19338212876790198,0.13333380558917704,0.1868801003619189,0.014334339694687259,0.055564949537052044,0.12727458766451866,0.11936633224066841,0.1531916351771369,0,0.01667212096693887],
            [0.242402397946852,0.17100311403196378,0.0017072196113092658,0.13891563383365205,0.19792567852117782,0.11419397287942178,0.01713123204703685,0.05170552993310532,0.06501522119548095,0]
        ],
        "city_names": ["Amsterdam","Rotterdam","Den Haag","Utrecht","Eindhoven","Almere","Groningen","Nijmegen","Breda","Apeldoorn"],
        "reward_matrix": [
            [0,73456,83796,91775,54364,97352,34661,56603,61855,73619],
            [73456,0,99999,84977,65233,67350,4659,64745,90554,57702],
            [83796,99999,0,74637,54893,70810,8119,54405,80214,47362],
            [91775,84977,74637,0,72927,92712,30020,75166,80418,83064],
            [54364,65233,54893,72927,0,55300,1117,81761,85018,58516],
            [97352,67350,70810,92712,55300,0,47647,57539,62791,77731],
            [34661,4659,8119,30020,1117,47647,0,29695,100,52939],
            [56603,64745,54405,75166,81761,57539,29695,0,71177,87094],
            [61855,90554,80214,80418,85018,62791,100,71177,0,53143],
            [73619,57702,47362,83064,58516,77731,52939,87094,53143,0]
        ]
    },
    "vehicle_capacities": [5,5,15,20,20,30,30,30,30,30],
    "runs": [{
        "number_of_vehicles": 5,
        "avg_task_cost_vs_number_of_task": [687.5,770.25,513.5,455.62500000000006,550.4000000000001,500.75,448.2142857142857,423.9375,379.77777777777777,391,355.45454545454544,367.37499999999994,354.5384615384614,340.75,311.8333333333333,299.59374999999994,333.7647058823529,325.02777777777777,310.7368421052631,278.57499999999993,265,266.38636363636357,305.4130434782609,290.0208333333333,291.86,273.1346153846153,269.59259259259255,264.24999999999994,266.6551724137931,292.8666666666667]
    }]
}