{
    "vehicle_starting_positions": ["Amsterdam","Rotterdam","Den Haag","Utrecht","Eindhoven","Almere","Groningen","Nijmegen","Breda","Apeldoorn"],
    "task_distribution": {
        "distance_matrix": [
            [0,90.6,65.2,45.6,137.5,31.9,185.9,132,119.1,90.2],
            [90.6,0,25.4,62.3,110.8,105.6,259.6,112,48.6,129.3],
            [65.2,25.4,0,87.7,136.2,97.1,251.1,137.4,74,154.7],
            [45.6,62.3,87.7,0,91.9,43.3,197.3,86.4,73.5,67],
            [137.5,110.8,136.2,91.9,0,135.2,268.3,70.2,62.2,127.3],
            [31.9,105.6,97.1,43.3,135.2,0,154,129.7,116.8,80.1],
            [185.9,259.6,251.1,197.3,268.3,154,0,198.1,270.8,141],
            [132,112,137.4,86.4,70.2,129.7,198.1,0,96.2,57.1],
            [119.1,48.6,74,73.5,62.2,116.8,270.8,96.2,0,140.5],
            [90.2,129.3,154.7,67,127.3,80.1,141,57.1,140.5,0]
        ],
        "weight_matrix": [
            [0,3,3,3,3,3,3,3,3,3],
            [3,0,3,3,3,3,3,3,3,3],
            [3,3,0,3,3,3,3,3,3,3],
            [3,3,3,0,3,3,3,3,3,3],
            [3,3,3,3,0,3,3,3,3,3],
            [3,3,3,3,3,0,3,3,3,3],
            [3,3,3,3,3,3,0,3,3,3],
            [3,3,3,3,3,3,3,0,3,3],
            [3,3,3,3,3,3,3,3,0,3],
            [3,3,3,3,3,3,3,3,3,0]
        ],
        "probability_matrix": [
            [0,0.11933983378976243,0.21338826577118963,0.13521179451039134,0.16705732836282783,0.05112928396361989,0.05026474347154011,4.690165965588665E-4,0.11062474115664717,0.15251499237746274],
            [0.1935227350748776,0,0.17620119935183395,0.042353843989192654,0.011152519155792124,0.05490926396763237,0.19109917574869434,0.09694110103758302,0.11111613488306579,0.12270402679132818],
            [0.036287598229675394,0.06390507459996797,0,0.18528507552873585,0.12440754412584724,0.023368875492826378,0.15651757254351203,0.12491602377131505,0.18449706290503518,0.10081517280308477],
            [0.08763819400894345,0.13032057083650153,0.008220944214626203,0,0.17948184157016406,0.22544606782942408,0.024717845525761093,0.1306514712763028,0.1656889984144092,0.047834066323867844],
            [0.1332842328523021,0.20017799083110124,8.29787749581536E-4,0.11615959277986011,0,0.15217308146957947,0.10180864796661881,0.06175791195888546,0.07063736985174707,0.16317138454032423],
            [0.06829655597250159,0.023842198717176775,0.08040366160219946,0.0705990251002709,0.024515952354436196,0,0.05133560914286524,0.19560943992253566,0.23281966180258457,0.25257789538542963],
            [0.04575952449809609,0.12403301996618242,0.09165855535426863,0.0911463600803815,0.23750323000482348,0.06782778732682798,0,0.03861970720093017,0.06262034257507776,0.2408314729934117],
            [0.1563940248859061,0.017608500799871092,0.20425470816386332,0.050978471986462444,7.250348214884243E-4,0.15452823353293424,0.13479497838711604,0,0.19088244012200162,0.08983360730035672],
            [0.17010011797946947,0.16616879172597385,0.14400184432254998,0.036120834039464755,0.02713907699954452,0.23661320302378555,0.07660105476065639,0.016325534802945307,0,0.1269295423456101],
            [0.13563706834460354,0.006347735878849613,0.16570832435626745,0.07018177960446773,0.15692664388139552,0.17232373636528073,0.12323735584672199,0.0781104497933513,0.09152690592906217,0]
        ],
        "city_names": ["Amsterdam","Rotterdam","Den Haag","Utrecht","Eindhoven","Almere","Groningen","Nijmegen","Breda","Apeldoorn"],
        "reward_matrix": [
            [0,73456,83796,91775,54364,97352,34661,56603,61855,73619],
            [73456,0,99999,84977,65233,67350,4659,64745,90554,57702],
            [83796,99999,0,74637,54893,70810,8119,54405,80214,47362],
            [91775,84977,74637,0,72927,92712,30020,75166,80418,83064],
            [54364,65233,54893,72927,0,55300,1117,81761,85018,58516],
            [97352,67350,70810,92712,55300,0,47647,57539,62791,77731],
            [34661,4659,8119,30020,1117,47647,0,29695,100,52939],
            [56603,64745,54405,75166,81761,57539,29695,0,71177,87094],
            [61855,90554,80214,80418,85018,62791,100,71177,0,53143],
            [73619,57702,47362,83064,58516,77731,52939,87094,53143,0]
        ]
    },
    "vehicle_capacities": [5,15,20,20,20,30,30,30,30,30],
    "runs": [{
        "number_of_vehicles": 5,
        "avg_task_cost_vs_number_of_task": [127,293.25,380.1666666666667,522.75,470.9,392.4166666666667,469.14285714285717,453.9375,400.1666666666667,360.15,411.90909090909093,372.375,371.2692307692308,338.85714285714283,357.9,326.6875,341.0882352941177,328.8888888888889,298.42105263157896,304.675,272.1190476190476,309.97727272727275,280.804347826087,253.77083333333334,247.36000000000004,289.6923076923077,277.72222222222223,254.64285714285714,266.1034482758621,252.5]
    }]
}