{
    "vehicle_starting_positions": ["Amsterdam","Rotterdam","Den Haag","Utrecht","Eindhoven","Almere","Groningen","Nijmegen","Breda","Apeldoorn"],
    "task_distribution": {
        "distance_matrix": [
            [0,90.6,65.2,45.6,137.5,31.9,185.9,132,119.1,90.2],
            [90.6,0,25.4,62.3,110.8,105.6,259.6,112,48.6,129.3],
            [65.2,25.4,0,87.7,136.2,97.1,251.1,137.4,74,154.7],
            [45.6,62.3,87.7,0,91.9,43.3,197.3,86.4,73.5,67],
            [137.5,110.8,136.2,91.9,0,135.2,268.3,70.2,62.2,127.3],
            [31.9,105.6,97.1,43.3,135.2,0,154,129.7,116.8,80.1],
            [185.9,259.6,251.1,197.3,268.3,154,0,198.1,270.8,141],
            [132,112,137.4,86.4,70.2,129.7,198.1,0,96.2,57.1],
            [119.1,48.6,74,73.5,62.2,116.8,270.8,96.2,0,140.5],
            [90.2,129.3,154.7,67,127.3,80.1,141,57.1,140.5,0]
        ],
        "weight_matrix": [
            [0,3,3,3,3,3,3,3,3,3],
            [3,0,3,3,3,3,3,3,3,3],
            [3,3,0,3,3,3,3,3,3,3],
            [3,3,3,0,3,3,3,3,3,3],
            [3,3,3,3,0,3,3,3,3,3],
            [3,3,3,3,3,0,3,3,3,3],
            [3,3,3,3,3,3,0,3,3,3],
            [3,3,3,3,3,3,3,0,3,3],
            [3,3,3,3,3,3,3,3,0,3],
            [3,3,3,3,3,3,3,3,3,0]
        ],
        "probability_matrix": [
            [0,0.0642816792609644,0.1382794733040885,0.09376626785801548,0.02727454308651615,0.11681294314720163,0.17641988607641354,0.08057355541906804,0.18325127484699993,0.11934037700073238],
            [0.26381640766417486,0,0.037253112072598196,0.030927079648306918,0.1006893276537308,0.18861974891472774,0.08330279826681414,0.1273452085285575,0.1554563235708616,0.012589993680228064],
            [0.022536646029831707,0.00659939347201085,0,0.1241771634870106,0.14670991930720864,0.11662033291988409,0.19064075677367318,0.19062440618981294,0.17431085712478214,0.027780524695785767],
            [0.0463327675609284,0.12495182502692076,0.14871478217035802,0,0.09898789457212144,0.13970009642021156,0.09281819533229327,0.12695415154628842,0.118069418514745,0.10347086885613321],
            [0.05233604143547064,0.16812887009191008,0.17029450471815938,0.040622372149459546,0,0.18720165925906285,0.1618176988714645,0.20266925037382286,0.009629883602638972,0.007299719498011174],
            [0.08206151594542607,0.1739108690136576,0.2064423187001438,0.03449885870883624,0.11734364164709209,0,0.012653509816102722,0.05214212367823201,0.14399781337625384,0.1769493491142555],
            [0.08058047016543825,0.17967418621281195,0.1754494473217177,0.03886004294147035,0.04188032792439216,0.1721930616871762,0,0.06281722129272582,0.10201991290402557,0.14652532955024197],
            [0.1150103360222932,0.06587323096867828,0.1911659442909253,0.07407911596062278,0.12250891422646207,0.10992137470196513,0.14569589489713258,0,0.13926835792643244,0.036476831005488146],
            [0.0400392461793785,0.17769201885289157,0.20553247167539532,0.0914554681689152,0.10566646071000578,0.21347996259006785,0.14191642802039117,0.019557354090988258,0,0.004660589711966445],
            [0.09941203225533647,0.08712441288828986,0.1790237991840494,0.17884181638877164,0.11106572260510497,0.1827682803024098,0.008835049871510597,0.09619382127306189,0.05673506523146533,0]
        ],
        "city_names": ["Amsterdam","Rotterdam","Den Haag","Utrecht","Eindhoven","Almere","Groningen","Nijmegen","Breda","Apeldoorn"],
        "reward_matrix": [
            [0,73456,83796,91775,54364,97352,34661,56603,61855,73619],
            [73456,0,99999,84977,65233,67350,4659,64745,90554,57702],
            [83796,99999,0,74637,54893,70810,8119,54405,80214,47362],
            [91775,84977,74637,0,72927,92712,30020,75166,80418,83064],
            [54364,65233,54893,72927,0,55300,1117,81761,85018,58516],
            [97352,67350,70810,92712,55300,0,47647,57539,62791,77731],
            [34661,4659,8119,30020,1117,47647,0,29695,100,52939],
            [56603,64745,54405,75166,81761,57539,29695,0,71177,87094],
            [61855,90554,80214,80418,85018,62791,100,71177,0,53143],
            [73619,57702,47362,83064,58516,77731,52939,87094,53143,0]
        ]
    },
    "vehicle_capacities": [5,5,30,30,30,30,30,30,30,30],
    "runs": [{
        "number_of_vehicles": 5,
        "avg_task_cost_vs_number_of_task": [243,229.75,409.8333333333333,416.875,403.7,408.4166666666667,350.07142857142856,306.3125,297.6111111111111,284.95,259.04545454545456,279.875,258.9230769230769,240.42857142857142,275.73333333333335,257.31249999999994,256.02941176470586,289.1666666666667,265.3157894736842,271.55,256.3095238095238,233.02272727272728,239.6304347826087,232.27083333333334,204.84,206.90384615384613,211.37037037037038,187.01785714285714,230.12068965517247,228.21666666666667]
    }]
}