{
    "vehicle_starting_positions": ["Amsterdam","Rotterdam","Den Haag","Utrecht","Eindhoven","Almere","Groningen","Nijmegen","Breda","Apeldoorn"],
    "task_distribution": {
        "distance_matrix": [
            [0,90.6,65.2,45.6,137.5,31.9,185.9,132,119.1,90.2],
            [90.6,0,25.4,62.3,110.8,105.6,259.6,112,48.6,129.3],
            [65.2,25.4,0,87.7,136.2,97.1,251.1,137.4,74,154.7],
            [45.6,62.3,87.7,0,91.9,43.3,197.3,86.4,73.5,67],
            [137.5,110.8,136.2,91.9,0,135.2,268.3,70.2,62.2,127.3],
            [31.9,105.6,97.1,43.3,135.2,0,154,129.7,116.8,80.1],
            [185.9,259.6,251.1,197.3,268.3,154,0,198.1,270.8,141],
            [132,112,137.4,86.4,70.2,129.7,198.1,0,96.2,57.1],
            [119.1,48.6,74,73.5,62.2,116.8,270.8,96.2,0,140.5],
            [90.2,129.3,154.7,67,127.3,80.1,141,57.1,140.5,0]
        ],
        "weight_matrix": [
            [0,3,3,3,3,3,3,3,3,3],
            [3,0,3,3,3,3,3,3,3,3],
            [3,3,0,3,3,3,3,3,3,3],
            [3,3,3,0,3,3,3,3,3,3],
            [3,3,3,3,0,3,3,3,3,3],
            [3,3,3,3,3,0,3,3,3,3],
            [3,3,3,3,3,3,0,3,3,3],
            [3,3,3,3,3,3,3,0,3,3],
            [3,3,3,3,3,3,3,3,0,3],
            [3,3,3,3,3,3,3,3,3,0]
        ],
        "probability_matrix": [
            [0,0.026935767267325366,0.154722343371288,0.04859493452946734,0.1329392170962656,0.09398754394541192,0.1374743734434867,0.09285276393028054,0.14180392831067143,0.17068912810580292],
            [0.04976272810634254,0,0.13857829893113935,0.10645746582243541,0.04604838009517759,0.2524560750098466,0.18322984187646627,0.13729159258773554,0.07715534816793582,0.009020269402920821],
            [0.16795430717204965,0.1350481136292487,0,0.12001912300841024,0.06749315562551432,0.025132493878348816,0.12016539871412246,0.1428396049044075,0.0685733415582722,0.15277446150962606],
            [0.16301021703833193,0.0021732481115538382,0.1597764184728575,0,0.15512304757186582,0.09335922132631404,0.0771674728449406,0.07534105894808053,0.2666732543689212,0.007376061317134648],
            [0.1142620701640786,0.07576057062882471,0.14062901681996806,0.14333065595751424,0,0.042041646217384085,0.15077671736559733,0.07086654731597128,0.06416026931826752,0.19817250621239413],
            [0.1184987169247557,0.12106999293639506,0.12942061361807308,0.04882199476756929,0.2196606458427942,0,0.02495258154059801,0.21530068980375272,0.012096467592314454,0.11017829697374759],
            [0.10233723730641812,0.02090164873107147,0.06171111674307753,0.04929236634644618,0.045172381318867354,0.06900614982221227,0,0.09657651103555362,0.23788802478974502,0.3171145639066083],
            [0.1409827185266726,0.022668725656220384,0.15066989034867806,0.002000560113206856,0.17957454109818352,0.1753601302959275,0.17241297957245108,0,0.15472340076692492,0.0016070536217350682],
            [0.08644854309030424,0.10895984373640157,0.15547153349918613,0.07384722183446805,0.12941209378413154,0.13111155096320817,0.0802269465117392,0.10745099883519132,0,0.1270712677453698],
            [0.16529378535624142,0.05613786926075811,0.03437321159599466,0.21107158506120088,0.23315854616757528,0.08624356768013156,0.04448732948993016,0.11327424387828954,0.05595986150987841,0]
        ],
        "city_names": ["Amsterdam","Rotterdam","Den Haag","Utrecht","Eindhoven","Almere","Groningen","Nijmegen","Breda","Apeldoorn"],
        "reward_matrix": [
            [0,73456,83796,91775,54364,97352,34661,56603,61855,73619],
            [73456,0,99999,84977,65233,67350,4659,64745,90554,57702],
            [83796,99999,0,74637,54893,70810,8119,54405,80214,47362],
            [91775,84977,74637,0,72927,92712,30020,75166,80418,83064],
            [54364,65233,54893,72927,0,55300,1117,81761,85018,58516],
            [97352,67350,70810,92712,55300,0,47647,57539,62791,77731],
            [34661,4659,8119,30020,1117,47647,0,29695,100,52939],
            [56603,64745,54405,75166,81761,57539,29695,0,71177,87094],
            [61855,90554,80214,80418,85018,62791,100,71177,0,53143],
            [73619,57702,47362,83064,58516,77731,52939,87094,53143,0]
        ]
    },
    "vehicle_capacities": [15,15,30,30,30,30,30,30,30,30],
    "runs": [{
        "number_of_vehicles": 5,
        "avg_task_cost_vs_number_of_task": [370,425.5,904.8333333333334,678.625,624.4,552.5833333333334,546.0714285714287,500.3125,424.7222222222223,382.25000000000006,437.5454545454546,364.8333333333333,365.2692307692308,364.2142857142857,350.1333333333333,306.56249999999994,316.9117647058824,291.80555555555554,306.2631578947369,313.925,405.66666666666674,254.4772727272728,317.3913043478261,237.77083333333334,272.40000000000003,242.7115384615385,252.38888888888889,248.07142857142858,259.8103448275862,306.90000000000003]
    }]
}