{
    "vehicle_starting_positions": ["Amsterdam","Rotterdam","Den Haag","Utrecht","Eindhoven","Almere","Groningen","Nijmegen","Breda","Apeldoorn"],
    "task_distribution": {
        "distance_matrix": [
            [0,90.6,65.2,45.6,137.5,31.9,185.9,132,119.1,90.2],
            [90.6,0,25.4,62.3,110.8,105.6,259.6,112,48.6,129.3],
            [65.2,25.4,0,87.7,136.2,97.1,251.1,137.4,74,154.7],
            [45.6,62.3,87.7,0,91.9,43.3,197.3,86.4,73.5,67],
            [137.5,110.8,136.2,91.9,0,135.2,268.3,70.2,62.2,127.3],
            [31.9,105.6,97.1,43.3,135.2,0,154,129.7,116.8,80.1],
            [185.9,259.6,251.1,197.3,268.3,154,0,198.1,270.8,141],
            [132,112,137.4,86.4,70.2,129.7,198.1,0,96.2,57.1],
            [119.1,48.6,74,73.5,62.2,116.8,270.8,96.2,0,140.5],
            [90.2,129.3,154.7,67,127.3,80.1,141,57.1,140.5,0]
        ],
        "weight_matrix": [
            [0,3,3,3,3,3,3,3,3,3],
            [3,0,3,3,3,3,3,3,3,3],
            [3,3,0,3,3,3,3,3,3,3],
            [3,3,3,0,3,3,3,3,3,3],
            [3,3,3,3,0,3,3,3,3,3],
            [3,3,3,3,3,0,3,3,3,3],
            [3,3,3,3,3,3,0,3,3,3],
            [3,3,3,3,3,3,3,0,3,3],
            [3,3,3,3,3,3,3,3,0,3],
            [3,3,3,3,3,3,3,3,3,0]
        ],
        "probability_matrix": [
            [0,0.20144721435916096,0.015880570567407958,0.07344559640144092,6.870099655572028E-4,0.1651997277879784,0.18815687236147047,0.11164841310763488,0.20940392829090096,0.034130667158448265],
            [0.03238720770128771,0,0.15012090947321866,0.09150942369793927,0.098068445615804,0.09128390031610015,0.15388886146905525,0.13797553657707565,0.1476175743610011,0.09714814078851808],
            [0.17423356969986215,0.00484184130592667,0,0.16041395194745323,0.14351130389597672,0.17093199138707568,0.08171965855656015,0.07157372592071387,0.13609525941393713,0.056678697872494424],
            [0.14791313948171772,0.06076232421592258,0.21362699177253844,0,0.0799276258417815,0.12007561855704099,0.11356903447338279,0.07580103928242246,0.14880799168452347,0.03951623469067005],
            [0.12957200259970972,0.1367411969909515,0.0916232961375555,0.18734545601044064,0,0.07558173345554972,0.11260301865525937,0.0748525776069569,0.11815540505141242,0.07352531349216417],
            [0.04572159445144082,0.09266235916365619,0.1765853708418418,0.1263069118755063,0.12527708665932547,0,0.17652327223392075,0.10424416728657375,0.062105261746205606,0.09057397574152948],
            [0.12216539588979661,0.08830712718963217,0.12307207174579862,0.02020440250948992,0.08445038155794006,0.2012050532097345,0,0.10509980993281835,0.16791606503717857,0.08757969292761131],
            [0.19333735496145305,0.18252233244662763,0.08843059774135528,0.0766208665574732,0.16178999169719893,0.12591162363116803,0.0036785992367270363,0,0.0036035342131003896,0.16410509951489652],
            [0.01367902875061139,0.16287336718631854,0.1434887228227563,0.09949178939590916,0.1347799475533489,0.11136019634707624,0.08193178572188417,0.13662018123605452,0,0.1157749809860407],
            [0.1941072104895692,0.10095665232374781,0.1202870336491368,0.0830773854147897,0.07521111171336728,0.16581153886561165,0.06368440955840497,0.12199812579573668,0.074866532189636,0]
        ],
        "city_names": ["Amsterdam","Rotterdam","Den Haag","Utrecht","Eindhoven","Almere","Groningen","Nijmegen","Breda","Apeldoorn"],
        "reward_matrix": [
            [0,73456,83796,91775,54364,97352,34661,56603,61855,73619],
            [73456,0,99999,84977,65233,67350,4659,64745,90554,57702],
            [83796,99999,0,74637,54893,70810,8119,54405,80214,47362],
            [91775,84977,74637,0,72927,92712,30020,75166,80418,83064],
            [54364,65233,54893,72927,0,55300,1117,81761,85018,58516],
            [97352,67350,70810,92712,55300,0,47647,57539,62791,77731],
            [34661,4659,8119,30020,1117,47647,0,29695,100,52939],
            [56603,64745,54405,75166,81761,57539,29695,0,71177,87094],
            [61855,90554,80214,80418,85018,62791,100,71177,0,53143],
            [73619,57702,47362,83064,58516,77731,52939,87094,53143,0]
        ]
    },
    "vehicle_capacities": [20,20,20,30,30,30,30,30,30,30],
    "runs": [{
        "number_of_vehicles": 5,
        "avg_task_cost_vs_number_of_task": [645,386,271.5,375.37499999999994,404.09999999999997,364.0833333333333,363.42857142857144,459.5,457.8888888888889,457.4,363.90909090909093,381.1666666666667,360.2692307692308,338,323.8,332.46875,301.02941176470586,288.8888888888889,282.3684210526315,309.6,303.5714285714286,311.00000000000006,265.7826086956522,286.1458333333333,272.84,269.6923076923077,277.98148148148147,267.625,265.13793103448273,248.81666666666666]
    }]
}