{
    "vehicle_starting_positions": ["Amsterdam","Rotterdam","Den Haag","Utrecht","Eindhoven","Almere","Groningen","Nijmegen","Breda","Apeldoorn"],
    "task_distribution": {
        "distance_matrix": [
            [0,90.6,65.2,45.6,137.5,31.9,185.9,132,119.1,90.2],
            [90.6,0,25.4,62.3,110.8,105.6,259.6,112,48.6,129.3],
            [65.2,25.4,0,87.7,136.2,97.1,251.1,137.4,74,154.7],
            [45.6,62.3,87.7,0,91.9,43.3,197.3,86.4,73.5,67],
            [137.5,110.8,136.2,91.9,0,135.2,268.3,70.2,62.2,127.3],
            [31.9,105.6,97.1,43.3,135.2,0,154,129.7,116.8,80.1],
            [185.9,259.6,251.1,197.3,268.3,154,0,198.1,270.8,141],
            [132,112,137.4,86.4,70.2,129.7,198.1,0,96.2,57.1],
            [119.1,48.6,74,73.5,62.2,116.8,270.8,96.2,0,140.5],
            [90.2,129.3,154.7,67,127.3,80.1,141,57.1,140.5,0]
        ],
        "weight_matrix": [
            [0,3,3,3,3,3,3,3,3,3],
            [3,0,3,3,3,3,3,3,3,3],
            [3,3,0,3,3,3,3,3,3,3],
            [3,3,3,0,3,3,3,3,3,3],
            [3,3,3,3,0,3,3,3,3,3],
            [3,3,3,3,3,0,3,3,3,3],
            [3,3,3,3,3,3,0,3,3,3],
            [3,3,3,3,3,3,3,0,3,3],
            [3,3,3,3,3,3,3,3,0,3],
            [3,3,3,3,3,3,3,3,3,0]
        ],
        "probability_matrix": [
            [0,0.060485373638168506,0.08344594506857891,0.07273724604209693,0.004249580700303407,0.07924411761265762,0.04665039089827061,0.2894095575585584,0.22764328680725582,0.13613450167410987],
            [0.06936127294069976,0,0.03995918909259248,0.18701516826331546,0.12019909146326195,0.18463058975184382,0.04499923351570983,0.07922642428298228,0.12809861824167146,0.14651041244792298],
            [0.12539318184321743,0.07221632814419503,0,0.01849859393802389,0.11320966302456663,0.15724221100900118,0.055238672669647305,0.13585589266009185,0.2038036168630707,0.11854183984818617],
            [0.0625247347165848,0.02961832898825164,0.12759322179887228,0,0.10244196045474128,0.12041604346182583,0.2189686187480927,0.13657150005081542,0.0789132733182452,0.12295231846257096],
            [0.2647793343623861,0.07813550654514981,0.0034275342404857267,0.16217613683547327,0,0.003435746761656163,0.19244180658490612,0.050206866577271185,0.13410295410642809,0.11129411398624336],
            [0.16918784864633057,0.1608082914340474,0.060666630530127906,0.013979499121500118,0.016816673949619658,0,0.10715124632946167,0.15120488012478053,0.19041896102778136,0.12976596883635064],
            [0.15884655816688206,0.015299615597786663,0.13522074908375542,0.10066108022071467,0.18204009461320952,0.10006078368213284,0,0.057416844208723464,0.13360794179845964,0.1168463326283357],
            [0.16294288669089954,0.1683719657802152,0.030439905056736157,0.11542145874356176,0.07442849700402725,0.1863995869633701,0.18659393682037811,0,0.011404654140361646,0.06399710880045013],
            [0.03570633085943328,0.16966588225511728,0.11769494289424645,0.21004106998034272,0.21443698926394147,0.10128145181408157,0.030896939678496493,0.0023698753201934265,0,0.11790651793414718],
            [0.069294219440908,0.12074883525792328,0.08854388125257119,0.08486684277380403,0.057516134445727035,0.17498344068302288,0.16450314317560605,0.18525936017533262,0.05428414279510491,0]
        ],
        "city_names": ["Amsterdam","Rotterdam","Den Haag","Utrecht","Eindhoven","Almere","Groningen","Nijmegen","Breda","Apeldoorn"],
        "reward_matrix": [
            [0,73456,83796,91775,54364,97352,34661,56603,61855,73619],
            [73456,0,99999,84977,65233,67350,4659,64745,90554,57702],
            [83796,99999,0,74637,54893,70810,8119,54405,80214,47362],
            [91775,84977,74637,0,72927,92712,30020,75166,80418,83064],
            [54364,65233,54893,72927,0,55300,1117,81761,85018,58516],
            [97352,67350,70810,92712,55300,0,47647,57539,62791,77731],
            [34661,4659,8119,30020,1117,47647,0,29695,100,52939],
            [56603,64745,54405,75166,81761,57539,29695,0,71177,87094],
            [61855,90554,80214,80418,85018,62791,100,71177,0,53143],
            [73619,57702,47362,83064,58516,77731,52939,87094,53143,0]
        ]
    },
    "vehicle_capacities": [15,20,20,20,30,30,30,30,30,30],
    "runs": [{
        "number_of_vehicles": 5,
        "avg_task_cost_vs_number_of_task": [1341.5,976,817.5,780.375,647.4000000000001,539.5000000000001,462.4285714285715,465.81250000000006,411.3888888888889,385.84999999999997,364.3636363636364,316.75,340.1923076923077,303.82142857142856,297.5,310.09375,284.6470588235294,245.77777777777777,294.7894736842105,274.65,223.92857142857142,230.3181818181818,297.2173913043478,243.14583333333337,210.98,237.6153846153846,213.7037037037037,221.82142857142858,235.17241379310346,203.4]
    }]
}