{
    "vehicle_starting_positions": ["Amsterdam","Rotterdam","Den Haag","Utrecht","Eindhoven","Almere","Groningen","Nijmegen","Breda","Apeldoorn"],
    "task_distribution": {
        "distance_matrix": [
            [0,90.6,65.2,45.6,137.5,31.9,185.9,132,119.1,90.2],
            [90.6,0,25.4,62.3,110.8,105.6,259.6,112,48.6,129.3],
            [65.2,25.4,0,87.7,136.2,97.1,251.1,137.4,74,154.7],
            [45.6,62.3,87.7,0,91.9,43.3,197.3,86.4,73.5,67],
            [137.5,110.8,136.2,91.9,0,135.2,268.3,70.2,62.2,127.3],
            [31.9,105.6,97.1,43.3,135.2,0,154,129.7,116.8,80.1],
            [185.9,259.6,251.1,197.3,268.3,154,0,198.1,270.8,141],
            [132,112,137.4,86.4,70.2,129.7,198.1,0,96.2,57.1],
            [119.1,48.6,74,73.5,62.2,116.8,270.8,96.2,0,140.5],
            [90.2,129.3,154.7,67,127.3,80.1,141,57.1,140.5,0]
        ],
        "weight_matrix": [
            [0,3,3,3,3,3,3,3,3,3],
            [3,0,3,3,3,3,3,3,3,3],
            [3,3,0,3,3,3,3,3,3,3],
            [3,3,3,0,3,3,3,3,3,3],
            [3,3,3,3,0,3,3,3,3,3],
            [3,3,3,3,3,0,3,3,3,3],
            [3,3,3,3,3,3,0,3,3,3],
            [3,3,3,3,3,3,3,0,3,3],
            [3,3,3,3,3,3,3,3,0,3],
            [3,3,3,3,3,3,3,3,3,0]
        ],
        "probability_matrix": [
            [0,0.02338431940301791,0.029618025469152858,0.17282505017004968,0.12541175724476,0.14274836610926886,0.1418830942680579,0.12168572567153339,0.03944526849325594,0.20299839317090326],
            [0.10412928836848036,0,0.11245177511779585,0.13002694226800926,0.09180441224888904,0.05954140298389359,0.14404108470589977,0.09966492850200366,0.10702944520485252,0.151310720600176],
            [0.09906118391284159,0.04159359874100764,0,0.016154839129539036,0.10122802374825908,0.10905155298277339,0.10579162739855635,0.25217536308769006,0.1354179872096784,0.1395258237896544],
            [0.18715348032269738,0.00996298304592316,0.0014036468323798878,0,0.15889717114972576,0.17005737913423097,0.15229088039787822,0.1473165909983615,0.09571082043665527,0.07720704768214784],
            [0.12065296160287482,0.17072906328462537,0.11788252876367328,0.1424365484930919,0,0.04165014618047418,0.08752873081088094,0.1287480056562371,0.05388400665209651,0.13648800855604604],
            [0.05882909800949214,0.15520919461131263,0.07931008018835656,0.15637114533104882,0.12434590396541452,0,0.16928928006393903,0.09563944290419438,0.04141514442761297,0.11959071049862913],
            [0.13423531683114714,0.03195356308239602,0.21157045737243146,0.07150273390636487,0.02311523661826209,0.2205343835234059,0,0.008202400573294112,0.1583480881475583,0.1405378199451401],
            [0.07279896062891386,0.15678351804101895,0.03380588183512098,0.13212754344746314,0.053319706817104406,0.24519256783534474,0.08440150666950125,0,0.17446803279841552,0.04710228192711699],
            [0.1489320885856512,0.125159637249595,0.0541094022061485,0.06120654689412342,0.09608961538356513,0.10785049754327647,0.14157768577123567,0.10207385643864832,0,0.1630006699277564],
            [0.19543165842315902,0.1098230393875319,0.06578773040377935,0.052294904261353664,0.08660808478519852,0.004464702770813542,0.19246666582222208,0.18190136952914793,0.11122184461679395,0]
        ],
        "city_names": ["Amsterdam","Rotterdam","Den Haag","Utrecht","Eindhoven","Almere","Groningen","Nijmegen","Breda","Apeldoorn"],
        "reward_matrix": [
            [0,73456,83796,91775,54364,97352,34661,56603,61855,73619],
            [73456,0,99999,84977,65233,67350,4659,64745,90554,57702],
            [83796,99999,0,74637,54893,70810,8119,54405,80214,47362],
            [91775,84977,74637,0,72927,92712,30020,75166,80418,83064],
            [54364,65233,54893,72927,0,55300,1117,81761,85018,58516],
            [97352,67350,70810,92712,55300,0,47647,57539,62791,77731],
            [34661,4659,8119,30020,1117,47647,0,29695,100,52939],
            [56603,64745,54405,75166,81761,57539,29695,0,71177,87094],
            [61855,90554,80214,80418,85018,62791,100,71177,0,53143],
            [73619,57702,47362,83064,58516,77731,52939,87094,53143,0]
        ]
    },
    "vehicle_capacities": [15,15,15,15,25,30,30,30,30,30],
    "runs": [{
        "number_of_vehicles": 5,
        "avg_task_cost_vs_number_of_task": [687.5,453.25,484,410.12499999999994,371.4,310.91666666666663,321.2142857142857,309.125,434.11111111111114,347.55,331.1818181818182,303.5833333333333,323.5,310.9642857142857,317,292.78125,243.55882352941182,279.52777777777777,250.07894736842104,260.625,209.9047619047619,232.25,268.5869565217391,200.91666666666666,235.82,237.69230769230768,207.74074074074073,232.71428571428572,209.93103448275863,237.99999999999997]
    }]
}