{
    "vehicle_starting_positions": ["Sheffield","Newcastle","Leeds","Norwich","Portsmouth","Birmingham","London","Liverpool","Manchester","Cardiff","Plymouth"],
    "task_distribution": {
        "weight_matrix": [
            [0,3,3,3,3,3,3,3,3,3,3],
            [3,0,3,3,3,3,3,3,3,3,3],
            [3,3,0,3,3,3,3,3,3,3,3],
            [3,3,3,0,3,3,3,3,3,3,3],
            [3,3,3,3,0,3,3,3,3,3,3],
            [3,3,3,3,3,0,3,3,3,3,3],
            [3,3,3,3,3,3,0,3,3,3,3],
            [3,3,3,3,3,3,3,0,3,3,3],
            [3,3,3,3,3,3,3,3,0,3,3],
            [3,3,3,3,3,3,3,3,3,0,3],
            [3,3,3,3,3,3,3,3,3,3,0]
        ],
        "probability_matrix": [
            [0,0.12089464867147634,0.1924892583200395,0.15760270415656225,0.0671716486467607,0.13135208360602968,0.08781795089351692,0.11068076643025956,0.052926004041018014,0.03396916735549647,0.04509576787884033],
            [0.09294973900961608,0,0.20565303425591147,0.16532281150052378,4.6629857531816264E-5,0.1090312117750993,0.10977700537259998,0.04064329232756293,0.0164937187276847,0.06764974780567916,0.19243280936779092],
            [0.07484259182571226,0.13007309288825622,0,0.15119331731217409,0.05715183669510183,0.044130091936386166,0.09833569918320421,0.1322296634706578,0.07685995560244469,0.0668234370787303,0.16836031400733237],
            [0.011951955235195311,0.122350118031347,0.14957265424029761,0,0.12632993569838663,0.13116975331141828,0.12982509651379592,0.05469394587510351,0.14237644829446147,0.03728730602816731,0.09444278677182684],
            [0.10349753127346482,0.16695177591459584,0.20100392005634404,0.15287676252638507,0,0.07248152003749204,0.0614957722057639,0.06171636074878296,0.11819399525726547,0.046403371811711086,0.01537899016819459],
            [0.06669287122146969,0.019741721024764132,0.17088903911500533,0.06356661881325495,0.18703759301086523,0,0.11369237488454598,0.11496199616303918,0.10611145713794425,0.015141339031545896,0.14216498959756527],
            [0.12056663747005945,0.0150840484838826,0.21898272387818635,0.07485438037191329,0.1030795093558048,0.19755466762430246,0,0.10395875153336165,0.006641185539756792,0.036373652755130124,0.12290444298760247],
            [0.14119234059322347,0.10280086890345702,0.1448967442129374,0.026080157483439635,0.09417623974859182,0.07556308105456662,0.13626251945950188,0,0.0887940127126732,0.15317745451519496,0.03705658131641416],
            [0.18318533538275883,0.14682079272600113,0.1487445851054168,0.07708677975479136,0.08934803269410635,0.08452477684206583,0.04678753761707236,0.1321794372120024,0,0.033335929299718,0.05798679336606695],
            [0.0526786674114164,0.02923608171698116,0.09715807767396253,0.17738848942356886,0.13034113505638273,0.11458754254948464,0.10664204910751035,0.14569725860685356,0.11201186385900598,0,0.03425883459483385],
            [0.06145908993878636,0.2170089864286168,0.041404738060588975,0.024472344159682167,0.07148260879607021,0.09038075808710921,0.04872285300290768,0.17630050068251207,0.030644766310850634,0.2381233545328758,0]
        ],
        "city_names": ["Cardiff","Newcastle","Plymouth","Norwich","Manchester","London","Leeds","Sheffield","Birmingham","Liverpool","Portsmouth"],
        "reward_matrix": [
            [0,44455,20684,43918,68638,64503,62087,69479,85625,62427,51114],
            [44455,0,100,23333,69390,43918,88578,81186,65040,75601,30529],
            [20684,100,0,41806,24282,62391,17731,25123,41269,18071,75780],
            [43918,23333,41806,0,47516,85625,40965,48357,64503,41305,72236],
            [68638,69390,24282,47516,0,68101,87021,79628,89223,99999,54712],
            [64503,43918,62391,85625,68101,0,61550,68942,85088,61890,92821],
            [62087,88578,17731,40965,87021,61550,0,98817,82671,93232,48161],
            [69479,81186,25123,48357,79628,68942,98817,0,90064,85840,55553],
            [85625,65040,41269,64503,89223,85088,82671,90064,0,83012,71699],
            [62427,75601,18071,41305,99999,61890,93232,85840,83012,0,48501],
            [51114,30529,75780,72236,54712,92821,48161,55553,71699,48501,0]
        ]
    },
    "runs": [
        {
            "number_of_vehicles": 2,
            "avg_task_cost_vs_number_of_task": [206.5,608.5,602.3333333333334,886.7499999999998,709.3999999999999,999.1666666666666,856.4285714285714,793.5,887.8333333333334,749.8,786.181818181818,720.6666666666665,722.6153846153846,652.8928571428571,609.3666666666667,589.75,615.0294117647056,592.1666666666666,546.9999999999998,537.075,595.9047619047619,491.02272727272725,455,524.5833333333334,432.1,535.4615384615386,475.5925925925927,492.4642857142857,509.5172413793104,505.8833333333333]
        },
        {
            "number_of_vehicles": 3,
            "avg_task_cost_vs_number_of_task": [206.5,608.5,602.3333333333334,835.1249999999999,668.0999999999999,999.1666666666666,856.4285714285714,793.5,833.1111111111111,749.8,786.181818181818,720.6666666666665,687.9615384615385,646.2142857142857,609.3666666666667,699.9375,615.0294117647056,580.8611111111111,618.7894736842105,627.7750000000001,488.04761904761904,475.25,419.69565217391306,517.9166666666667,446.04,578.3846153846155,489.20370370370375,488.3392857142858,597.2758620689655,475.5]
        },
        {
            "number_of_vehicles": 4,
            "avg_task_cost_vs_number_of_task": [206.5,608.5,602.3333333333334,835.1249999999999,709.3999999999999,999.1666666666666,856.4285714285714,793.5,833.1111111111111,775.75,786.1818181818181,720.6666666666666,695.9230769230769,671.4285714285714,585.8333333333334,618.03125,615.0294117647059,610.9444444444443,651.7631578947369,549.8499999999999,511.6666666666667,511.13636363636374,566.6521739130434,435.6458333333334,495.8,509,488.14814814814815,448.125,469.51724137931035,486.5]
        },
        {
            "number_of_vehicles": 5,
            "avg_task_cost_vs_number_of_task": [206.5,608.5,602.3333333333334,835.1249999999999,668.0999999999999,967.3333333333334,829.1428571428571,746.75,727.6666666666666,749.8,699.9090909090909,742.2916666666666,602.9615384615385,585.1071428571428,642.5,571.28125,652.8823529411765,597,654.2105263157896,549.8499999999999,533.5,504.5,493.2173913043478,549.5833333333334,474.6,415.4807692307692,478.7777777777779,473.9107142857143,477.44827586206895,434.48333333333335]
        }
    ]
}