{
    "vehicle_starting_positions": ["Norwich","Liverpool","Leeds","Cardiff","Plymouth","Newcastle","Birmingham","Portsmouth","Manchester","London","Sheffield"],
    "task_distribution": {
        "weight_matrix": [
            [0,3,3,3,3,3,3,3,3,3,3],
            [3,0,3,3,3,3,3,3,3,3,3],
            [3,3,0,3,3,3,3,3,3,3,3],
            [3,3,3,0,3,3,3,3,3,3,3],
            [3,3,3,3,0,3,3,3,3,3,3],
            [3,3,3,3,3,0,3,3,3,3,3],
            [3,3,3,3,3,3,0,3,3,3,3],
            [3,3,3,3,3,3,3,0,3,3,3],
            [3,3,3,3,3,3,3,3,0,3,3],
            [3,3,3,3,3,3,3,3,3,0,3],
            [3,3,3,3,3,3,3,3,3,3,0]
        ],
        "probability_matrix": [
            [0,0.0660518387356853,0.03788744399665488,0.00386422415166558,0.053695800130357615,0.11385462480922423,0.05985264938102363,0.1069248375959016,0.1821652963217934,0.2242058969032502,0.15149738797444345],
            [0.15547666524659845,0,0.12797825725696602,0.01918889836853985,0.031037680180537593,0.19023692963901906,0.10727167267165325,0.043340839286146966,0.16158824147640824,0.1193994194161637,0.044481396457966754],
            [0.10015186135735858,0.09037343327465436,0,0.05261380139017992,0.14862453015589525,0.1340156836326047,0.08483832586308379,0.15346222301434947,0.18777579626317734,0.031153487492021258,0.01699085755667517],
            [0.0250150872662356,0.08535259054163484,0.1493826397037764,0,0.13533420447903277,0.15848747009505598,0.03335517092163479,0.14094510987979397,0.11465084540887896,0.05521658785160504,0.10226029385235154],
            [0.006253848230271178,0.23020073950056327,0.05488483566822776,0.0644666187977807,0,0.2443470576172214,0.018564737920165362,0.0855858780267111,0.0010601697980234112,0.13482508267865795,0.1598110317623779],
            [0.13179606040828892,0.141407590694491,0.08574415559937061,0.1433869886735678,0.05862723934322418,0,0.045886130577433376,0.13497247846527793,0.1133705443416118,0.04345997615552402,0.10134883574121019],
            [0.08954960497999015,0.15658206414661435,0.18784134017696913,0.028329288393507165,0.04687435031605636,0.1014283173797162,0,0.0029993275485707253,0.12459364893603403,0.14215920394395737,0.1196428541785845],
            [0.09909191732131599,0.21537566451139487,0.11282646770722947,0.053153221926753216,0.11591587060759517,0.04786466544362497,2.559666949962503E-4,0,0.03424976702769028,0.08725552654685821,0.23401093221254154],
            [0.1287718096111302,0.06753317167952057,0.14640678110739136,0.05917192203076044,0.009682841352450325,0.1922556377550605,0.023141897319612355,0.038972943287588546,0,0.18713390903474664,0.14692908682173925],
            [0.0347838954917275,0.20962261099071128,0.1256365763819306,0.014926970094746486,0.11449988328126572,0.1011967649300401,0.1389480765398602,0.0875279931138047,0.06628150877503493,0,0.10657572040087855],
            [0.12532725389969981,0.1357381869604823,0.0383540968637744,0.11967351879989538,0.01922421534221936,0.10182466592358823,0.07781395723427904,0.09098747995245014,0.1389463706641756,0.1521102543594357,0]
        ],
        "city_names": ["Cardiff","Newcastle","Plymouth","Norwich","Manchester","London","Leeds","Sheffield","Birmingham","Liverpool","Portsmouth"],
        "reward_matrix": [
            [0,44455,20684,43918,68638,64503,62087,69479,85625,62427,51114],
            [44455,0,100,23333,69390,43918,88578,81186,65040,75601,30529],
            [20684,100,0,41806,24282,62391,17731,25123,41269,18071,75780],
            [43918,23333,41806,0,47516,85625,40965,48357,64503,41305,72236],
            [68638,69390,24282,47516,0,68101,87021,79628,89223,99999,54712],
            [64503,43918,62391,85625,68101,0,61550,68942,85088,61890,92821],
            [62087,88578,17731,40965,87021,61550,0,98817,82671,93232,48161],
            [69479,81186,25123,48357,79628,68942,98817,0,90064,85840,55553],
            [85625,65040,41269,64503,89223,85088,82671,90064,0,83012,71699],
            [62427,75601,18071,41305,99999,61890,93232,85840,83012,0,48501],
            [51114,30529,75780,72236,54712,92821,48161,55553,71699,48501,0]
        ]
    },
    "runs": [
        {
            "number_of_vehicles": 2,
            "avg_task_cost_vs_number_of_task": [1898,1130.25,977.6666666666666,733.25,854.2,1238.5,1139.5,997.0625,1014.0555555555555,912.65,881.0454545454545,760.5416666666666,702.0384615384615,664.2857142857143,631.9666666666667,628,547.0588235294117,507.02777777777777,624.263157894737,566.2499999999999,478.4761904761905,464.6363636363636,534.0652173913041,568,522.4799999999999,501.2307692307692,488.07407407407413,528,461.67241379310343,449.5333333333334]
        },
        {
            "number_of_vehicles": 3,
            "avg_task_cost_vs_number_of_task": [1898,1130.25,977.6666666666666,733.25,854.2,1238.5,1138.142857142857,997.0625,976.3888888888889,878.75,828.8181818181819,759.75,701.3076923076923,651.8928571428571,608.4333333333333,570.40625,624.1176470588235,507.02777777777777,528.8421052631579,516,523.6666666666666,433.1818181818181,443.7173913043478,570.4583333333334,476.14,487.63461538461536,425.8703703703704,467.3035714285714,515.5344827586207,527.2]
        },
        {
            "number_of_vehicles": 4,
            "avg_task_cost_vs_number_of_task": [1898,1130.25,977.6666666666666,733.25,854.2,1238.5,1091.0714285714287,980.5,976.3888888888889,887,836.3181818181819,766.625,702.0384615384615,651.2142857142857,640.8333333333334,583.28125,548.9705882352941,532.7222222222222,538.921052631579,515.275,481.1666666666667,465.8636363636364,450.45652173913044,470.0208333333333,459.94,492.8269230769231,455.6111111111111,439.51785714285717,436.1551724137931,408.55]
        },
        {
            "number_of_vehicles": 5,
            "avg_task_cost_vs_number_of_task": [1799,1080.75,977.6666666666666,733.25,854.2,1093.25,963.2142857142857,842.8125,876.9444444444443,789.2499999999999,735.7727272727273,745.2916666666666,687.9615384615385,657.1071428571429,607.8,599.3125,541.1470588235294,538.2777777777778,489.4736842105263,512.45,471.2142857142857,469.8636363636364,459.60869565217394,449.6666666666667,469.64,526.6153846153845,481.55555555555554,429.8392857142857,429.1724137931034,424.98333333333335]
        }
    ]
}