{
    "vehicle_starting_positions": ["Cardiff","Newcastle","Portsmouth","Leeds","Norwich","London","Birmingham","Liverpool","Sheffield","Plymouth","Manchester"],
    "task_distribution": {
        "weight_matrix": [
            [0,3,3,3,3,3,3,3,3,3,3],
            [3,0,3,3,3,3,3,3,3,3,3],
            [3,3,0,3,3,3,3,3,3,3,3],
            [3,3,3,0,3,3,3,3,3,3,3],
            [3,3,3,3,0,3,3,3,3,3,3],
            [3,3,3,3,3,0,3,3,3,3,3],
            [3,3,3,3,3,3,0,3,3,3,3],
            [3,3,3,3,3,3,3,0,3,3,3],
            [3,3,3,3,3,3,3,3,0,3,3],
            [3,3,3,3,3,3,3,3,3,0,3],
            [3,3,3,3,3,3,3,3,3,3,0]
        ],
        "probability_matrix": [
            [0,0.17321104111019667,0.11733068509406602,0.08820014515857867,0.12200034064916343,0.1341882072315525,0.09108810107739933,0.022553976951618804,0.07746698110810628,0.095134136426425,0.07882638519289328],
            [0.004677475575972125,0,0.06268564575566886,0.09608000722595304,0.021657908891675567,0.10384666460793968,0.08962146335730177,0.1666939777532321,0.04349923274402487,0.256569401028741,0.15466822305949104],
            [0.04303043265975286,0.09064481833466478,0,0.11329614942774185,0.04666908388362724,0.14929203660330811,0.1437507167567687,0.12264996760930111,3.2739834575328674E-4,0.15195856766023058,0.13838082871885116],
            [0.02737919212317138,0.12438525337196557,0.1782504369117567,0,0.17855420161373786,0.014523920930143897,0.17549792944357082,0.01775975752940528,0.11975425690841839,0.028644340692600502,0.13525071047522946],
            [0.15005543759020482,0.26731436570599215,0.009354249546959697,0.024050064664276352,0,0.04844590675678435,0.24477430725392996,0.004794561230391191,0.20831284630701422,0.04194461770116801,9.536432432792335E-4],
            [0.13249838784954512,0.06468659036414276,0.029033586491975287,0.07058218658532804,0.07028920623654275,0,0.19777195362992767,0.11692838427396199,0.15042317780590855,0.16734470773820814,4.4181902445972546E-4],
            [0.19285359921084386,0.09351037178206555,0.0649823304075813,0.18820167654608216,0.0922236990176241,0.16590363736314975,0,0.06677229489135458,0.0863220420831494,0.015121062688643433,0.03410928600950581],
            [0.06430876054291199,0.07516113740781621,0.04451949723986179,0.23487833951537282,0.01955492075261046,0.11122207564646187,0.1346275222496844,0,0.13603514052378343,0.05902787130493734,0.12066473481655968],
            [0.10820358212936582,0.14242884039654988,0.14503416967110638,0.06680778579347581,0.08990708430173709,0.06599905747725586,0.10406487375001762,0.11944867985311346,0,0.042363142696555896,0.11574278393082213],
            [0.11178541768910479,0.1745805157409813,0.07434772266940061,0.037518556427164444,0.17086548461107526,0.06651639732175378,0.1582125901362936,0.09984544691380613,0.07748440407038186,0,0.028843464420038243],
            [0.1528814597944413,0.13510710806411322,0.02027034169806614,0.10250197902857389,0.06642288869279847,0.1452599101867416,0.09628209712659945,0.00840817682199698,0.14882945400563624,0.12403658458103267,0]
        ],
        "city_names": ["Cardiff","Newcastle","Plymouth","Norwich","Manchester","London","Leeds","Sheffield","Birmingham","Liverpool","Portsmouth"],
        "reward_matrix": [
            [0,44455,20684,43918,68638,64503,62087,69479,85625,62427,51114],
            [44455,0,100,23333,69390,43918,88578,81186,65040,75601,30529],
            [20684,100,0,41806,24282,62391,17731,25123,41269,18071,75780],
            [43918,23333,41806,0,47516,85625,40965,48357,64503,41305,72236],
            [68638,69390,24282,47516,0,68101,87021,79628,89223,99999,54712],
            [64503,43918,62391,85625,68101,0,61550,68942,85088,61890,92821],
            [62087,88578,17731,40965,87021,61550,0,98817,82671,93232,48161],
            [69479,81186,25123,48357,79628,68942,98817,0,90064,85840,55553],
            [85625,65040,41269,64503,89223,85088,82671,90064,0,83012,71699],
            [62427,75601,18071,41305,99999,61890,93232,85840,83012,0,48501],
            [51114,30529,75780,72236,54712,92821,48161,55553,71699,48501,0]
        ]
    },
    "runs": [
        {
            "number_of_vehicles": 2,
            "avg_task_cost_vs_number_of_task": [2389,2389,2003.5,1716.375,1471.6,1353.3333333333333,1159.9999999999998,1076.375,1001,900.9,819,776.25,760.7692307692307,706.4285714285714,659.3333333333334,618.125,668,549.4444444444445,550.7894736842105,567.8,631.1666666666666,615.5909090909089,546.5652173913044,541.6666666666666,546.68,565.5384615384614,506.9999999999999,539.2142857142857,486.5172413793103,500.04999999999995]
        },
        {
            "number_of_vehicles": 3,
            "avg_task_cost_vs_number_of_task": [2389,1964,1720.1666666666667,1503.875,1301.6,1096.8333333333333,993.2857142857143,1121,1001,900.9,790.3636363636364,750,760.7692307692307,706.4285714285714,659.3333333333334,618.125,581.7647058823529,549.4444444444445,541,560.6499999999999,552.7142857142856,537.0454545454545,546.3478260869565,506.0416666666667,495.12,463.3846153846155,519.3703703703703,451.8392857142857,461.4827586206897,482.26666666666665]
        },
        {
            "number_of_vehicles": 4,
            "avg_task_cost_vs_number_of_task": [2389,1964,1720.1666666666667,1503.875,1301.6,1096.8333333333333,969.642857142857,1076.375,978.0555555555555,880.25,771.5909090909091,762.9583333333334,760.7692307692307,695.0357142857141,648.6999999999999,608.1562499999999,597.0588235294117,549.7777777777778,540.2105263157895,565,570.2857142857142,552.0454545454545,529.4347826086956,588.3749999999999,494.52,525.3076923076923,446.2222222222223,483.6785714285713,460.06896551724134,473.84999999999997]
        },
        {
            "number_of_vehicles": 5,
            "avg_task_cost_vs_number_of_task": [2389,1964,1720.1666666666667,1503.875,1301.6,1096.8333333333333,969.642857142857,1076.375,943.0555555555555,848.75,800.2272727272727,744.4583333333334,748.4999999999999,695.0357142857143,648.7,608.15625,593.9117647058823,549.4444444444445,601.0263157894736,557.75,534.6666666666666,559.1363636363636,605.0869565217391,574.9166666666666,494.52,545.4615384615383,527.925925925926,469.3214285714286,469.7931034482759,574.4333333333333]
        }
    ]
}