{
    "vehicle_starting_positions": ["Lyon","Le Havre","Bordeaux","Monaco","Strasbourg","Paris","Genève","Marseille","Brest"],
    "task_distribution": {
        "weight_matrix": [
            [0,3,3,3,3,3,3,3,3],
            [3,0,3,3,3,3,3,3,3],
            [3,3,0,3,3,3,3,3,3],
            [3,3,3,0,3,3,3,3,3],
            [3,3,3,3,0,3,3,3,3],
            [3,3,3,3,3,0,3,3,3],
            [3,3,3,3,3,3,0,3,3],
            [3,3,3,3,3,3,3,0,3],
            [3,3,3,3,3,3,3,3,0]
        ],
        "probability_matrix": [
            [0,0.18498480280981044,0.030912085931972273,0.010423347470168376,0.06156971545717514,0.15629305723566372,0.21151106240879466,0.14194165357156,0.20236427511485547],
            [0.0932233449173045,0,0.28251531821972264,0.2663020585789087,0.1982411489625187,0.10088161912518731,0.024234431607648207,0.006824655359240497,0.02777742322946939],
            [0.2089047322310983,0.04251858887347784,0,0.21479186438909972,0.07631718201295187,0.138412695126729,0.0023040164595912248,0.19497671458989238,0.12177420631715946],
            [0.17511734573757745,0.10520845636559532,0.1453298969691446,0,0.09307519608846729,0.1163786082490082,0.08545512826136807,0.057315431978655795,0.2221199363501831],
            [0.13605120586872943,0.1639482166180547,0.3153823994001143,0.18382631580741757,0,0.03168447551207941,0.10733559445853123,0.04630115980712091,0.0154706325279526],
            [0.17539100389686949,0.11939425273530074,8.307767751705877E-4,0.10021458879247086,0.11728653618175448,0,0.20205935325946306,0.15744863485294525,0.1273748535060256],
            [0.15377441060574074,0.1996147197642329,0.0019247694288639615,0.04875267004816489,0.09816874318886505,0.05360005030923067,0,0.23318821328225262,0.21097642337264919],
            [0.1702703399703456,0.10390993312954698,0.16301466883390991,0.0011629503363566646,0.17089679865631308,0.1699869592320601,0.05815935618940182,0,0.16259899365206598],
            [0.17223466906272958,0.19466497768052543,0.04808961282592113,0.09530589706717973,0.22711943596792067,0.11388499939770709,0.05955308046983552,0.0891473275281807,0]
        ],
        "city_names": ["Brest","Paris","Marseille","Genève","Monaco","Le Havre","Bordeaux","Lyon","Strasbourg"],
        "reward_matrix": [
            [0,69526,15612,27125,100,56013,29263,37398,35950],
            [69526,0,56357,67871,40845,96758,70008,78143,76696],
            [15612,56357,0,78212,94759,42844,65734,88485,51393],
            [27125,67871,78212,0,74352,54358,59460,99999,83452],
            [100,40845,94759,74352,0,27332,50221,72973,47533],
            [56013,96758,42844,54358,27332,0,56495,64631,63183],
            [29263,70008,65734,59460,50221,56495,0,69732,36433],
            [37398,78143,88485,99999,72973,64631,69732,0,73180],
            [35950,76696,51393,83452,47533,63183,36433,73180,0]
        ]
    },
    "runs": [
        {
            "number_of_vehicles": 2,
            "avg_task_cost_vs_number_of_task": [1580,3865,3256.6666666666665,2442.5,2419,2175.8333333333335,2290,2677.5,2434.4444444444443,2191,1991.8181818181818,1825.8333333333333,1872.6923076923076,1738.9285714285713,1623,1582.8125,1513.5294117647059,1429.4444444444443,1406.842105263158,1336.5,1318.5714285714287,1570.6818181818182,1355.8695652173913,1623.9583333333333,1582.2,1647.1153846153845,1433.3333333333333,1538.5714285714287,1423.7931034482758,1625.8333333333333]
        },
        {
            "number_of_vehicles": 3,
            "avg_task_cost_vs_number_of_task": [1580,2250,2276.6666666666665,1707.5,1831,1689.1666666666667,1870,2310,2368.8888888888887,2132,1938.1818181818182,1776.6666666666667,1721.923076923077,1598.9285714285713,1492.3333333333333,1399.0625,1399.4117647058824,1321.6666666666667,1296.578947368421,1329.25,1313.095238095238,1215,1354.5652173913043,1574.1666666666667,1446.6,1700.3846153846155,1477.037037037037,1343.392857142857,1501.551724137931,1241.8333333333333]
        },
        {
            "number_of_vehicles": 4,
            "avg_task_cost_vs_number_of_task": [1580,2250,2276.6666666666665,1707.5,1831,1689.1666666666667,1870,2310,2368.8888888888887,2132,1938.1818181818182,1776.6666666666667,1721.923076923077,1910,1492.3333333333333,1399.0625,1399.4117647058824,1321.6666666666667,1495.2631578947369,1189.5,1203.8095238095239,1428.1818181818182,1383.9130434782608,1415,1358.4,1577.5,1361.4814814814815,1420.357142857143,1433.9655172413793,1512.3333333333333]
        },
        {
            "number_of_vehicles": 5,
            "avg_task_cost_vs_number_of_task": [1580,2250,2276.6666666666665,1707.5,1831,1689.1666666666667,1870,2310,2368.8888888888887,2132,1938.1818181818182,1776.6666666666667,1721.923076923077,1598.9285714285713,1492.3333333333333,1399.0625,1449.1176470588234,1321.6666666666667,1476.3157894736842,1231.75,1272.857142857143,1303.409090909091,1361.304347826087,1382.0833333333333,1492,1533.6538461538462,1395.5555555555557,1294.4642857142858,1348.7931034482758,1404.8333333333333]
        }
    ]
}