{
    "vehicle_starting_positions": ["Bordeaux","Lyon","Brest","Monaco","Strasbourg","Le Havre","Genève","Marseille","Paris"],
    "task_distribution": {
        "weight_matrix": [
            [0,3,3,3,3,3,3,3,3],
            [3,0,3,3,3,3,3,3,3],
            [3,3,0,3,3,3,3,3,3],
            [3,3,3,0,3,3,3,3,3],
            [3,3,3,3,0,3,3,3,3],
            [3,3,3,3,3,0,3,3,3],
            [3,3,3,3,3,3,0,3,3],
            [3,3,3,3,3,3,3,0,3],
            [3,3,3,3,3,3,3,3,0]
        ],
        "probability_matrix": [
            [0,0.23830812240638474,0.0050055289525142415,0.07798633422306718,0.2216458789055722,0.13164692706937972,0.06922817951148569,0.0671478713877289,0.1890311575438673],
            [0.201268656884656,0,0.014145366428079294,0.24230497390890682,0.06419560691297244,0.11432849166879583,0.15478071729653342,0.17622411054494597,0.03275207635511026],
            [0.01982703787437915,0.07800335193611718,0,0.033600530989251864,0.17552309129764612,0.12258615960909391,0.1495732932771814,0.12504313690433366,0.29584339811199656],
            [0.1020645230117576,0.024322936859214016,0.273570505487537,0,0.2751764262417907,0.19955151842306335,0.04011135370884217,0.07986149615351044,0.00534124011428476],
            [0.13804493442538915,0.09097969701898412,0.10696006805569615,0.16435377812660668,0,0.0730783225525165,0.28871210989001994,0.006777588620190238,0.13109350131059722],
            [0.09696167920888929,0.189916640601753,0.1704575665326643,0.016004763084078593,0.2158743543143818,0,0.1009422712440823,0.04816732155085118,0.16167540346329942],
            [0.14387664243641127,0.21336686416951353,0.10290766590095526,0.01535551697021677,0.17933307660519057,0.16796023011025207,0,0.14740280769183423,0.029797196115626305],
            [0.017387570227638885,0.23623575817577383,0.1502511002005331,0.2630859260209526,0.020609962372262352,0.27399128138898643,0.03275410001494039,0,0.005684301598912329],
            [0.21978797329685582,0.08748034472964795,0.09056336894325603,0.13812995932540592,0.14666518484138122,0.2171113046034335,0.03470667731882499,0.06555518694119472,0]
        ],
        "city_names": ["Brest","Paris","Marseille","Genève","Monaco","Le Havre","Bordeaux","Lyon","Strasbourg"],
        "reward_matrix": [
            [0,69526,15612,27125,100,56013,29263,37398,35950],
            [69526,0,56357,67871,40845,96758,70008,78143,76696],
            [15612,56357,0,78212,94759,42844,65734,88485,51393],
            [27125,67871,78212,0,74352,54358,59460,99999,83452],
            [100,40845,94759,74352,0,27332,50221,72973,47533],
            [56013,96758,42844,54358,27332,0,56495,64631,63183],
            [29263,70008,65734,59460,50221,56495,0,69732,36433],
            [37398,78143,88485,99999,72973,64631,69732,0,73180],
            [35950,76696,51393,83452,47533,63183,36433,73180,0]
        ]
    },
    "runs": [
        {
            "number_of_vehicles": 2,
            "avg_task_cost_vs_number_of_task": [6960,5497.5,3665,4217.5,3374,2915.8333333333335,2499.285714285714,2675.625,2534.4444444444443,2281,2073.6363636363635,1900.8333333333333,1754.6153846153845,1629.2857142857142,1577,1464.375,1429.4117647058824,1314.1666666666667,1245,1410.5,1459.047619047619,1392.7272727272727,1211.0869565217392,1395,1510.4,1196.923076923077,1393.888888888889,1341.607142857143,1319.655172413793,1213.6666666666667]
        },
        {
            "number_of_vehicles": 3,
            "avg_task_cost_vs_number_of_task": [6960,5497.5,3665,4217.5,3374,2915.8333333333335,2499.285714285714,2675.625,2534.4444444444443,2281,2073.6363636363635,1900.8333333333333,1754.6153846153845,1629.2857142857142,1577,1478.4375,1391.4705882352941,1314.1666666666667,1245,1280.75,1350.7142857142858,1297.0454545454545,1384.1304347826087,1282.5,1496.8,1175.3846153846155,1377.037037037037,1129.2857142857142,1446.7241379310344,1313.5]
        },
        {
            "number_of_vehicles": 4,
            "avg_task_cost_vs_number_of_task": [6960,5497.5,3665,4217.5,3374,2915.8333333333335,2499.285714285714,2590.625,2534.4444444444443,2281,2073.6363636363635,1900.8333333333333,1754.6153846153845,1629.2857142857142,1577,1478.4375,1391.4705882352941,1531.388888888889,1245,1264,1358.8095238095239,1392.7272727272727,1211.0869565217392,1426.875,1247.4,1369.2307692307693,1491.2962962962963,1111.4285714285713,1280.344827586207,1252.5]
        },
        {
            "number_of_vehicles": 5,
            "avg_task_cost_vs_number_of_task": [4270,4152.5,2768.3333333333335,3545,2836,2915.8333333333335,2499.285714285714,2675.625,2552.777777777778,2281,2073.6363636363635,1971.25,1802.3076923076924,1629.2857142857142,1522.6666666666667,1478.4375,1391.4705882352941,1314.1666666666667,1348.157894736842,1280.75,1533.5714285714287,1538.8636363636363,1617.391304347826,1188.9583333333333,1141.4,1328.6538461538462,1205.1851851851852,1325.7142857142858,1365.6896551724137,1395.5]
        }
    ]
}