{
    "vehicle_starting_positions": ["Strasbourg","Bordeaux","Paris","Monaco","Lyon","Marseille","Brest","Le Havre","Genève"],
    "task_distribution": {
        "weight_matrix": [
            [0,3,3,3,3,3,3,3,3],
            [3,0,3,3,3,3,3,3,3],
            [3,3,0,3,3,3,3,3,3],
            [3,3,3,0,3,3,3,3,3],
            [3,3,3,3,0,3,3,3,3],
            [3,3,3,3,3,0,3,3,3],
            [3,3,3,3,3,3,0,3,3],
            [3,3,3,3,3,3,3,0,3],
            [3,3,3,3,3,3,3,3,0]
        ],
        "probability_matrix": [
            [0,0.1099129511076645,0.2693112112482527,0.06904879425010522,0.1384464527943331,0.13813745162534163,0.07900176983850157,0.0821558243789859,0.11398554475681565],
            [0.010615469376368078,0,0.193170634312175,0.03884057368557383,0.19352722432431563,0.13701252079663476,0.0918489240421873,0.17014252742313873,0.16484212603960668],
            [0.2100066112818663,0.08240516026180406,0,0.07489335560794984,0.08225262322579582,0.2051080152982078,0.06253411506232646,0.008904313956294874,0.27389580530575486],
            [0.2592974467451277,0.12296301920970344,0.15582234856117197,0,0.04556910086037398,0.11334969968312342,0.0964605077483188,0.19342558319151645,0.013112294000664144],
            [0.016291441747860083,0.1370209958680991,0.11623761019456869,0.10783596152559694,0,0.26161241563266924,0.21393836081492787,0.05422986945257387,0.09283334476370422],
            [0.19713470857586102,0.0922114546150932,0.10015293049477397,0.014104684800330456,0.08735009450589701,0,0.21836257267810893,0.11924306517849262,0.1714404891514427],
            [0.019761201043582453,0.08366919232213008,0.201983520553816,0.047671662162194366,0.06615366285268462,0.258059803803418,0,0.2211686065855434,0.10153235067663116],
            [0.12345649630275224,0.03500355941994651,0.14745179141429138,0.1567928299657742,0.0839962613780335,0.17225682461952213,0.23860242166608897,0,0.042439815233591104],
            [0.010966069635925273,0.3699084579651689,0.030897014416516103,0.1432392974561064,0.0801058299504731,0.23071446011020988,0.014740119661605659,0.11942875080399457,0]
        ],
        "city_names": ["Brest","Paris","Marseille","Genève","Monaco","Le Havre","Bordeaux","Lyon","Strasbourg"],
        "reward_matrix": [
            [0,69526,15612,27125,100,56013,29263,37398,35950],
            [69526,0,56357,67871,40845,96758,70008,78143,76696],
            [15612,56357,0,78212,94759,42844,65734,88485,51393],
            [27125,67871,78212,0,74352,54358,59460,99999,83452],
            [100,40845,94759,74352,0,27332,50221,72973,47533],
            [56013,96758,42844,54358,27332,0,56495,64631,63183],
            [29263,70008,65734,59460,50221,56495,0,69732,36433],
            [37398,78143,88485,99999,72973,64631,69732,0,73180],
            [35950,76696,51393,83452,47533,63183,36433,73180,0]
        ]
    },
    "runs": [
        {
            "number_of_vehicles": 2,
            "avg_task_cost_vs_number_of_task": [4550,2697.5,3195,2607.5,3069,2557.5,2580.714285714286,2587.5,2350,2070,1881.8181818181818,1888.3333333333333,1743.076923076923,1618.5714285714287,1510.6666666666667,1416.25,1332.9411764705883,1258.888888888889,1398.9473684210527,1457.75,1500.2380952380952,1422.5,1495.6521739130435,1184.1666666666667,1251.8,1203.6538461538462,1435.5555555555557,1067.6785714285713,1366.0344827586207,1301.8333333333333]
        },
        {
            "number_of_vehicles": 3,
            "avg_task_cost_vs_number_of_task": [4550,2697.5,3195,2607.5,3069,2557.5,2540,2502.5,2224.4444444444443,2115,1881.8181818181818,1831.6666666666667,1690.7692307692307,1618.5714285714287,1465.3333333333333,1416.25,1292.9411764705883,1429.7222222222222,1432.1052631578948,1376.25,1278.5714285714287,1412.2727272727273,1382.391304347826,1133.75,1193.2,1090,1328.148148148148,1263.2142857142858,1219.4827586206898,1345.5]
        },
        {
            "number_of_vehicles": 4,
            "avg_task_cost_vs_number_of_task": [4550,2697.5,3195,2607.5,3069,2557.5,2419.285714285714,2481.875,2350,2115,1881.8181818181818,1954.5833333333333,1777.6923076923076,1618.5714285714287,1610,1373.75,1584.1176470588234,1221.111111111111,1303.157894736842,1207.5,1218.3333333333333,1224.090909090909,1167.391304347826,1324.5833333333333,1241.2,1418.2692307692307,1051.111111111111,1218.5714285714287,1211.2068965517242,1235.6666666666667]
        },
        {
            "number_of_vehicles": 5,
            "avg_task_cost_vs_number_of_task": [4550,2697.5,3195,2607.5,3069,2557.5,2419.285714285714,2502.5,2350,2002,1996.8181818181818,1954.5833333333333,1777.6923076923076,1618.5714285714287,1627.6666666666667,1373.75,1774.1176470588234,1430.8333333333333,1398.421052631579,1207.5,1180.7142857142858,1189.3181818181818,1331.0869565217392,1118.75,1241.8,1168.6538461538462,1129.2592592592594,1170.7142857142858,1235.344827586207,1316.8333333333333]
        }
    ]
}