{
    "vehicle_starting_positions": ["Monaco","Genève","Brest","Marseille","Lyon","Strasbourg","Le Havre","Bordeaux","Paris"],
    "task_distribution": {
        "weight_matrix": [
            [0,3,3,3,3,3,3,3,3],
            [3,0,3,3,3,3,3,3,3],
            [3,3,0,3,3,3,3,3,3],
            [3,3,3,0,3,3,3,3,3],
            [3,3,3,3,0,3,3,3,3],
            [3,3,3,3,3,0,3,3,3],
            [3,3,3,3,3,3,0,3,3],
            [3,3,3,3,3,3,3,0,3],
            [3,3,3,3,3,3,3,3,0]
        ],
        "probability_matrix": [
            [0,0.2220226799896647,0.018219222854623424,0.022614592155831857,0.14457130351254607,0.1737037804369119,0.22447164960869032,0.0661871201086424,0.12820965133308931],
            [0.22641219312170843,0,0.13897066598112964,0.03514680521423082,0.10077932381169674,0.14092352610550707,0.15962838973944385,0.1546568191652026,0.043482276861080714],
            [0.1348337427229022,0.17689815273168524,0,0.11251368046961142,0.20045951576612459,0.05529509090944536,0.1737986332870267,0.07640700894472063,0.06979417516848391],
            [0.17194744029921163,0.006964993581790436,0.004741834166110592,0,0.07927455632196512,0.18328534447711634,0.1887257458550281,0.21437447759375663,0.15068560770502132],
            [0.1060498490569868,0.17534974722192484,0.06424706640123803,0.019440461338265227,0,0.19298514350525922,0.16582609102324652,0.21212833494718902,0.06397330650589032],
            [0.18435080728227315,0.14251601883648563,0.12261306800523884,0.06341878766261717,0.18981615784651987,0,0.14246781290619762,0.049689198953585936,0.10512814850708166],
            [0.2788001670247957,0.13425055946167808,0.09227089798268834,0.023571915173420714,0.03499188197045678,0.24384830686226536,0,0.03271615478778679,0.1595501167369083],
            [0.12473082266195794,0.1731559470139846,0.06438822809873382,0.016385486373176245,0.06377399141202968,0.1749760728025789,0.2632308889468205,0,0.1193585626907185],
            [0.2290539659759295,3.083924987446594E-4,0.030388493769544046,0.08512840446959423,0.20529375319210622,0.03871546507492026,0.24735199095688667,0.16375953406227456,0]
        ],
        "city_names": ["Brest","Paris","Marseille","Genève","Monaco","Le Havre","Bordeaux","Lyon","Strasbourg"],
        "reward_matrix": [
            [0,69526,15612,27125,100,56013,29263,37398,35950],
            [69526,0,56357,67871,40845,96758,70008,78143,76696],
            [15612,56357,0,78212,94759,42844,65734,88485,51393],
            [27125,67871,78212,0,74352,54358,59460,99999,83452],
            [100,40845,94759,74352,0,27332,50221,72973,47533],
            [56013,96758,42844,54358,27332,0,56495,64631,63183],
            [29263,70008,65734,59460,50221,56495,0,69732,36433],
            [37398,78143,88485,99999,72973,64631,69732,0,73180],
            [35950,76696,51393,83452,47533,63183,36433,73180,0]
        ]
    },
    "runs": [
        {
            "number_of_vehicles": 2,
            "avg_task_cost_vs_number_of_task": [4355,5845,6560,5410,4328,3829.1666666666665,3282.1428571428573,2871.875,2570,2297.5,2161.3636363636365,2075.8333333333335,2159.230769230769,2005,1791.3333333333333,1679.375,1580.5882352941176,1666.111111111111,1514.4736842105262,1592.25,1370.2380952380952,1251.8181818181818,1401.5217391304348,1420,1343.6,1436.3461538461538,1338.3333333333333,1499.4642857142858,1396.3793103448277,1715.5]
        },
        {
            "number_of_vehicles": 3,
            "avg_task_cost_vs_number_of_task": [4355,5845,6560,5410,4328,3829.1666666666665,3282.1428571428573,2871.875,2570,2313,2161.3636363636365,2075.8333333333335,2159.230769230769,1919.2857142857142,1871.3333333333333,1754.375,1580.5882352941176,1595.2777777777778,1514.4736842105262,1554.25,1467.6190476190477,1465.2272727272727,1384.5652173913043,1452.2916666666667,1478.4,1228.8461538461538,1183.3333333333333,1307.857142857143,1435.6896551724137,1377.6666666666667]
        },
        {
            "number_of_vehicles": 4,
            "avg_task_cost_vs_number_of_task": [3230,5282.5,6185,5128.75,4328,3641.6666666666665,3304.285714285714,2871.875,2570,2297.5,2161.3636363636365,2320,1980.3846153846155,2005,1914.3333333333333,1754.375,1687.3529411764705,1492.7777777777778,1355,1435.75,1279.5238095238096,1316.1363636363637,1409.5652173913043,1340.2083333333333,1397.8,1367.3076923076924,1550.5555555555557,1528.75,1416.3793103448277,1475.6666666666667]
        },
        {
            "number_of_vehicles": 5,
            "avg_task_cost_vs_number_of_task": [3230,5282.5,6185,5128.75,4328,3730.8333333333335,3282.1428571428573,2871.875,2487.222222222222,2297.5,2093.6363636363635,2075.8333333333335,2066.923076923077,1919.2857142857142,1821.6666666666667,1765.3125,1580.5882352941176,1559.4444444444443,1438.157894736842,1343.5,1538.5714285714287,1256.8181818181818,1422.8260869565217,1472.0833333333333,1408,1460.576923076923,1329.6296296296296,1362.5,1437.2413793103449,1514.5]
        }
    ]
}