{
    "vehicle_starting_positions": ["Paris","Brest","Bordeaux","Monaco","Marseille","Strasbourg","Le Havre","Lyon","Genève"],
    "task_distribution": {
        "weight_matrix": [
            [0,3,3,3,3,3,3,3,3],
            [3,0,3,3,3,3,3,3,3],
            [3,3,0,3,3,3,3,3,3],
            [3,3,3,0,3,3,3,3,3],
            [3,3,3,3,0,3,3,3,3],
            [3,3,3,3,3,0,3,3,3],
            [3,3,3,3,3,3,0,3,3],
            [3,3,3,3,3,3,3,0,3],
            [3,3,3,3,3,3,3,3,0]
        ],
        "probability_matrix": [
            [0,0.26229683999022835,0.018023617962618903,0.020765270470894253,0.001039105474755267,0.0631704513160059,0.36011448060609985,0.19314873509870897,0.08144149908068858],
            [0.1651341781641303,0,0.2001146807860132,0.1948700869421768,0.0429697058937282,0.05615262639592643,0.0579046305866198,0.14538682301908096,0.1374672682123243],
            [0.20989494890912377,0.0849491946474643,0,0.10687950289707371,0.12275732921740472,0.034166665049138845,0.19371669516915754,0.17254603796830137,0.07508962614233579],
            [0.010227505743104682,0.12022816066802197,0.12392201228973501,0,0.16929246397149675,0.14213610483876218,0.10789527702461119,0.19361067122495437,0.13268780423931378],
            [0.20220948323201662,0.1408944942625588,0.04307728787113456,0.26903978711166365,0,0.006427389777026569,0.0836722752821804,0.06529219591727345,0.18938708654614608],
            [0.03339373589724292,0.17336089823064144,0.16288249075767186,0.05133809776387734,0.12050247398128981,0,0.224289141872066,0.1978472280889519,0.03638593340825883],
            [0.0864553212613265,0.013916946621417325,0.05307485840552066,0.19286697110012221,0.02613666006227899,0.050287410254957636,0,0.2962569097869055,0.2810049225074712],
            [0.1977880889413612,0.01964046027409185,0.2074399366046733,0.13964545775000745,0.058089193440150254,0.11924998848367359,0.1633549400845617,0,0.09479193442148065],
            [0.0056652735321950625,0.038645757369347056,0.12949379703839542,0.21549720824001556,0.2134889844592658,0.12659546532979163,0.1484690268200677,0.1221444872109216,0]
        ],
        "city_names": ["Brest","Paris","Marseille","Genève","Monaco","Le Havre","Bordeaux","Lyon","Strasbourg"],
        "reward_matrix": [
            [0,69526,15612,27125,100,56013,29263,37398,35950],
            [69526,0,56357,67871,40845,96758,70008,78143,76696],
            [15612,56357,0,78212,94759,42844,65734,88485,51393],
            [27125,67871,78212,0,74352,54358,59460,99999,83452],
            [100,40845,94759,74352,0,27332,50221,72973,47533],
            [56013,96758,42844,54358,27332,0,56495,64631,63183],
            [29263,70008,65734,59460,50221,56495,0,69732,36433],
            [37398,78143,88485,99999,72973,64631,69732,0,73180],
            [35950,76696,51393,83452,47533,63183,36433,73180,0]
        ]
    },
    "runs": [
        {
            "number_of_vehicles": 2,
            "avg_task_cost_vs_number_of_task": [3910,4650,3220,3666.25,3214,3005,3345.714285714286,2927.5,2820,2538,2307.2727272727275,2330.4166666666665,2151.153846153846,2145.714285714286,2005.3333333333333,1923.4375,1795.5882352941176,1615.8333333333333,1690,1677,1518.095238095238,1584.090909090909,1645,1590,1484.6,1484.2307692307693,1323.3333333333333,1449.107142857143,1290.5172413793102,1404.8333333333333]
        },
        {
            "number_of_vehicles": 3,
            "avg_task_cost_vs_number_of_task": [3910,4650,3220,3666.25,3214,3005,3345.714285714286,2927.5,2820,2538,2307.2727272727275,2330.4166666666665,2151.153846153846,2004.642857142857,1933,1829.375,1811.1764705882354,1742.7777777777778,1674.2105263157894,1633,1472.3809523809523,1510.909090909091,1414.5652173913043,1301.25,1432.4,1360.9615384615386,1328.3333333333333,1353.5714285714287,1373.7931034482758,1394]
        },
        {
            "number_of_vehicles": 4,
            "avg_task_cost_vs_number_of_task": [3910,4650,3220,3666.25,3214,3005,3345.714285714286,2927.5,2820,2538,2307.2727272727275,2330.4166666666665,2151.153846153846,2145.714285714286,1933,1835.625,1803.8235294117646,1644.7222222222222,1640.2631578947369,1622.75,1651.6666666666667,1470,1354.7826086956522,1401.875,1322.4,1397.1153846153845,1558.148148148148,1526.7857142857142,1415,1506.6666666666667]
        },
        {
            "number_of_vehicles": 5,
            "avg_task_cost_vs_number_of_task": [3160,4275,3220,3666.25,3214,3005,3345.714285714286,2927.5,2820,2837,2656.818181818182,2330.4166666666665,2182.3076923076924,2004.642857142857,1933,1847.1875,1783.235294117647,1841.6666666666667,1757.1052631578948,1664.5,1511.904761904762,1563.409090909091,1459.5652173913043,1472.5,1389.2,1407.5,1304.4444444444443,1371.4285714285713,1325.1724137931035,1272]
        }
    ]
}