{
    "vehicle_starting_positions": ["Bordeaux","Lyon","Genève","Brest","Paris","Le Havre","Marseille","Monaco","Strasbourg"],
    "task_distribution": {
        "weight_matrix": [
            [0,3,3,3,3,3,3,3,3],
            [3,0,3,3,3,3,3,3,3],
            [3,3,0,3,3,3,3,3,3],
            [3,3,3,0,3,3,3,3,3],
            [3,3,3,3,0,3,3,3,3],
            [3,3,3,3,3,0,3,3,3],
            [3,3,3,3,3,3,0,3,3],
            [3,3,3,3,3,3,3,0,3],
            [3,3,3,3,3,3,3,3,0]
        ],
        "probability_matrix": [
            [0,0.07569429926876621,0.003342962198372742,0.025711785110541622,0.07599343151209124,0.24688715055268168,0.2219499041268639,0.23520420617389945,0.11521626105678318],
            [0.08706320689152093,0,0.04097719552139818,0.07232292073796952,0.20923470378017006,0.021549578933981996,0.24475797738339858,0.09571025009564019,0.22838416665592046],
            [0.09104191572838767,0.19833818274591883,0,0.083341521711502,0.05036737515421411,0.25399637679752735,0.09780596131824651,0.18460231088358026,0.04050635566062319],
            [0.16206207860230953,0.13605272730331247,0.11967238479805316,0,0.06456449761184557,0.144554356482831,0.14452889117279727,0.06967394186773969,0.1588911221611113],
            [0.10885694991105585,0.16499228654382955,0.14559214915300014,0.10220472090670041,0,0.1941023968273012,0.02395022955406863,0.16561715929959045,0.09468410780445365],
            [0.061829177068197946,0.12204792908684686,0.24994894058268635,0.09562849331580807,0.11931021173268233,0,0.11869343799679209,0.17871518112941154,0.05382662908757486],
            [0.09159365695553666,0.15020435703382132,0.10915121743207652,0.06707137440743711,0.13167042360167827,0.23068792522751236,0,0.18103084263088398,0.03859020271105358],
            [0.13005761807149724,0.19045872409281067,0.12085799573399827,0.11667477901032336,0.2454571044384372,0.05200928489715343,0.12121883640341691,0,0.023265657352362815],
            [0.12433298907432971,0.17172737286425413,0.1955130693012702,0.19778283266869506,0.07412138049491897,0.05099008147201687,0.0888975432294149,0.0966347308951002,0]
        ],
        "city_names": ["Brest","Paris","Marseille","Genève","Monaco","Le Havre","Bordeaux","Lyon","Strasbourg"],
        "reward_matrix": [
            [0,69526,15612,27125,100,56013,29263,37398,35950],
            [69526,0,56357,67871,40845,96758,70008,78143,76696],
            [15612,56357,0,78212,94759,42844,65734,88485,51393],
            [27125,67871,78212,0,74352,54358,59460,99999,83452],
            [100,40845,94759,74352,0,27332,50221,72973,47533],
            [56013,96758,42844,54358,27332,0,56495,64631,63183],
            [29263,70008,65734,59460,50221,56495,0,69732,36433],
            [37398,78143,88485,99999,72973,64631,69732,0,73180],
            [35950,76696,51393,83452,47533,63183,36433,73180,0]
        ]
    },
    "runs": [
        {
            "number_of_vehicles": 2,
            "avg_task_cost_vs_number_of_task": [5380,4305,4631.666666666667,3796.25,3298,3400.8333333333335,2915,3028.75,2692.222222222222,2576.5,2202.7272727272725,2019.1666666666667,2086.153846153846,2061.4285714285716,1998.6666666666667,1906.5625,1980,1648.611111111111,1722.1052631578948,1559.5,1615.7142857142858,1696.1363636363637,1647.391304347826,1477.0833333333333,1359,1585.3846153846155,1474.2592592592594,1367.142857142857,1462.5862068965516,1446]
        },
        {
            "number_of_vehicles": 3,
            "avg_task_cost_vs_number_of_task": [4635,3932.5,4383.333333333333,3610,3298,3305,2847.8571428571427,3028.75,2692.222222222222,2423,2202.7272727272725,2019.1666666666667,2446.153846153846,2178.9285714285716,1837.6666666666667,2040.3125,1839.1176470588234,1826.9444444444443,1654.2105263157894,1566.25,1630.7142857142858,1561.3636363636363,1697.391304347826,1481.875,1414.8,1342.8846153846155,1250.5555555555557,1520.892857142857,1362.9310344827586,1558]
        },
        {
            "number_of_vehicles": 4,
            "avg_task_cost_vs_number_of_task": [4635,3932.5,4383.333333333333,3610,3298,2980.8333333333335,2555,2966.875,2637.222222222222,2373.5,2157.7272727272725,2019.1666666666667,2163.076923076923,2040.357142857143,1904.3333333333333,1878.4375,1876.1764705882354,1822.2222222222222,1630.2631578947369,1522.5,1600.2380952380952,1657.7272727272727,1516.7391304347825,1333.9583333333333,1319.6,1369.423076923077,1250.5555555555557,1286.7857142857142,1409.1379310344828,1261.8333333333333]
        },
        {
            "number_of_vehicles": 5,
            "avg_task_cost_vs_number_of_task": [4635,3932.5,4383.333333333333,3610,2986,2980.8333333333335,2555,2966.875,2637.222222222222,2373.5,2157.7272727272725,2089.5833333333335,2028.8461538461538,2040.357142857143,1874.6666666666667,1785.3125,1918.5294117647059,1878.611111111111,1661.578947368421,1617.75,1524.5238095238096,1626.3636363636363,1535.6521739130435,1369.1666666666667,1606.4,1293.2692307692307,1387.5925925925926,1267.857142857143,1360.5172413793102,1500.8333333333333]
        }
    ]
}