{
    "vehicle_starting_positions": ["St-Gallen","Aarau","Neuchâtel","Basel","Zürich","Genève","Luzern","Fribourg","Lausanne","Thun","Sion","Bern"],
    "task_distribution": {
        "weight_matrix": [
            [0,3,3,3,3,3,3,3,3,3,3,3],
            [3,0,3,3,3,3,3,3,3,3,3,3],
            [3,3,0,3,3,3,3,3,3,3,3,3],
            [3,3,3,0,3,3,3,3,3,3,3,3],
            [3,3,3,3,0,3,3,3,3,3,3,3],
            [3,3,3,3,3,0,3,3,3,3,3,3],
            [3,3,3,3,3,3,0,3,3,3,3,3],
            [3,3,3,3,3,3,3,0,3,3,3,3],
            [3,3,3,3,3,3,3,3,0,3,3,3],
            [3,3,3,3,3,3,3,3,3,0,3,3],
            [3,3,3,3,3,3,3,3,3,3,0,3],
            [3,3,3,3,3,3,3,3,3,3,3,0]
        ],
        "probability_matrix": [
            [0,0.05555802141219211,0.043904447780663054,0.17805715936794944,0.11213262298708536,0.12699340051911367,0.061687482180593695,0.01981559540781438,0.14298984053319055,0.08270221126275819,0.08489027196825953,0.09126894658037983],
            [0.11051493192652713,0,0.10095290384836383,0.022693986541367714,0.121237807705702,0.19357140086298813,0.026740427258034397,0.11956918559058254,0.01685960438569606,0.12393575006924205,0.015677799443202207,0.148246202368294],
            [0.14611871386846798,0.1370635645105164,0,0.039998377528629066,0.19664680785076558,0.06515798422272162,0.1527457397675978,0.008313095828075484,0.09737052034073647,0.1449518204808171,0.00455320393353391,0.007080171668138622],
            [0.1563582603471984,0.004838385761084209,0.02938350554740621,0,0.12689569986694543,0.1387629106433249,0.11121792019878217,0.013315789195735629,0.18698424780812742,0.029782441224352734,0.15117982560614593,0.051281013800897196],
            [0.13295229117430077,0.06352437028800344,0.13468081591362524,0.12317250117317893,0,0.08350678458251339,0.13925844867399398,0.006669515402183788,0.14274836434065805,0.12964561498297575,0.021766098802536073,0.022075194666030404],
            [0.009831151455942183,0.04618409190165503,0.07864967638316728,0.016155340177840406,0.21529306850176538,0,0.16560930632045942,0.09607945818458638,0.06338700251671553,0.022733573628907468,0.12580067758646477,0.16027665334249602],
            [0.021483052790184837,0.0760096307912484,0.021141380885340646,0.03724543099275299,0.19582900767753586,0.034772223727234826,0,0.1529741833259376,0.09812383470770923,0.04559513703256875,0.19487931204876524,0.12194680602072162],
            [0.08711975937054106,0.06837736815288052,0.027780077901380176,0.10278773769262735,0.15430247295809715,0.1404842385617056,0.06846304230593389,0,0.11052746719433934,0.10844244494973908,0.05729202019633328,0.07442337071642262],
            [0.10187523269367046,0.14719684074187103,0.07367651639292026,0.003380347236508411,0.02757909129556324,0.15012877926083593,0.1671799490657441,0.15898533533100206,0,0.12503779465011972,0.0013691773708930852,0.043590935960871706],
            [0.08564827723571038,0.14563397422318325,0.05366038721749606,0.15128148242014738,0.0019239805092788394,0.02396327335856579,0.16705442077559457,0.028113638173603406,0.10015389211084191,0,0.1442080576532348,0.09835861632234359],
            [0.20224265266351404,0.05512590767621845,0.15326311416844068,0.02795682063056069,0.02019803631623727,0.1996758273096338,0.007719042154849069,0.037440998181573905,0.08001638960211015,0.18638862502396042,0,0.029972586272901593],
            [0.10121245503995582,0.1096357471706823,0.14542071429393233,0.10245340471158369,0.03948515840963082,0.011249619167416295,0.11904368305901644,0.07388713140192678,0.06929100092460885,0.10940185095923725,0.11891923486200932,0]
        ],
        "city_names": ["Lausanne","Genève","Sion","Neuchâtel","Bern","Basel","Fribourg","Zürich","Aarau","Luzern","St-Gallen","Thun"],
        "reward_matrix": [
            [0,89805,77572,87766,77572,49030,87766,42913,55146,36797,18448,69417],
            [89805,0,59223,69417,59223,30681,69417,24565,36797,18448,100,51068],
            [77572,59223,0,63301,75533,46991,65340,40875,53107,34758,16410,83688],
            [87766,69417,63301,0,95921,67378,85727,61262,73495,55146,36797,87766],
            [77572,59223,75533,95921,0,79611,97960,73495,85727,67378,49030,99999],
            [49030,30681,46991,67378,79611,0,69417,83688,71456,69417,59223,71456],
            [87766,69417,65340,85727,97960,69417,0,63301,75533,57185,38836,89805],
            [42913,24565,40875,61262,73495,83688,63301,0,95921,93882,83688,65340],
            [55146,36797,53107,73495,85727,71456,75533,95921,0,89805,71456,77572],
            [36797,18448,34758,55146,67378,69417,57185,93882,89805,0,69417,59223],
            [18448,100,16410,36797,49030,59223,38836,83688,71456,69417,0,40875],
            [69417,51068,83688,87766,99999,71456,89805,65340,77572,59223,40875,0]
        ]
    },
    "runs": [
        {
            "number_of_vehicles": 2,
            "avg_task_cost_vs_number_of_task": [1800,1350,1833.3333333333333,1375,1260,1133.3333333333333,971.4285714285714,850,788.8888888888889,680,618.1818181818181,566.6666666666666,523.0769230769231,521.4285714285714,543.3333333333334,459.375,452.94117647058823,463.8888888888889,518.421052631579,482.5,507.14285714285717,504.54545454545456,478.2608695652174,445.8333333333333,472,463.46153846153845,464.81481481481484,430.35714285714283,439.6551724137931,526.6666666666666]
        },
        {
            "number_of_vehicles": 3,
            "avg_task_cost_vs_number_of_task": [1800,1350,1533.3333333333333,1175,1140,1033.3333333333333,885.7142857142857,825,755.5555555555555,655,595.4545454545455,633.3333333333334,553.8461538461538,553.5714285714286,490,571.875,544.1176470588235,472.22222222222223,452.63157894736844,477.5,452.3809523809524,445.45454545454544,430.4347826086956,487.5,466,453.84615384615387,387.037037037037,360.7142857142857,444.82758620689657,465]
        },
        {
            "number_of_vehicles": 4,
            "avg_task_cost_vs_number_of_task": [900,900,1233.3333333333333,1000,960,883.3333333333334,757.1428571428571,712.5,672.2222222222222,590,600,587.5,507.6923076923077,507.14285714285717,560,443.75,476.47058823529414,461.1111111111111,455.2631578947368,537.5,492.85714285714283,454.54545454545456,482.60869565217394,433.3333333333333,510,494.2307692307692,409.25925925925924,535.7142857142857,432.7586206896552,416.6666666666667]
        },
        {
            "number_of_vehicles": 5,
            "avg_task_cost_vs_number_of_task": [900,750,1133.3333333333333,925,900,1033.3333333333333,885.7142857142857,825,638.8888888888889,680,559.0909090909091,566.6666666666666,507.6923076923077,564.2857142857143,500,528.125,420.5882352941176,444.44444444444446,481.57894736842104,497.5,411.9047619047619,484.09090909090907,443.4782608695652,460.4166666666667,510,446.15384615384613,496.2962962962963,558.9285714285714,403.44827586206895,453.3333333333333]
        }
    ]
}