{
    "vehicle_starting_positions": ["Sion","Aarau","St-Gallen","Thun","Neuchâtel","Bern","Fribourg","Genève","Luzern","Zürich","Lausanne","Basel"],
    "task_distribution": {
        "weight_matrix": [
            [0,3,3,3,3,3,3,3,3,3,3,3],
            [3,0,3,3,3,3,3,3,3,3,3,3],
            [3,3,0,3,3,3,3,3,3,3,3,3],
            [3,3,3,0,3,3,3,3,3,3,3,3],
            [3,3,3,3,0,3,3,3,3,3,3,3],
            [3,3,3,3,3,0,3,3,3,3,3,3],
            [3,3,3,3,3,3,0,3,3,3,3,3],
            [3,3,3,3,3,3,3,0,3,3,3,3],
            [3,3,3,3,3,3,3,3,0,3,3,3],
            [3,3,3,3,3,3,3,3,3,0,3,3],
            [3,3,3,3,3,3,3,3,3,3,0,3],
            [3,3,3,3,3,3,3,3,3,3,3,0]
        ],
        "probability_matrix": [
            [0,0.08175116673627006,0.08855419804680019,0.019936329780768664,0.09239324839257479,0.04816552982242285,0.15367033719356452,0.09831770168971823,0.13974141101446752,0.15445620962297263,0.031718986258767665,0.09129488144167275],
            [0.04112482590538353,0,0.09176862046975577,0.14278824326837886,0.11403543586852853,0.029349577854203068,0.10236693469453581,0.04817110472824639,0.05813047777107895,0.15743190350359318,0.05458157536707935,0.16025130056921663],
            [0.09357410416829402,0.12005568289844547,0,0.10926463597011053,0.10584911612169688,0.0742849868691597,0.05515944022356663,0.0790576557861618,0.0018844900575501124,0.10116922715143041,0.12012909980716797,0.1395715609464163],
            [0.08668645742773098,0.05067637096014469,0.05006330750476156,0,0.1387134089859184,0.1430596510205562,0.04885811959718355,0.12974378039453222,0.09328885477637382,0.07454217434556937,0.04001542446871728,0.1443524505185119],
            [0.1285406022491793,0.11695776028739024,0.06996596137486467,0.15314724488487255,0,0.013216643199295804,0.06630395191730169,0.037772482252356375,0.15184845238819933,0.06098998382591112,0.07927572929113917,0.12198118832948973],
            [0.004579317620346249,0.12754338482032423,0.09736755728908393,0.11460232833151374,0.03906810731248104,0,0.08052301069393819,0.19534483443362288,0.022269200224505126,0.13697892731290673,0.15319580935328536,0.028527522607992444],
            [0.09232646145265178,0.03979761443704545,0.07510914622588093,0.12924799871216142,0.08064019897419511,0.1692803239816009,0,0.07348539665787188,0.043767175900678364,0.1300138892786337,0.0729773436909514,0.0933544506883292],
            [0.09149646777683222,0.0948800466598628,0.06390380305307741,0.015010162226389633,0.10308635557189103,0.15961012790624288,0.11040325030291982,0,0.1212756291546594,0.05920167240464065,0.13227021581182888,0.048862269131655256],
            [0.08554443527912982,0.21741176335680676,0.0492944300295989,0.014219684479188246,0.11323658786371546,0.17389232767278123,0.01853202643482411,0.15836255921767983,0,0.048787394205280644,0.10056934384023034,0.020149447620764736],
            [0.08070895947848776,0.0541963448810607,0.14020029044268223,0.017166191801474613,0.1339096244789036,0.07766271870602526,0.10861250203638964,0.12479053740560524,0.0692194016513191,0,0.10006068408814689,0.09347274502990502],
            [0.15030435994124627,0.059289927118687025,0.1493551941894888,0.12166278313903497,0.1618796274108177,0.04444170598147146,0.061427505723264844,0.10202453729340452,0.0059535359484885544,0.09348271642381642,0,0.05017810683027929],
            [0.04396319396920557,0.13689778492300456,0.10868891392750123,0.13136901469088244,0.1434409343172546,0.012657582274313638,0.07700736871853121,0.0921763813743836,0.09837593470825731,0.049028449807858275,0.10639444128880765,0]
        ],
        "city_names": ["Lausanne","Genève","Sion","Neuchâtel","Bern","Basel","Fribourg","Zürich","Aarau","Luzern","St-Gallen","Thun"],
        "reward_matrix": [
            [0,89805,77572,87766,77572,49030,87766,42913,55146,36797,18448,69417],
            [89805,0,59223,69417,59223,30681,69417,24565,36797,18448,100,51068],
            [77572,59223,0,63301,75533,46991,65340,40875,53107,34758,16410,83688],
            [87766,69417,63301,0,95921,67378,85727,61262,73495,55146,36797,87766],
            [77572,59223,75533,95921,0,79611,97960,73495,85727,67378,49030,99999],
            [49030,30681,46991,67378,79611,0,69417,83688,71456,69417,59223,71456],
            [87766,69417,65340,85727,97960,69417,0,63301,75533,57185,38836,89805],
            [42913,24565,40875,61262,73495,83688,63301,0,95921,93882,83688,65340],
            [55146,36797,53107,73495,85727,71456,75533,95921,0,89805,71456,77572],
            [36797,18448,34758,55146,67378,69417,57185,93882,89805,0,69417,59223],
            [18448,100,16410,36797,49030,59223,38836,83688,71456,69417,0,40875],
            [69417,51068,83688,87766,99999,71456,89805,65340,77572,59223,40875,0]
        ]
    },
    "runs": [
        {
            "number_of_vehicles": 2,
            "avg_task_cost_vs_number_of_task": [1850,1425,1333.3333333333333,1237.5,1190,1058.3333333333333,907.1428571428571,918.75,816.6666666666666,735,668.1818181818181,612.5,565.3846153846154,525,490,484.375,467.6470588235294,480.55555555555554,447.36842105263156,480,461.9047619047619,420.45454545454544,434.7826086956522,441.6666666666667,408,361.53846153846155,375.9259259259259,353.57142857142856,444.82758620689657,401.6666666666667]
        },
        {
            "number_of_vehicles": 3,
            "avg_task_cost_vs_number_of_task": [1850,1425,1333.3333333333333,1237.5,1190,1058.3333333333333,964.2857142857143,906.25,816.6666666666666,735,686.3636363636364,612.5,580.7692307692307,525,490,596.875,532.3529411764706,513.8888888888889,447.36842105263156,485,450,481.8181818181818,445.6521739130435,412.5,420,440.38461538461536,429.6296296296296,467.85714285714283,344.82758620689657,465]
        },
        {
            "number_of_vehicles": 4,
            "avg_task_cost_vs_number_of_task": [1850,1425,1200,1087.5,1110,1058.3333333333333,907.1428571428571,937.5,816.6666666666666,735,668.1818181818181,612.5,565.3846153846154,525,530,600,485.29411764705884,500,486.8421052631579,535,404.76190476190476,393.1818181818182,408.69565217391306,375,340,440.38461538461536,398.14814814814815,342.85714285714283,389.6551724137931,381.6666666666667]
        },
        {
            "number_of_vehicles": 5,
            "avg_task_cost_vs_number_of_task": [1850,1425,1200,1087.5,1110,1058.3333333333333,907.1428571428571,906.25,816.6666666666666,710,668.1818181818181,612.5,546.1538461538462,539.2857142857143,566.6666666666666,518.75,470.5882352941176,516.6666666666666,505.2631578947368,525,452.3809523809524,413.6363636363636,402.17391304347825,441.6666666666667,408,351.9230769230769,396.2962962962963,380.35714285714283,337.9310344827586,375]
        }
    ]
}