{
    "vehicle_starting_positions": ["Thun","Zürich","Neuchâtel","Bern","Aarau","Lausanne","Luzern","Genève","Sion","St-Gallen","Basel","Fribourg"],
    "task_distribution": {
        "weight_matrix": [
            [0,3,3,3,3,3,3,3,3,3,3,3],
            [3,0,3,3,3,3,3,3,3,3,3,3],
            [3,3,0,3,3,3,3,3,3,3,3,3],
            [3,3,3,0,3,3,3,3,3,3,3,3],
            [3,3,3,3,0,3,3,3,3,3,3,3],
            [3,3,3,3,3,0,3,3,3,3,3,3],
            [3,3,3,3,3,3,0,3,3,3,3,3],
            [3,3,3,3,3,3,3,0,3,3,3,3],
            [3,3,3,3,3,3,3,3,0,3,3,3],
            [3,3,3,3,3,3,3,3,3,0,3,3],
            [3,3,3,3,3,3,3,3,3,3,0,3],
            [3,3,3,3,3,3,3,3,3,3,3,0]
        ],
        "probability_matrix": [
            [0,0.04640244671423716,0.12337946826474609,0.07582887259203715,0.12384794755769278,0.12228589632614657,0.020516464159169363,0.12914170979748027,0.12998851100376782,0.11469128590074237,0.08737591289632013,0.026541484787660385],
            [0.007902942929286448,0,0.1692455007408717,0.036353845183798104,0.18903452948985594,0.030581681186344044,0.032165403064559894,0.045576197609814934,0.17562405740456602,0.09559118900708242,0.17037494150334456,0.047549711880475944],
            [0.11552292267466255,0.09112852031812026,0,0.08041980135303596,0.026523678027233887,0.07549654584259494,0.017988367703778457,0.10026230848696978,0.11437572008515577,0.16308412207358508,0.04895308653572531,0.1662449268991381],
            [0.01849314163129155,0.029217945799395774,0.2060808370923162,0,0.08451939373621353,0.16143110432469354,0.06220873553383234,0.034728160635582705,0.1323072537733393,0.057607124023299136,0.010912424427932757,0.20249387902210342],
            [0.03708014631585923,0.06439476334837424,0.09668765134540176,0.07217845462388957,0,0.11935806703519404,0.08875963110309702,0.024260852872980868,0.12528973300508006,0.15377124656683797,0.13800731032498365,0.08021214345830162],
            [0.0621809765808951,0.146759689456381,0.05331010179936422,0.030530061386134663,0.07104133194240363,0,0.027563279174910738,0.14920374916172502,0.12771293082223142,0.06871992979523861,0.11887626208720344,0.14410168779351207],
            [0.1786667557707322,0.03824372364864447,0.1030761925604925,0.1448807981185305,0.024183729861549284,0.06668957981385196,0,0.11184647495974874,0.1773213066838672,0.02226231098467908,0.0496070879166608,0.08322203968124334],
            [0.020244154108043668,0.09101942610742152,0.10603114945758782,0.034806011527248736,0.08091678629391878,0.06691434492448832,0.07286236172138555,0,0.056490991757969414,0.12493314685233924,0.17816952111702225,0.16761210613257496],
            [0.1641243833305424,0.07262665323026424,0.057530276339187225,0.17886916330258706,0.037521138641773276,0.1280754004461526,0.08752767878973175,5.533569404748731E-4,0,0.10166218900986064,0.05855995749184118,0.11294980247758471],
            [0.18560620170491368,0.026253139782773653,0.1378751955196364,0.01767391210348281,0.14778694779164897,0.05403120809835585,0.11518135031162458,0.2605026493349244,0.0277744424046915,0,0.002846927103656573,0.024468025844291662],
            [0.0798816910201516,0.11317404938128964,0.08480157631123367,0.016107209211672913,0.11532253842258483,0.07050551819222083,0.11835019211680708,0.1551962590074238,0.005939466602008608,0.0959465089027705,0,0.1447749908318365],
            [0.061447950360976986,0.16307762243627935,0.008451659215711702,0.07225565427690374,0.15608764043740223,0.11462466455325739,0.06923406467226993,0.009243515590431219,0.12221816760202184,0.17606170241557142,0.04729735843917418,0]
        ],
        "city_names": ["Lausanne","Genève","Sion","Neuchâtel","Bern","Basel","Fribourg","Zürich","Aarau","Luzern","St-Gallen","Thun"],
        "reward_matrix": [
            [0,89805,77572,87766,77572,49030,87766,42913,55146,36797,18448,69417],
            [89805,0,59223,69417,59223,30681,69417,24565,36797,18448,100,51068],
            [77572,59223,0,63301,75533,46991,65340,40875,53107,34758,16410,83688],
            [87766,69417,63301,0,95921,67378,85727,61262,73495,55146,36797,87766],
            [77572,59223,75533,95921,0,79611,97960,73495,85727,67378,49030,99999],
            [49030,30681,46991,67378,79611,0,69417,83688,71456,69417,59223,71456],
            [87766,69417,65340,85727,97960,69417,0,63301,75533,57185,38836,89805],
            [42913,24565,40875,61262,73495,83688,63301,0,95921,93882,83688,65340],
            [55146,36797,53107,73495,85727,71456,75533,95921,0,89805,71456,77572],
            [36797,18448,34758,55146,67378,69417,57185,93882,89805,0,69417,59223],
            [18448,100,16410,36797,49030,59223,38836,83688,71456,69417,0,40875],
            [69417,51068,83688,87766,99999,71456,89805,65340,77572,59223,40875,0]
        ]
    },
    "runs": [
        {
            "number_of_vehicles": 2,
            "avg_task_cost_vs_number_of_task": [300,1625,1883.3333333333333,1650,1480,1241.6666666666667,1135.7142857142858,993.75,883.3333333333334,795,722.7272727272727,662.5,830.7692307692307,735.7142857142857,580,571.875,567.6470588235294,502.77777777777777,563.1578947368421,512.5,490.4761904761905,579.5454545454545,471.7391304347826,541.6666666666666,462,536.5384615384615,440.74074074074076,396.42857142857144,484.48275862068965,440]
        },
        {
            "number_of_vehicles": 3,
            "avg_task_cost_vs_number_of_task": [300,1625,1883.3333333333333,1650,1480,1241.6666666666667,1135.7142857142858,993.75,944.4444444444445,910,722.7272727272727,679.1666666666666,646.1538461538462,617.8571428571429,680,553.125,532.3529411764706,619.4444444444445,507.89473684210526,517.5,492.85714285714283,493.1818181818182,534.7826086956521,502.0833333333333,442,425,437.037037037037,539.2857142857143,434.48275862068965,405]
        },
        {
            "number_of_vehicles": 4,
            "avg_task_cost_vs_number_of_task": [300,1625,1883.3333333333333,1650,1480,1241.6666666666667,1135.7142857142858,993.75,883.3333333333334,795,800,666.6666666666666,665.3846153846154,632.1428571428571,590,556.25,570.5882352941177,613.8888888888889,531.578947368421,507.5,533.3333333333334,588.6363636363636,493.4782608695652,529.1666666666666,470,536.5384615384615,457.4074074074074,419.64285714285717,468.9655172413793,465]
        },
        {
            "number_of_vehicles": 5,
            "avg_task_cost_vs_number_of_task": [300,1625,1883.3333333333333,1637.5,1480,1241.6666666666667,1135.7142857142858,993.75,977.7777777777778,795,818.1818181818181,733.3333333333334,703.8461538461538,617.8571428571429,576.6666666666666,603.125,544.1176470588235,550,536.8421052631579,600,478.57142857142856,570.4545454545455,458.69565217391306,427.0833333333333,446,488.46153846153845,450,467.85714285714283,467.2413793103448,436.6666666666667]
        }
    ]
}