{
    "vehicle_starting_positions": ["Fribourg","Sion","Aarau","Bern","Lausanne","Thun","Basel","Zürich","Luzern","St-Gallen","Neuchâtel","Genève"],
    "task_distribution": {
        "weight_matrix": [
            [0,3,3,3,3,3,3,3,3,3,3,3],
            [3,0,3,3,3,3,3,3,3,3,3,3],
            [3,3,0,3,3,3,3,3,3,3,3,3],
            [3,3,3,0,3,3,3,3,3,3,3,3],
            [3,3,3,3,0,3,3,3,3,3,3,3],
            [3,3,3,3,3,0,3,3,3,3,3,3],
            [3,3,3,3,3,3,0,3,3,3,3,3],
            [3,3,3,3,3,3,3,0,3,3,3,3],
            [3,3,3,3,3,3,3,3,0,3,3,3],
            [3,3,3,3,3,3,3,3,3,0,3,3],
            [3,3,3,3,3,3,3,3,3,3,0,3],
            [3,3,3,3,3,3,3,3,3,3,3,0]
        ],
        "probability_matrix": [
            [0,0.04546131909767301,0.060470266310225736,0.16140001003132287,0.02810818354778769,0.11423721475801811,0.13404078345869036,0.1582826827834437,0.08690243875291803,0.09639853023185622,0.06928879076715151,0.04540978026091283],
            [0.13963926964848553,0,0.12819082123315373,0.14449268108281715,0.020771316580962432,0.12420398283503005,0.006904731419462139,0.012257265509844958,0.08482164374498036,0.15543289257146783,0.05732154042017837,0.12596385495361728],
            [0.05989979560567674,0.050500311473128584,0,0.08874831372047849,0.09722242218835447,0.17342384062464658,0.0795173859997941,0.04919536537429408,0.0718995095485237,0.16132625901720665,0.09730711898760838,0.07095967746028813],
            [0.09723202115503846,0.0901622844043183,0.11529230982505922,0,0.07028370280277649,0.1229466514710261,0.0939637173845358,0.03212875342141361,0.123542561454393,0.12845858682887765,0.029659465481485073,0.09632994577107606],
            [0.1319988558657039,0.11374530623841003,0.059581730917087856,0.1466886041651677,0,0.03289406222824824,0.1033561313387065,0.13608677673344005,0.05969393384102864,0.17234338805833957,0.015354505853043902,0.02825670476082367],
            [0.09298055349490446,0.06958756675124528,0.13052313085822992,0.11292629311588431,0.14421964081013403,0,0.06724919738401341,0.02496279736339853,0.07102273872961616,0.04579320155525938,0.09425777100163382,0.14647710893568075],
            [0.1569388471160059,0.13791126312030966,0.03727773833200388,0.08106551366100026,0.08395867948188102,0.017240778584877506,0,0.13633304154550382,0.15073860666328348,0.0633086985984587,0.0782899815999533,0.05693685129672267],
            [0.02772102223286877,0.08688389940555058,0.11471325191679108,0.1650520281258657,0.1377945685285238,0.03391499498353923,0.07461026238966448,0,0.15745357560311604,0.10428853868760297,0.06762736181643805,0.029940496310039342],
            [0.1388798464492884,0.12334285937693716,0.14210998047365306,0.00857626191727229,0.09338145247926573,0.13539827121799602,0.024354559469210835,0.01562437755814393,0,0.14034662357183184,0.10796299246820973,0.07002277501819096],
            [0.07708185449230114,0.032798240330471594,0.06438077533722736,0.15697757452111913,0.13067751634052457,0.12742689238947175,0.17448235961763411,0.16849135585802483,0.024920460331143708,0,0.02297617800395765,0.019786792778124045],
            [0.16985682119224582,0.07194947084699638,0.07567314312215823,0.12208504736482713,0.039533574686874,0.030477961382663593,0.06852856650713864,0.08521457249911403,0.16521210653089977,0.15437770876900975,0,0.017091027098072826],
            [0.017376770401814238,0.1244380919579489,0.11896839052531734,0.15547849964320667,0.049105242172979596,0.0778124872140908,0.12073435087335059,0.12353891377187434,0.154644559508846,0.043213390260340434,0.014689303670231023,0]
        ],
        "city_names": ["Lausanne","Genève","Sion","Neuchâtel","Bern","Basel","Fribourg","Zürich","Aarau","Luzern","St-Gallen","Thun"],
        "reward_matrix": [
            [0,89805,77572,87766,77572,49030,87766,42913,55146,36797,18448,69417],
            [89805,0,59223,69417,59223,30681,69417,24565,36797,18448,100,51068],
            [77572,59223,0,63301,75533,46991,65340,40875,53107,34758,16410,83688],
            [87766,69417,63301,0,95921,67378,85727,61262,73495,55146,36797,87766],
            [77572,59223,75533,95921,0,79611,97960,73495,85727,67378,49030,99999],
            [49030,30681,46991,67378,79611,0,69417,83688,71456,69417,59223,71456],
            [87766,69417,65340,85727,97960,69417,0,63301,75533,57185,38836,89805],
            [42913,24565,40875,61262,73495,83688,63301,0,95921,93882,83688,65340],
            [55146,36797,53107,73495,85727,71456,75533,95921,0,89805,71456,77572],
            [36797,18448,34758,55146,67378,69417,57185,93882,89805,0,69417,59223],
            [18448,100,16410,36797,49030,59223,38836,83688,71456,69417,0,40875],
            [69417,51068,83688,87766,99999,71456,89805,65340,77572,59223,40875,0]
        ]
    },
    "runs": [
        {
            "number_of_vehicles": 2,
            "avg_task_cost_vs_number_of_task": [1000,1475,1833.3333333333333,1512.5,1280,1150,1050,918.75,827.7777777777778,745,718.1818181818181,762.5,680.7692307692307,667.8571428571429,650,584.375,594.1176470588235,547.2222222222222,534.2105263157895,557.5,457.14285714285717,550,465.2173913043478,506.25,500,440.38461538461536,475.9259259259259,476.7857142857143,517.2413793103449,416.6666666666667]
        },
        {
            "number_of_vehicles": 3,
            "avg_task_cost_vs_number_of_task": [1000,1475,1483.3333333333333,1250,1070,1016.6666666666666,957.1428571428571,887.5,788.8888888888889,760,713.6363636363636,708.3333333333334,715.3846153846154,607.1428571428571,623.3333333333334,581.25,555.8823529411765,577.7777777777778,578.9473684210526,495,533.3333333333334,431.8181818181818,439.1304347826087,412.5,396,451.9230769230769,403.7037037037037,460.7142857142857,437.9310344827586,425]
        },
        {
            "number_of_vehicles": 4,
            "avg_task_cost_vs_number_of_task": [1000,1475,1483.3333333333333,1187.5,1020,1016.6666666666666,957.1428571428571,887.5,788.8888888888889,740,713.6363636363636,750,700,607.1428571428571,623.3333333333334,590.625,579.4117647058823,547.2222222222222,547.3684210526316,542.5,438.0952380952381,475,415.2173913043478,506.25,426,455.7692307692308,450,412.5,412.0689655172414,378.3333333333333]
        },
        {
            "number_of_vehicles": 5,
            "avg_task_cost_vs_number_of_task": [500,1225,1316.6666666666667,1112.5,960,966.6666666666666,957.1428571428571,931.25,811.1111111111111,770,772.7272727272727,695.8333333333334,715.3846153846154,664.2857142857143,593.3333333333334,612.5,547.0588235294117,552.7777777777778,515.7894736842105,432.5,476.1904761904762,436.3636363636364,521.7391304347826,462.5,438,490.38461538461536,477.77777777777777,421.42857142857144,418.9655172413793,421.6666666666667]
        }
    ]
}