{
    "vehicle_starting_positions": ["Sion","Aarau","Zürich","Lausanne","Bern","Neuchâtel","Luzern","Genève","Basel","Fribourg","St-Gallen","Thun"],
    "task_distribution": {
        "weight_matrix": [
            [0,3,3,3,3,3,3,3,3,3,3,3],
            [3,0,3,3,3,3,3,3,3,3,3,3],
            [3,3,0,3,3,3,3,3,3,3,3,3],
            [3,3,3,0,3,3,3,3,3,3,3,3],
            [3,3,3,3,0,3,3,3,3,3,3,3],
            [3,3,3,3,3,0,3,3,3,3,3,3],
            [3,3,3,3,3,3,0,3,3,3,3,3],
            [3,3,3,3,3,3,3,0,3,3,3,3],
            [3,3,3,3,3,3,3,3,0,3,3,3],
            [3,3,3,3,3,3,3,3,3,0,3,3],
            [3,3,3,3,3,3,3,3,3,3,0,3],
            [3,3,3,3,3,3,3,3,3,3,3,0]
        ],
        "probability_matrix": [
            [0,0.0867518765171142,0.12407312705208025,0.14559394803825923,0.10161743175281958,0.006599723320169161,0.135351189644449,0.09959568095367864,0.04862799503853032,0.021507857241079485,0.14587105370061415,0.08441011674120596],
            [0.13713248234674558,0,0.12936296757770827,0.1067142176973174,0.06129089636467363,0.07087184509611062,0.07060163621343489,0.09297013534401559,0.07166119237427443,0.044762476966861316,0.0679850027191135,0.14664714729974482],
            [0.042108830578053716,0.13190449825107872,0,0.0749892725661901,0.09036269797023742,0.16904021734311456,0.051978575710792424,0.1062733384337708,0.14560027611588852,0.0681052877764361,0.09216630773370345,0.02747069752073402],
            [0.06817701368084167,0.04688751710400968,0.04483189846480428,0,0.03784177226933374,0.11515929368362281,0.16050350944277886,0.03617157891342551,0.14256749764738563,0.18485294225047727,0.08082172848078581,0.08218524806253492],
            [0.18550819974432514,0.0922710233445449,0.07774531661705733,0.11027805646967503,0,0.11612812476652712,0.03594360099326733,0.06483833817681402,0.014931439905147892,0.07320217404069773,0.18449371075477652,0.04466001518716698],
            [0.10469921517999656,0.02019434747959243,0.10789042021606068,0.05772964166834705,0.010212584567265781,0,0.10974293500025674,0.14625322071374044,0.07663972401014167,0.08752306110348215,0.12654325470322442,0.152571595357892],
            [0.05640893697171545,0.007198912586919403,0.17290842872380927,0.12906009138726166,0.145609451539892,0.09389856760454279,0,0.12091126712957172,0.06074441763773938,0.18629872265539701,0.01405154995734239,0.012909653805809116],
            [0.107179860328992,0.04659584926734532,0.12714842518825034,0.056527468787219794,0.031442277560233704,0.13172348701161524,0.1466921333498132,0,0.16313661214274733,0.028265471435568824,0.007582553121610903,0.15370586180660326],
            [0.10628554143991321,0.10292406626372154,0.1913800408859782,0.10306724452242022,0.03457694326055357,0.05797869281388386,0.0522853650769953,0.05195392846993067,0,0.19793807221106433,0.0967973866605257,0.004812718395013383],
            [0.16179171198935705,0.07082147548880045,0.1006345248213072,0.12799481788781125,0.014907497311697453,0.06936621290287323,0.0822352316791871,0.013465931795807327,0.17501163309444331,0,0.026319813675414312,0.15745114935330123],
            [0.024384979518514226,0.16152806938609676,0.14316257292809575,0.00887780769720807,0.0650704495573826,0.028089420835452926,0.13898361352426603,0.12686222572220263,0.08090907041449936,0.13262869941885164,0,0.08950309099743003],
            [0.029742465176727115,0.024572914880776724,0.06724664837120267,0.0781548545788197,0.037770549111066226,0.16062188678899206,0.15374802478852054,0.09083526693614807,0.16071491662657478,0.14625213138986526,0.05034034135130676,0]
        ],
        "city_names": ["Lausanne","Genève","Sion","Neuchâtel","Bern","Basel","Fribourg","Zürich","Aarau","Luzern","St-Gallen","Thun"],
        "reward_matrix": [
            [0,89805,77572,87766,77572,49030,87766,42913,55146,36797,18448,69417],
            [89805,0,59223,69417,59223,30681,69417,24565,36797,18448,100,51068],
            [77572,59223,0,63301,75533,46991,65340,40875,53107,34758,16410,83688],
            [87766,69417,63301,0,95921,67378,85727,61262,73495,55146,36797,87766],
            [77572,59223,75533,95921,0,79611,97960,73495,85727,67378,49030,99999],
            [49030,30681,46991,67378,79611,0,69417,83688,71456,69417,59223,71456],
            [87766,69417,65340,85727,97960,69417,0,63301,75533,57185,38836,89805],
            [42913,24565,40875,61262,73495,83688,63301,0,95921,93882,83688,65340],
            [55146,36797,53107,73495,85727,71456,75533,95921,0,89805,71456,77572],
            [36797,18448,34758,55146,67378,69417,57185,93882,89805,0,69417,59223],
            [18448,100,16410,36797,49030,59223,38836,83688,71456,69417,0,40875],
            [69417,51068,83688,87766,99999,71456,89805,65340,77572,59223,40875,0]
        ]
    },
    "runs": [
        {
            "number_of_vehicles": 2,
            "avg_task_cost_vs_number_of_task": [1650,1750,1500,1375,1100,916.6666666666666,785.7142857142857,856.25,611.1111111111111,625,654.5454545454545,612.5,600,539.2857142857143,606.6666666666666,487.5,523.5294117647059,569.4444444444445,526.3157894736842,502.5,528.5714285714286,425,502.17391304347825,472.9166666666667,412,476.9230769230769,462.962962962963,403.57142857142856,506.8965517241379,513.3333333333334]
        },
        {
            "number_of_vehicles": 3,
            "avg_task_cost_vs_number_of_task": [1650,1600,1400,1300,1040,866.6666666666666,742.8571428571429,856.25,611.1111111111111,685,627.2727272727273,604.1666666666666,565.3846153846154,532.1428571428571,510,465.625,494.11764705882354,519.4444444444445,515.7894736842105,567.5,483.3333333333333,454.54545454545456,450,479.1666666666667,430,488.46153846153845,438.8888888888889,483.92857142857144,458.62068965517244,536.6666666666666]
        },
        {
            "number_of_vehicles": 4,
            "avg_task_cost_vs_number_of_task": [900,1225,1150,1300,1040,866.6666666666666,978.5714285714286,650,761.1111111111111,685,654.5454545454545,612.5,557.6923076923077,621.4285714285714,516.6666666666666,600,650,527.7777777777778,497.36842105263156,495,490.4761904761905,550,482.60869565217394,466.6666666666667,526,465.38461538461536,433.3333333333333,505.35714285714283,448.2758620689655,383.3333333333333]
        },
        {
            "number_of_vehicles": 5,
            "avg_task_cost_vs_number_of_task": [900,1225,1083.3333333333333,1250,1000,833.3333333333334,714.2857142857143,831.25,577.7777777777778,625,654.5454545454545,616.6666666666666,600,621.4285714285714,610,484.375,511.7647058823529,497.22222222222223,500,462.5,471.42857142857144,497.72727272727275,434.7826086956522,466.6666666666667,450,461.53846153846155,485.18518518518516,446.42857142857144,406.8965517241379,406.6666666666667]
        }
    ]
}