{
    "vehicle_starting_positions": ["Nijmegen","Groningen","Amsterdam","Den Haag","Breda","Utrecht","Rotterdam","Almere","Eindhoven","Apeldoorn"],
    "task_distribution": {
        "weight_matrix": [
            [0,3,3,3,3,3,3,3,3,3],
            [3,0,3,3,3,3,3,3,3,3],
            [3,3,0,3,3,3,3,3,3,3],
            [3,3,3,0,3,3,3,3,3,3],
            [3,3,3,3,0,3,3,3,3,3],
            [3,3,3,3,3,0,3,3,3,3],
            [3,3,3,3,3,3,0,3,3,3],
            [3,3,3,3,3,3,3,0,3,3],
            [3,3,3,3,3,3,3,3,0,3],
            [3,3,3,3,3,3,3,3,3,0]
        ],
        "probability_matrix": [
            [0,0.19380327046266058,0.14621002593826404,0.0714540812819211,0.1385066364724759,0.05740473987113166,0.13791922871913886,0.06894666605980931,0.08072549165511259,0.10502985953948592],
            [0.08074570971538025,0,0.10122482606743193,0.03192549411167623,0.10426119608012073,0.15217580453191282,0.16192114371422553,0.19096197770070453,0.12188075454244937,0.05490309353609861],
            [0.04456672811825771,0.062385633169336825,0,0.1532258333161623,0.12403113058091393,0.1638417163708,0.17887043722544257,0.15750362387737635,0.08400529947093924,0.031569597870771154],
            [0.01574757352012816,0.057490467922105756,0.10761316205721554,0,0.05790875017400994,0.13481452545692285,0.1517029995282032,0.12899690052405155,0.1401723227741726,0.2055532980431904],
            [0.12750873727089213,0.026130454707144195,0.08890194521300214,0.20156516348663325,0,0.165879705751381,0.13780733734750408,0.15011283605446263,0.054893242969468556,0.04720057719951202],
            [0.15256424933819523,0.09047594885015342,0.1706326376557948,0.10714911356010627,0.008084206007165837,0,0.004336552473792483,0.16212624006949938,0.20609019842525206,0.09854085362004045],
            [0.025089785187307107,0.14477150245183593,0.1659724476788706,0.1019245526032196,0.10967878156742276,0.09184066365965203,0,0.15656374191819242,0.14300775572183722,0.06115076921166234],
            [0.21835276485769867,0.00921163985990177,0.08411009511037451,0.036380072219150066,0.037458165277499594,0.021794912107152276,0.1948170652752481,0,0.20542761235306367,0.19244767293991133],
            [0.03995811202915296,0.12658096198487495,0.060825848117651106,0.2597524394322026,0.12831751996829854,0.21664053336078706,0.054728747206538385,0.023923343495634297,0,0.08927249440486015],
            [0.014369932395422893,0.13912478162728442,0.14182944058965438,0.08969971600721857,0.07337053417774032,0.0929636027118442,0.07047479628671582,0.15613486684164782,0.22203232936247147,0]
        ],
        "city_names": ["Amsterdam","Rotterdam","Den Haag","Utrecht","Eindhoven","Almere","Groningen","Nijmegen","Breda","Apeldoorn"],
        "reward_matrix": [
            [0,73456,83796,91775,54364,97352,34661,56603,61855,73619],
            [73456,0,99999,84977,65233,67350,4659,64745,90554,57702],
            [83796,99999,0,74637,54893,70810,8119,54405,80214,47362],
            [91775,84977,74637,0,72927,92712,30020,75166,80418,83064],
            [54364,65233,54893,72927,0,55300,1117,81761,85018,58516],
            [97352,67350,70810,92712,55300,0,47647,57539,62791,77731],
            [34661,4659,8119,30020,1117,47647,0,29695,100,52939],
            [56603,64745,54405,75166,81761,57539,29695,0,71177,87094],
            [61855,90554,80214,80418,85018,62791,100,71177,0,53143],
            [73619,57702,47362,83064,58516,77731,52939,87094,53143,0]
        ]
    },
    "runs": [
        {
            "number_of_vehicles": 2,
            "avg_task_cost_vs_number_of_task": [1858,929,853.3333333333334,752.1249999999999,601.6999999999999,526.0833333333334,499.2857142857143,436.875,388.3333333333333,349.5,317.72727272727275,291.25,285.69230769230774,334.6428571428572,247.60000000000002,261.21875,243.94117647058823,240.77777777777777,246.5789473684211,257.4,272.3809523809524,247.25,291.0217391304348,245.4166666666667,255.66,237.5384615384615,240.87037037037044,265.51785714285717,238.27586206896552,240.16666666666666]
        },
        {
            "number_of_vehicles": 3,
            "avg_task_cost_vs_number_of_task": [1751.0000000000002,875.5,811.6666666666666,608.75,487,582.5,499.2857142857143,436.875,388.3333333333333,349.5,317.72727272727275,291.25,358.38461538461536,265.28571428571433,247.60000000000002,259.1875,271.11764705882354,259.1388888888889,254.42105263157896,246.95000000000005,257.0238095238096,251.38636363636368,257.2608695652174,233.52083333333334,233.94,225.71153846153845,279.2962962962963,256.6071428571429,205.8448275862069,247.66666666666663]
        },
        {
            "number_of_vehicles": 4,
            "avg_task_cost_vs_number_of_task": [1425,712.5,709,608.75,487,472.8333333333333,499.2857142857143,464.0625,388.3333333333333,399.8,317.72727272727275,365.20833333333326,285.69230769230774,265.28571428571433,247.60000000000002,249.87500000000003,251.94117647058823,256.05555555555554,227.26315789473688,258.475,227.38095238095244,241.54545454545453,236.15217391304347,260.2916666666667,219.84,217.90384615384616,222.0185185185185,211.25,194.20689655172413,195.20000000000007]
        },
        {
            "number_of_vehicles": 5,
            "avg_task_cost_vs_number_of_task": [1425,712.5,695.6666666666666,608.75,487,472.8333333333333,499.2857142857143,464.0625,388.3333333333333,349.5,317.72727272727275,291.25,285.69230769230774,289.6071428571429,247.60000000000002,249.87500000000003,243.94117647058823,260.2777777777778,225.42105263157896,230.00000000000006,254.83333333333337,243.75,244.15217391304347,260.7708333333333,209.82000000000005,240.03846153846155,230.46296296296296,236.6964285714286,228.4827586206897,206]
        }
    ]
}