{
    "vehicle_starting_positions": ["Newcastle","Cardiff","Plymouth","Norwich","Manchester","London","Leeds","Sheffield","Birmingham","Liverpool","Portsmouth"],
    "task_distribution": {
        "distance_matrix": [
            [0,345,477.8,348,209.9,233,246.5,205.2,115,244.6,307.8],
            [345,0,592.8,463,205.7,348,98.5,139.8,230,171,422.8],
            [477.8,592.8,0,359.8,457.7,244.8,494.3,453,362.8,492.4,170],
            [348,463,359.8,0,327.9,115,364.5,323.2,233,362.6,189.8],
            [209.9,205.7,457.7,327.9,0,212.9,107.2,148.5,94.9,34.7,287.7],
            [233,348,244.8,115,212.9,0,249.5,208.2,118,247.6,74.8],
            [246.5,98.5,494.3,364.5,107.2,249.5,0,41.3,131.5,72.5,324.3],
            [205.2,139.8,453,323.2,148.5,208.2,41.3,0,90.2,113.8,283],
            [115,230,362.8,233,94.9,118,131.5,90.2,0,129.6,192.8],
            [244.6,171,492.4,362.6,34.7,247.6,72.5,113.8,129.6,0,322.4],
            [307.8,422.8,170,189.8,287.7,74.8,324.3,283,192.8,322.4,0]
        ],
        "weight_matrix": [
            [0,3,3,3,3,3,3,3,3,3,3],
            [3,0,3,3,3,3,3,3,3,3,3],
            [3,3,0,3,3,3,3,3,3,3,3],
            [3,3,3,0,3,3,3,3,3,3,3],
            [3,3,3,3,0,3,3,3,3,3,3],
            [3,3,3,3,3,0,3,3,3,3,3],
            [3,3,3,3,3,3,0,3,3,3,3],
            [3,3,3,3,3,3,3,0,3,3,3],
            [3,3,3,3,3,3,3,3,0,3,3],
            [3,3,3,3,3,3,3,3,3,0,3],
            [3,3,3,3,3,3,3,3,3,3,0]
        ],
        "probability_matrix": [
            [0,0.13680769710157434,0.16701043800636223,0.010521964011937314,0.0218759736670099,0.09824172072562266,0.06043588648925462,0.08923614256159276,0.18890916529620247,0.17589285457048925,0.05106815756995429],
            [0.040465781253015067,0,0.09556583095306961,0.10519057130086257,0.15502940743392318,0.07817482943963691,0.13421054149688746,0.0859400492933012,0.13348447276824282,0.1469039942019414,0.025034521859119804],
            [0.02649741431022318,0.05293616374598022,0,0.09373042575913054,0.08666633234250534,0.06845894633891582,0.22482722738026592,0.21511493876987614,0.033396813318823375,0.16885597712406888,0.029515760910210652],
            [0.08872573944641116,0.060838159807226455,0.00867023024983616,0,0.1086819945884356,0.09640787267859352,0.13600915817426343,0.09262838640303868,0.12930804072097346,0.11348586039333992,0.16524455753788148],
            [0.0058405638288167696,0.04146197196789043,0.1952681387909341,0.165994970830903,0,0.18748567908181138,0.08575883103162774,0.06054932296429868,0.15025872166177384,0.06534448326851829,0.04203731657342576],
            [0.07576963603601983,0.12615729900301176,0.08830143783665631,0.14726175372988468,0.11097195570635618,0,0.108829249547829,0.09459242786688427,0.06592034889220799,0.11936228228805004,0.06283360909310005],
            [0.15044652367544936,0.022326078055853123,0.10062048747287686,0.0904246107870637,0.09608991837824357,0.03085953497453204,0,0.09138827097962426,0.1541444117427362,0.1590217495043839,0.10467841442923713],
            [0.07172302440945351,0.13746993566962537,0.1516873228867534,0.029270522208275935,0.01714244090851493,0.12557892041505966,0.17774951451072493,0,0.06333446008098366,0.13283203160348195,0.09321182730712664],
            [0.12353039394939545,0.10845361381963402,0.14045735784094907,0.021296929492590964,0.0017914590630906673,0.10869896249887559,0.09239147519020828,0.15342251305840937,0,0.12492934526427403,0.1250279498225723],
            [0.19523823834099271,0.20184613255879788,0.014143958635263692,0.19383874530528547,0.019435075669177945,0.09819040462889089,0.09903994697887426,0.00588217676129081,0.1177629320585205,0,0.05462238906290574],
            [0.15403577087916662,0.1548961752925171,0.12693943159779147,0.030954601042464877,0.09848120979458069,0.14678939865160154,5.870450892475025E-4,0.07854482012813198,0.1489781316509818,0.059793415873516186,0]
        ],
        "city_names": ["Cardiff","Newcastle","Plymouth","Norwich","Manchester","London","Leeds","Sheffield","Birmingham","Liverpool","Portsmouth"],
        "reward_matrix": [
            [0,44455,20684,43918,68638,64503,62087,69479,85625,62427,51114],
            [44455,0,100,23333,69390,43918,88578,81186,65040,75601,30529],
            [20684,100,0,41806,24282,62391,17731,25123,41269,18071,75780],
            [43918,23333,41806,0,47516,85625,40965,48357,64503,41305,72236],
            [68638,69390,24282,47516,0,68101,87021,79628,89223,99999,54712],
            [64503,43918,62391,85625,68101,0,61550,68942,85088,61890,92821],
            [62087,88578,17731,40965,87021,61550,0,98817,82671,93232,48161],
            [69479,81186,25123,48357,79628,68942,98817,0,90064,85840,55553],
            [85625,65040,41269,64503,89223,85088,82671,90064,0,83012,71699],
            [62427,75601,18071,41305,99999,61890,93232,85840,83012,0,48501],
            [51114,30529,75780,72236,54712,92821,48161,55553,71699,48501,0]
        ]
    },
    "vehicle_capacities": [10,10,10,30,30,30,30,30,30,30,30],
    "runs": [{
        "number_of_vehicles": 3,
        "avg_task_cost_vs_number_of_task": [2330,1799,1352.3333333333333,1305.5,1044.4,939.1666666666666,805,870.25,817.7777777777778,753.6999999999999,685.1818181818181,784.3333333333334,762.3076923076923,793.2142857142857,785.1333333333332,736.4375,784,755.4722222222222,685.9473684210526,696.75,671.9285714285714,771.1363636363636,735.5217391304348,710.375,725.04,702.8461538461538,695.6851851851852,623.642857142857,674.1379310344828,687.2333333333333]
    }]
}