{
    "vehicle_starting_positions": ["Newcastle","Cardiff","Plymouth","Norwich","Manchester","London","Leeds","Sheffield","Birmingham","Liverpool","Portsmouth"],
    "task_distribution": {
        "distance_matrix": [
            [0,345,477.8,348,209.9,233,246.5,205.2,115,244.6,307.8],
            [345,0,592.8,463,205.7,348,98.5,139.8,230,171,422.8],
            [477.8,592.8,0,359.8,457.7,244.8,494.3,453,362.8,492.4,170],
            [348,463,359.8,0,327.9,115,364.5,323.2,233,362.6,189.8],
            [209.9,205.7,457.7,327.9,0,212.9,107.2,148.5,94.9,34.7,287.7],
            [233,348,244.8,115,212.9,0,249.5,208.2,118,247.6,74.8],
            [246.5,98.5,494.3,364.5,107.2,249.5,0,41.3,131.5,72.5,324.3],
            [205.2,139.8,453,323.2,148.5,208.2,41.3,0,90.2,113.8,283],
            [115,230,362.8,233,94.9,118,131.5,90.2,0,129.6,192.8],
            [244.6,171,492.4,362.6,34.7,247.6,72.5,113.8,129.6,0,322.4],
            [307.8,422.8,170,189.8,287.7,74.8,324.3,283,192.8,322.4,0]
        ],
        "weight_matrix": [
            [0,3,3,3,3,3,3,3,3,3,3],
            [3,0,3,3,3,3,3,3,3,3,3],
            [3,3,0,3,3,3,3,3,3,3,3],
            [3,3,3,0,3,3,3,3,3,3,3],
            [3,3,3,3,0,3,3,3,3,3,3],
            [3,3,3,3,3,0,3,3,3,3,3],
            [3,3,3,3,3,3,0,3,3,3,3],
            [3,3,3,3,3,3,3,0,3,3,3],
            [3,3,3,3,3,3,3,3,0,3,3],
            [3,3,3,3,3,3,3,3,3,0,3],
            [3,3,3,3,3,3,3,3,3,3,0]
        ],
        "probability_matrix": [
            [0,0.007915712895797284,0.058392408074955014,0.1803035244334015,0.16454893780261953,0.1827388707326847,0.03234799386161483,0.028044076221154315,0.09969765542890169,0.06850002413413861,0.17751079641473266],
            [0.15428762478048808,0,0.045751040108603806,0.15495256875233823,0.09287454411764016,0.13316279265557407,0.062595641021112,0.013123006079921324,0.10963821208982694,0.02961660085451063,0.2039979695399846],
            [0.15370199836085768,0.0355774051130148,0,0.15503924878654446,0.005426279610980811,0.07087925573966483,0.10456820677796284,0.15057882870247927,0.16368944035560587,0.06437201718444968,0.09616731936843967],
            [0.07451591852501961,0.14193602515350176,0.02657220451903037,0,0.08227893387474597,0.09016987901157925,0.03872273755889925,0.11331334138848972,0.161855371965186,0.14610272658174547,0.12453286142180249],
            [0.1345055122938174,0.023828864209667233,0.10382098145935492,0.009684675191286466,0,0.18305500402599154,0.08080569076785091,0.16169553290485605,0.2007863241247293,0.00496279848109727,0.09685461654134891],
            [0.1981427476282511,0.02098349599062977,0.09931858727596156,0.11758974455387372,0.00330096177160014,0,0.17258246733053223,0.013374301651704409,0.12402829393901167,0.19210320062767475,0.05857619923076067],
            [0.16411690020381348,0.004291778798250217,0.007244007709092103,0.1117101862428319,0.0842004395959607,0.11804194928335592,0,0.18482577169029582,0.00613643379927698,0.13994731774103633,0.17948521493608646],
            [0.05751392256787432,0.1991592769578584,0.01127020913613433,0.21504917751571165,0.13706294877365074,0.029022924117254816,0.1916397828792818,0,0.11994281849860532,0.00852931097380348,0.03080962857982527],
            [0.04249091097770754,0.09623167776885891,0.10690999342278962,0.06770068203683563,0.13039922454646755,0.10937659166898246,0.1430494441084451,0.22344141612045038,0,0.005950805311097877,0.07444925403836497],
            [0.14264626833184993,0.14885080010344792,0.07166918693584846,0.05729951547232475,0.006406002634809453,0.07678901112173327,0.14834525461356285,0.14068989803135898,0.08437377389975005,0,0.12293028885531411],
            [0.030579969325110003,0.08286979653101575,0.14984697905066863,0.07905541375855088,0.06603022521517239,0.14540331154816366,0.16134813096789893,0.05778958284063109,0.15995260646650059,0.06712398429628796,0]
        ],
        "city_names": ["Cardiff","Newcastle","Plymouth","Norwich","Manchester","London","Leeds","Sheffield","Birmingham","Liverpool","Portsmouth"],
        "reward_matrix": [
            [0,44455,20684,43918,68638,64503,62087,69479,85625,62427,51114],
            [44455,0,100,23333,69390,43918,88578,81186,65040,75601,30529],
            [20684,100,0,41806,24282,62391,17731,25123,41269,18071,75780],
            [43918,23333,41806,0,47516,85625,40965,48357,64503,41305,72236],
            [68638,69390,24282,47516,0,68101,87021,79628,89223,99999,54712],
            [64503,43918,62391,85625,68101,0,61550,68942,85088,61890,92821],
            [62087,88578,17731,40965,87021,61550,0,98817,82671,93232,48161],
            [69479,81186,25123,48357,79628,68942,98817,0,90064,85840,55553],
            [85625,65040,41269,64503,89223,85088,82671,90064,0,83012,71699],
            [62427,75601,18071,41305,99999,61890,93232,85840,83012,0,48501],
            [51114,30529,75780,72236,54712,92821,48161,55553,71699,48501,0]
        ]
    },
    "vehicle_capacities": [15,15,15,30,30,30,30,30,30,30,30],
    "runs": [{
        "number_of_vehicles": 3,
        "avg_task_cost_vs_number_of_task": [2403,1288.2500000000002,1338.3333333333333,1019.75,888.3,931.9166666666664,920.8571428571429,805.75,755.4444444444445,778.4,707.6363636363637,648.6666666666667,598.7692307692307,679.2142857142857,606.6,666.78125,627.5588235294117,608.0277777777778,584.7631578947369,549.025,563.7619047619048,546.9090909090909,515.5869565217391,551.9583333333333,528.22,559.1923076923077,574.5,552.3928571428571,512.8793103448276,542.7333333333333]
    }]
}