{
    "vehicle_starting_positions": ["Newcastle","Cardiff","Plymouth","Norwich","Manchester","London","Leeds","Sheffield","Birmingham","Liverpool","Portsmouth"],
    "task_distribution": {
        "distance_matrix": [
            [0,345,477.8,348,209.9,233,246.5,205.2,115,244.6,307.8],
            [345,0,592.8,463,205.7,348,98.5,139.8,230,171,422.8],
            [477.8,592.8,0,359.8,457.7,244.8,494.3,453,362.8,492.4,170],
            [348,463,359.8,0,327.9,115,364.5,323.2,233,362.6,189.8],
            [209.9,205.7,457.7,327.9,0,212.9,107.2,148.5,94.9,34.7,287.7],
            [233,348,244.8,115,212.9,0,249.5,208.2,118,247.6,74.8],
            [246.5,98.5,494.3,364.5,107.2,249.5,0,41.3,131.5,72.5,324.3],
            [205.2,139.8,453,323.2,148.5,208.2,41.3,0,90.2,113.8,283],
            [115,230,362.8,233,94.9,118,131.5,90.2,0,129.6,192.8],
            [244.6,171,492.4,362.6,34.7,247.6,72.5,113.8,129.6,0,322.4],
            [307.8,422.8,170,189.8,287.7,74.8,324.3,283,192.8,322.4,0]
        ],
        "weight_matrix": [
            [0,3,3,3,3,3,3,3,3,3,3],
            [3,0,3,3,3,3,3,3,3,3,3],
            [3,3,0,3,3,3,3,3,3,3,3],
            [3,3,3,0,3,3,3,3,3,3,3],
            [3,3,3,3,0,3,3,3,3,3,3],
            [3,3,3,3,3,0,3,3,3,3,3],
            [3,3,3,3,3,3,0,3,3,3,3],
            [3,3,3,3,3,3,3,0,3,3,3],
            [3,3,3,3,3,3,3,3,0,3,3],
            [3,3,3,3,3,3,3,3,3,0,3],
            [3,3,3,3,3,3,3,3,3,3,0]
        ],
        "probability_matrix": [
            [0,0.20968673110029928,0.14505247960930587,0.015924495428566523,0.0062999894045672675,0.07919537422229216,0.09069126728174393,0.0126198252366311,0.05269570010032862,0.19709075236022802,0.1907433852560373],
            [0.03297545010684612,0,0.04132922114822605,0.15000892347505293,0.067184894552463,0.16973497711587598,0.10817164790557855,0.1590971792120503,0.10878035636192504,0.14565402320155324,0.017063326920428706],
            [0.16784242749248546,0.1573838464486214,0,0.09733499164001656,0.1523557575996177,0.10711804286724262,0.11421095159721652,0.00644948985235571,0.002314562480809094,0.09592100122920792,0.09906892879242708],
            [0.1217711631581102,0.058884969215561495,0.002546618689167082,0,0.041867314351837305,0.15057066852668644,0.13985650831440863,0.19635002930359963,0.02172735450113388,0.05089049641775809,0.21553487752173722],
            [0.13372523905599512,0.15895801345607435,0.0032907850257846085,0.14184325888214055,0,0.021586906607616686,0.20032193233055648,0.07144694084660501,0.18080670748709346,0.054079642080736054,0.0339405742273975],
            [0.2567125036285561,0.15575211977283981,0.1067441020719503,0.10041910565655505,0.08528652331880787,0,0.1282089045557686,0.028881951487672426,0.06060217380525261,0.03483455723013968,0.04255805847245757],
            [0.01902123914305313,0.22812028647118163,0.05530502191940221,0.008113564492913911,0.1021494520324548,0.06529715870304817,0,0.027619608678744394,0.3069887526105713,0.003886899167240806,0.18349801678138955],
            [0.0089620054768389,0.1605321308867098,0.17278655608420526,0.07936340509622368,0.0033605864664693454,0.1864554355092779,0.01153585049105521,0,0.11660738342623031,0.11944513257941299,0.14095151398357667],
            [0.24855100114622808,0.03413044515213633,0.0019707017146989294,0.14028547088204982,0.06015224920553268,0.15233225372053028,0.253976730267336,0.041250740270067185,0,0.06189960011070779,0.005450807530712934],
            [0.13351530211330256,0.12054830437890646,0.16821818795109258,0.006132048677892696,0.1349292170496575,0.15835462177628026,0.046293312068539684,0.05131436156200154,0.14824010884450028,0,0.032454535577826474],
            [0.06619119164695154,0.08003401908636391,0.17272589566917407,0.18860200904751212,0.011385666352513322,0.14154454822626963,0.11078545822592754,0.04089083035737437,0.08573841793202797,0.10210196345588564,0]
        ],
        "city_names": ["Cardiff","Newcastle","Plymouth","Norwich","Manchester","London","Leeds","Sheffield","Birmingham","Liverpool","Portsmouth"],
        "reward_matrix": [
            [0,44455,20684,43918,68638,64503,62087,69479,85625,62427,51114],
            [44455,0,100,23333,69390,43918,88578,81186,65040,75601,30529],
            [20684,100,0,41806,24282,62391,17731,25123,41269,18071,75780],
            [43918,23333,41806,0,47516,85625,40965,48357,64503,41305,72236],
            [68638,69390,24282,47516,0,68101,87021,79628,89223,99999,54712],
            [64503,43918,62391,85625,68101,0,61550,68942,85088,61890,92821],
            [62087,88578,17731,40965,87021,61550,0,98817,82671,93232,48161],
            [69479,81186,25123,48357,79628,68942,98817,0,90064,85840,55553],
            [85625,65040,41269,64503,89223,85088,82671,90064,0,83012,71699],
            [62427,75601,18071,41305,99999,61890,93232,85840,83012,0,48501],
            [51114,30529,75780,72236,54712,92821,48161,55553,71699,48501,0]
        ]
    },
    "vehicle_capacities": [10,10,10,30,30,30,30,30,30,30,30],
    "runs": [{
        "number_of_vehicles": 3,
        "avg_task_cost_vs_number_of_task": [1740,1295,1438.3333333333333,1222.5,1297.6,1331.8333333333333,1279,1190.5,1099.5555555555557,1029,1002.8181818181819,926.5833333333334,987.7692307692306,941.9999999999999,879.1999999999999,847.4999999999999,814.6764705882352,774,733.2631578947369,755.675,757.6666666666666,748.8863636363636,675.8478260869565,709.3333333333334,730.74,703.5961538461538,711.8333333333334,705.4642857142857,653.3103448275862,652.9833333333333]
    }]
}