{
    "vehicle_starting_positions": ["Newcastle","Cardiff","Plymouth","Norwich","Manchester","London","Leeds","Sheffield","Birmingham","Liverpool","Portsmouth"],
    "task_distribution": {
        "distance_matrix": [
            [0,345,477.8,348,209.9,233,246.5,205.2,115,244.6,307.8],
            [345,0,592.8,463,205.7,348,98.5,139.8,230,171,422.8],
            [477.8,592.8,0,359.8,457.7,244.8,494.3,453,362.8,492.4,170],
            [348,463,359.8,0,327.9,115,364.5,323.2,233,362.6,189.8],
            [209.9,205.7,457.7,327.9,0,212.9,107.2,148.5,94.9,34.7,287.7],
            [233,348,244.8,115,212.9,0,249.5,208.2,118,247.6,74.8],
            [246.5,98.5,494.3,364.5,107.2,249.5,0,41.3,131.5,72.5,324.3],
            [205.2,139.8,453,323.2,148.5,208.2,41.3,0,90.2,113.8,283],
            [115,230,362.8,233,94.9,118,131.5,90.2,0,129.6,192.8],
            [244.6,171,492.4,362.6,34.7,247.6,72.5,113.8,129.6,0,322.4],
            [307.8,422.8,170,189.8,287.7,74.8,324.3,283,192.8,322.4,0]
        ],
        "weight_matrix": [
            [0,3,3,3,3,3,3,3,3,3,3],
            [3,0,3,3,3,3,3,3,3,3,3],
            [3,3,0,3,3,3,3,3,3,3,3],
            [3,3,3,0,3,3,3,3,3,3,3],
            [3,3,3,3,0,3,3,3,3,3,3],
            [3,3,3,3,3,0,3,3,3,3,3],
            [3,3,3,3,3,3,0,3,3,3,3],
            [3,3,3,3,3,3,3,0,3,3,3],
            [3,3,3,3,3,3,3,3,0,3,3],
            [3,3,3,3,3,3,3,3,3,0,3],
            [3,3,3,3,3,3,3,3,3,3,0]
        ],
        "probability_matrix": [
            [0,0.17805499485297255,0.01650471989476394,0.06404349685823711,0.12585051021461507,0.01686408134093472,0.0472285906419121,0.1233405438875813,0.18421537147512887,0.17823296171655215,0.06566472911730205],
            [0.03309675475236634,0,0.03914632931977714,0.009098680432730955,0.10442316339489875,0.1779458775034413,0.005758309151826351,0.15536978113419297,0.17813611510765848,0.12323423242667685,0.17379075677643094],
            [0.11852315963206089,0.09743417960768795,0,0.004134374806594362,0.1476908771736727,0.12691730047303168,0.10052813161156399,0.0598318264072034,0.07552825176553972,0.13377203343330166,0.13563986508934367],
            [0.20166465763133565,0.007588711203298578,0.11061552835698102,0,0.06596597941728789,0.02453779071386347,0.0738766834642103,0.1352053902347107,0.15956483896954463,0.06941630514847773,0.1515641148602901],
            [0.10774553067902477,0.0043378493164370506,0.10519885003442118,0.030138928617900303,0,0.06727499165723848,0.1511687887082206,0.20861949273998062,0.08727034860833745,0.04522153189888281,0.19302368773955664],
            [0.11907910946911979,0.1635994955352808,0.004027795991199516,0.024897067331470568,0.14549280712904544,0,0.1495106484105903,0.09511094479429345,0.17486840643681445,0.06507472509515659,0.05833899980702901],
            [0.1943907793481481,0.02816953968954917,0.024454093138573753,0.04602179401598736,0.10748316234999736,0.1292382513043825,0,0.05395815041963749,0.16206773560376167,0.024483749570540742,0.22973274455942178],
            [0.18863038214681907,0.051298254581851783,0.055011694447878456,0.13262438492801773,0.04229141372936518,0.14085333763561203,0.14609830922042963,0,0.04395639616297908,0.10885302026029267,0.09038280688675435],
            [0.1288706703622539,0.09617863427786608,0.13458829717645454,0.14352097163764435,0.059863992866213224,0.08300643575817958,0.07152746862234442,0.08428041889762175,0,0.10103283912618677,0.09713027127523531],
            [0.054313903193120815,0.020553548856677897,0.16804349473457664,0.08687002812894269,0.12209401848470491,0.1680207705859912,0.05266437634656188,0.02330678775744259,0.16739930155935526,0,0.1367337703526262],
            [0.1595503077273468,0.07906435933274837,0.15467978557792578,0.11001961131125983,0.15081553031970382,0.0686479445365426,0.06267110631448873,0.08134958849423563,0.12090362529423707,0.012298141091511335,0]
        ],
        "city_names": ["Cardiff","Newcastle","Plymouth","Norwich","Manchester","London","Leeds","Sheffield","Birmingham","Liverpool","Portsmouth"],
        "reward_matrix": [
            [0,44455,20684,43918,68638,64503,62087,69479,85625,62427,51114],
            [44455,0,100,23333,69390,43918,88578,81186,65040,75601,30529],
            [20684,100,0,41806,24282,62391,17731,25123,41269,18071,75780],
            [43918,23333,41806,0,47516,85625,40965,48357,64503,41305,72236],
            [68638,69390,24282,47516,0,68101,87021,79628,89223,99999,54712],
            [64503,43918,62391,85625,68101,0,61550,68942,85088,61890,92821],
            [62087,88578,17731,40965,87021,61550,0,98817,82671,93232,48161],
            [69479,81186,25123,48357,79628,68942,98817,0,90064,85840,55553],
            [85625,65040,41269,64503,89223,85088,82671,90064,0,83012,71699],
            [62427,75601,18071,41305,99999,61890,93232,85840,83012,0,48501],
            [51114,30529,75780,72236,54712,92821,48161,55553,71699,48501,0]
        ]
    },
    "vehicle_capacities": [10,10,10,30,30,30,30,30,30,30,30],
    "runs": [{
        "number_of_vehicles": 3,
        "avg_task_cost_vs_number_of_task": [2114,1570,1279.6666666666667,1048,912.8,952.3333333333334,982.9999999999999,906.625,805.8888888888889,725.3,659.3636363636364,637.25,661.5384615384615,665.6428571428571,621.2666666666667,715.875,694.8823529411765,656.2777777777778,681.1578947368421,736.6,740.6190476190476,719.3181818181819,746,698.4166666666666,705.36,678.9230769230769,679.5555555555555,654.0357142857143,587.448275862069,596.6666666666666]
    }]
}