{
    "vehicle_starting_positions": ["Brest","Paris","Marseille","Genève","Monaco","Le Havre","Bordeaux","Lyon","Strasbourg"],
    "task_distribution": {
        "distance_matrix": [
            [0,591,1373,1206,1598,787,1175,1057,1078],
            [591,0,782,615,1007,196,584,466,487],
            [1373,782,0,465,225,978,646,316,854],
            [1206,615,465,0,521,811,737,149,389],
            [1598,1007,225,521,0,1203,871,541,910],
            [787,196,978,811,1203,0,780,662,683],
            [1175,584,646,737,871,780,0,588,1071],
            [1057,466,316,149,541,662,588,0,538],
            [1078,487,854,389,910,683,1071,538,0]
        ],
        "weight_matrix": [
            [0,3,3,3,3,3,3,3,3],
            [3,0,3,3,3,3,3,3,3],
            [3,3,0,3,3,3,3,3,3],
            [3,3,3,0,3,3,3,3,3],
            [3,3,3,3,0,3,3,3,3],
            [3,3,3,3,3,0,3,3,3],
            [3,3,3,3,3,3,0,3,3],
            [3,3,3,3,3,3,3,0,3],
            [3,3,3,3,3,3,3,3,0]
        ],
        "probability_matrix": [
            [0,0.08581373053305064,0.20910136438121607,0.010772167321108993,0.11086305067484743,0.1304853605181484,0.18169173229220073,0.0702770417667003,0.2009955525127274],
            [0.15522315642980675,0,0.11922402039645585,0.12914556199134086,0.05017943414027281,0.14390213383407555,0.15562358890369318,0.1291374149691412,0.11756468933521379],
            [0.14662800335473736,0.07799015107588243,0,0.17046803355523882,0.1223346274858234,0.10703020939179042,0.04236371493392626,0.18475185170049918,0.14843340850210232],
            [0.13894936945882513,0.21566261057356878,0.0593319629027151,0,0.054736238483737376,0.02471836883885574,0.1986578809008036,0.08965464484252504,0.21828892399896915],
            [0.1349751150067963,0.2433171068198252,0.22928027193553258,0.06798010251873757,0,0.0029615138833491306,0.03577793716492184,0.15700049149798084,0.12870746117285664],
            [0.08276261483550519,0.0567108895532358,0.07535791308501734,0.11392286972611532,0.059430220268121496,0,0.1346681143050418,0.2395997260977042,0.23754765212925882],
            [0.1848268666378058,0.12928837317779462,0.09646418474030123,0.14791782823409408,0.1679231388976588,0.05972003269193581,0,0.1346579576766781,0.07920161794373162],
            [0.18751645750904225,0.06077537560443326,0.13608420284244502,0.1203431785180199,0.1033993517296458,0.045882500954288245,0.18178152005753467,0,0.1642174127845908],
            [0.1885598212704591,0.17775586946068983,0.0758561073688332,0.1818373740513868,0.06147788057112103,0.20374360767569444,0.09501601489143628,0.015753324710379425,0]
        ],
        "city_names": ["Brest","Paris","Marseille","Genève","Monaco","Le Havre","Bordeaux","Lyon","Strasbourg"],
        "reward_matrix": [
            [0,69526,15612,27125,100,56013,29263,37398,35950],
            [69526,0,56357,67871,40845,96758,70008,78143,76696],
            [15612,56357,0,78212,94759,42844,65734,88485,51393],
            [27125,67871,78212,0,74352,54358,59460,99999,83452],
            [100,40845,94759,74352,0,27332,50221,72973,47533],
            [56013,96758,42844,54358,27332,0,56495,64631,63183],
            [29263,70008,65734,59460,50221,56495,0,69732,36433],
            [37398,78143,88485,99999,72973,64631,69732,0,73180],
            [35950,76696,51393,83452,47533,63183,36433,73180,0]
        ]
    },
    "vehicle_capacities": [5,5,5,30,30,30,30,30,30],
    "runs": [{
        "number_of_vehicles": 3,
        "avg_task_cost_vs_number_of_task": [4290,5455,4411.666666666667,4191.25,4698,5148.333333333333,4412.857142857143,4184.375,3947.222222222222,4214.5,4455.454545454545,4317.083333333333,4106.538461538462,3926.0714285714284,4038,3878.75,3772.6470588235293,3968.3333333333335,3993.9473684210525,3794.25,3684.5238095238096,3626.818181818182,3833.0434782608695,3819.1666666666665,3729.2,3893.076923076923,3956.4814814814813,3869.6428571428573,3964.8275862068967,3918.8333333333335]
    }]
}