{
    "vehicle_starting_positions": ["Brest","Paris","Marseille","Genève","Monaco","Le Havre","Bordeaux","Lyon","Strasbourg"],
    "task_distribution": {
        "distance_matrix": [
            [0,591,1373,1206,1598,787,1175,1057,1078],
            [591,0,782,615,1007,196,584,466,487],
            [1373,782,0,465,225,978,646,316,854],
            [1206,615,465,0,521,811,737,149,389],
            [1598,1007,225,521,0,1203,871,541,910],
            [787,196,978,811,1203,0,780,662,683],
            [1175,584,646,737,871,780,0,588,1071],
            [1057,466,316,149,541,662,588,0,538],
            [1078,487,854,389,910,683,1071,538,0]
        ],
        "weight_matrix": [
            [0,3,3,3,3,3,3,3,3],
            [3,0,3,3,3,3,3,3,3],
            [3,3,0,3,3,3,3,3,3],
            [3,3,3,0,3,3,3,3,3],
            [3,3,3,3,0,3,3,3,3],
            [3,3,3,3,3,0,3,3,3],
            [3,3,3,3,3,3,0,3,3],
            [3,3,3,3,3,3,3,0,3],
            [3,3,3,3,3,3,3,3,0]
        ],
        "probability_matrix": [
            [0,0.17083274866909365,0.07785881001809607,0.2231728999245681,0.19510341512904955,0.1598833016276008,0.08811880347667897,0.07738037294399437,0.0076496482109184],
            [0.17790391031720293,0,0.06621062382864246,0.07905522083869307,0.03570001199613908,0.16521665375254097,0.1247546556663876,0.1737274197575773,0.1774315038428168],
            [0.2131764854483995,0.19618342004458936,0,0.017181368372174818,0.07141207168698581,0.2055833607282484,0.08344113156532651,0.13052357686281857,0.08249858529145702],
            [0.08561000597445434,0.2474205987608684,0.0965178869718314,0,0.048907543173625535,0.09139623939637236,0.015220566680560012,0.24254322802387765,0.17238393101841026],
            [1.0233122148020721E-4,0.249835616555237,0.01651563105178652,0.25459574304588484,0,0.10674973818786007,0.09707745693917028,0.24095316197432962,0.03417032102425153],
            [0.06053008812339166,0.09678630823705674,0.026098496452836517,0.09490085755711654,0.19667199113562794,0,0.17714285902722618,0.22735114697835748,0.12051825248838699],
            [0.057199495379892405,0.1843602881713356,0.08100411291943371,0.13532993014772365,0.0600426368876026,0.11743474281784189,0,0.18015353004063073,0.1844752636355396],
            [0.10660389031576856,0.1439209657669746,0.19565446762787791,0.11444488134315463,0.16054523394731635,0.03088266286100726,0.15195072248140878,0,0.09599717565649181],
            [0.097405727058829,0.14598969370888512,0.009642005124921936,0.17674087950025985,0.048939951513086034,0.09281572666222941,0.29487093082512605,0.13359508560666253,0]
        ],
        "city_names": ["Brest","Paris","Marseille","Genève","Monaco","Le Havre","Bordeaux","Lyon","Strasbourg"],
        "reward_matrix": [
            [0,69526,15612,27125,100,56013,29263,37398,35950],
            [69526,0,56357,67871,40845,96758,70008,78143,76696],
            [15612,56357,0,78212,94759,42844,65734,88485,51393],
            [27125,67871,78212,0,74352,54358,59460,99999,83452],
            [100,40845,94759,74352,0,27332,50221,72973,47533],
            [56013,96758,42844,54358,27332,0,56495,64631,63183],
            [29263,70008,65734,59460,50221,56495,0,69732,36433],
            [37398,78143,88485,99999,72973,64631,69732,0,73180],
            [35950,76696,51393,83452,47533,63183,36433,73180,0]
        ]
    },
    "vehicle_capacities": [15,15,15,30,30,30,30,30,30],
    "runs": [{
        "number_of_vehicles": 3,
        "avg_task_cost_vs_number_of_task": [8355,7610,5073.333333333333,4156.25,3586,2988.3333333333335,2561.4285714285716,2606.25,2335,2169.5,2251.818181818182,2254.1666666666665,2280.769230769231,2143.9285714285716,1993,2014.6875,1937.9411764705883,1928.0555555555557,2064.2105263157896,1935.75,1892.142857142857,1960.4545454545455,1943.4782608695652,1937.5,1884.6,1790.7692307692307,1687.5925925925926,1677.3214285714287,1810.344827586207,1752]
    }]
}