{
    "vehicle_starting_positions": ["Brest","Paris","Marseille","Genève","Monaco","Le Havre","Bordeaux","Lyon","Strasbourg"],
    "task_distribution": {
        "distance_matrix": [
            [0,591,1373,1206,1598,787,1175,1057,1078],
            [591,0,782,615,1007,196,584,466,487],
            [1373,782,0,465,225,978,646,316,854],
            [1206,615,465,0,521,811,737,149,389],
            [1598,1007,225,521,0,1203,871,541,910],
            [787,196,978,811,1203,0,780,662,683],
            [1175,584,646,737,871,780,0,588,1071],
            [1057,466,316,149,541,662,588,0,538],
            [1078,487,854,389,910,683,1071,538,0]
        ],
        "weight_matrix": [
            [0,3,3,3,3,3,3,3,3],
            [3,0,3,3,3,3,3,3,3],
            [3,3,0,3,3,3,3,3,3],
            [3,3,3,0,3,3,3,3,3],
            [3,3,3,3,0,3,3,3,3],
            [3,3,3,3,3,0,3,3,3],
            [3,3,3,3,3,3,0,3,3],
            [3,3,3,3,3,3,3,0,3],
            [3,3,3,3,3,3,3,3,0]
        ],
        "probability_matrix": [
            [0,0.11405890954960575,0.10904883246145633,0.011491914608757519,0.11554889716443596,0.17874350887841123,0.18241574507706582,0.07576186173000939,0.21293033053025812],
            [0.15925885469302958,0,0.05723128270824766,0.1481061271359587,0.0789375471890951,0.10887708790662436,0.1352574712858834,0.08942805074060853,0.2229035783405526],
            [0.11724812085654211,0.13170654105402085,0,0.10212918054282377,0.1627495690909755,0.1847986711998695,0.13306481804107428,0.064621347120728,0.10368175209396592],
            [0.13107355619444666,0.04977336175683089,0.10851034556780609,0,0.18773795859560766,0.13880842152805095,0.05107703149282273,0.18386724247518194,0.14915208238925307],
            [0.010842698452527935,0.07289090173919144,0.11153091027256809,0.09108016235294394,0,0.01816388526986918,0.17760173222085054,0.24055905901789845,0.2773306506741504],
            [0.181432166236365,0.07574473752789143,0.20360821555246483,0.051550990885560935,0.19323737433527516,0,0.033210699123011354,0.13892176124254063,0.12229405509689056],
            [0.3107813070654357,0.10979793137824898,0.09347144235410129,0.057731158929046275,0.21792135446204092,0.13144316616270432,0,0.05007549899586254,0.028778140652559982],
            [0.06777727990861677,0.22724529950157601,0.17144655349949817,0.0334451530714156,0.1476064703002838,0.29798260009397515,0.05423974096759313,0,2.569026570412108E-4],
            [0.010611237859571175,0.14453813528166073,0.16427167779279744,0.0559445526640054,0.18811695546797855,0.1702126823350501,0.21043613366591962,0.055868624933016774,0]
        ],
        "city_names": ["Brest","Paris","Marseille","Genève","Monaco","Le Havre","Bordeaux","Lyon","Strasbourg"],
        "reward_matrix": [
            [0,69526,15612,27125,100,56013,29263,37398,35950],
            [69526,0,56357,67871,40845,96758,70008,78143,76696],
            [15612,56357,0,78212,94759,42844,65734,88485,51393],
            [27125,67871,78212,0,74352,54358,59460,99999,83452],
            [100,40845,94759,74352,0,27332,50221,72973,47533],
            [56013,96758,42844,54358,27332,0,56495,64631,63183],
            [29263,70008,65734,59460,50221,56495,0,69732,36433],
            [37398,78143,88485,99999,72973,64631,69732,0,73180],
            [35950,76696,51393,83452,47533,63183,36433,73180,0]
        ]
    },
    "vehicle_capacities": [15,15,15,30,30,30,30,30,30],
    "runs": [{
        "number_of_vehicles": 3,
        "avg_task_cost_vs_number_of_task": [3070,3915,4556.666666666667,3985,3188,2656.6666666666665,2686.4285714285716,2411.875,2775,2497.5,2362.7272727272725,2755.8333333333335,2586.5384615384614,2315,2477.3333333333335,1990,2159.4117647058824,2148.6111111111113,1939.4736842105262,2230.5,2019.5238095238096,1898.8636363636363,1929.5652173913043,1912.5,1952,1692.6923076923076,1677.7777777777778,1876.7857142857142,1848.9655172413793,1674.1666666666667]
    }]
}