{
    "vehicle_starting_positions": ["Brest","Paris","Marseille","Genève","Monaco","Le Havre","Bordeaux","Lyon","Strasbourg"],
    "task_distribution": {
        "distance_matrix": [
            [0,591,1373,1206,1598,787,1175,1057,1078],
            [591,0,782,615,1007,196,584,466,487],
            [1373,782,0,465,225,978,646,316,854],
            [1206,615,465,0,521,811,737,149,389],
            [1598,1007,225,521,0,1203,871,541,910],
            [787,196,978,811,1203,0,780,662,683],
            [1175,584,646,737,871,780,0,588,1071],
            [1057,466,316,149,541,662,588,0,538],
            [1078,487,854,389,910,683,1071,538,0]
        ],
        "weight_matrix": [
            [0,3,3,3,3,3,3,3,3],
            [3,0,3,3,3,3,3,3,3],
            [3,3,0,3,3,3,3,3,3],
            [3,3,3,0,3,3,3,3,3],
            [3,3,3,3,0,3,3,3,3],
            [3,3,3,3,3,0,3,3,3],
            [3,3,3,3,3,3,0,3,3],
            [3,3,3,3,3,3,3,0,3],
            [3,3,3,3,3,3,3,3,0]
        ],
        "probability_matrix": [
            [0,0.16945549109282154,0.08548007718931869,0.033730206242784284,0.1938743990365918,0.06588206821513135,0.16213056743610865,0.25185228862620224,0.037594902161041374],
            [0.21436544684123,0,0.18762657295857782,0.04731842471506618,0.08786384254505462,0.19516172531921053,0.03895038708882989,0.11792907995797618,0.11078452057405493],
            [0.17760279919550956,0.08844264295335763,0,0.11606492859876599,0.1400972784914987,0.11457290494499314,0.17590508695383816,0.12431197995589946,0.06300237890613745],
            [0.035678365517445264,0.19689702057622538,0.19146493873354747,0,0.010220063342492253,0.08054835344725335,0.12735790062393762,0.2134118651170822,0.1444214926420164],
            [0.18741312108876818,0.1650715856110319,0.1386572783924738,0.1061306050101945,0,0.030478797338284964,0.15370515343521926,0.08483412978741607,0.13370932933661142],
            [0.0044966480931912765,0.15410529251166685,0.1932635764467141,0.14520145178123467,0.11787840001718057,0,0.0940171580562835,0.20359382258455738,0.0874436505091717],
            [0.061484877027594295,0.15118180257299446,0.1383452158017725,0.11662546144408206,0.13005502008061645,0.17246052524071215,0,0.09352357468842198,0.13632352314380594],
            [0.1652338857465306,0.17997623680146302,0.11022786846828488,0.15184701935618558,0.15322669123027224,0.03434409810810506,0.048041845081707675,0,0.15710235520745086],
            [0.008177951186792575,0.10375113249722627,0.03379412582534402,0.18501894743301164,0.11069729829133766,0.12953207397938718,0.1958526902088965,0.233175780578004,0]
        ],
        "city_names": ["Brest","Paris","Marseille","Genève","Monaco","Le Havre","Bordeaux","Lyon","Strasbourg"],
        "reward_matrix": [
            [0,69526,15612,27125,100,56013,29263,37398,35950],
            [69526,0,56357,67871,40845,96758,70008,78143,76696],
            [15612,56357,0,78212,94759,42844,65734,88485,51393],
            [27125,67871,78212,0,74352,54358,59460,99999,83452],
            [100,40845,94759,74352,0,27332,50221,72973,47533],
            [56013,96758,42844,54358,27332,0,56495,64631,63183],
            [29263,70008,65734,59460,50221,56495,0,69732,36433],
            [37398,78143,88485,99999,72973,64631,69732,0,73180],
            [35950,76696,51393,83452,47533,63183,36433,73180,0]
        ]
    },
    "vehicle_capacities": [5,5,5,30,30,30,30,30,30],
    "runs": [{
        "number_of_vehicles": 3,
        "avg_task_cost_vs_number_of_task": [6820,6975,6001.666666666667,5837.5,6012,5713.333333333333,5459.285714285715,5021.875,4681.666666666667,4602.5,4583.181818181818,4365.833333333333,4152.307692307692,3964.6428571428573,4332,4129.6875,4112.64705882353,3884.1666666666665,3987.6315789473683,3905.75,3808.809523809524,4066.3636363636365,3955.8695652173915,4116.041666666667,4276.6,4144.615384615385,4086.8518518518517,3940.8928571428573,4008.793103448276,4072.1666666666665]
    }]
}