{
    "vehicle_starting_positions": ["Brest","Paris","Marseille","Genève","Monaco","Le Havre","Bordeaux","Lyon","Strasbourg"],
    "task_distribution": {
        "distance_matrix": [
            [0,591,1373,1206,1598,787,1175,1057,1078],
            [591,0,782,615,1007,196,584,466,487],
            [1373,782,0,465,225,978,646,316,854],
            [1206,615,465,0,521,811,737,149,389],
            [1598,1007,225,521,0,1203,871,541,910],
            [787,196,978,811,1203,0,780,662,683],
            [1175,584,646,737,871,780,0,588,1071],
            [1057,466,316,149,541,662,588,0,538],
            [1078,487,854,389,910,683,1071,538,0]
        ],
        "weight_matrix": [
            [0,3,3,3,3,3,3,3,3],
            [3,0,3,3,3,3,3,3,3],
            [3,3,0,3,3,3,3,3,3],
            [3,3,3,0,3,3,3,3,3],
            [3,3,3,3,0,3,3,3,3],
            [3,3,3,3,3,0,3,3,3],
            [3,3,3,3,3,3,0,3,3],
            [3,3,3,3,3,3,3,0,3],
            [3,3,3,3,3,3,3,3,0]
        ],
        "probability_matrix": [
            [0,0.14975441825349328,0.023702213802776012,0.17434425063814254,0.20741906786638456,0.09672989330626273,0.026203894367711117,0.20085541638672377,0.12099084537850582],
            [0.21176478211735897,0,0.0501026069851663,0.13410161799220033,0.10922082201418211,0.20837469653231677,0.0633961433429537,0.16539061496052204,0.05764871605529981],
            [0.14612756121850118,0.06494237854848307,0,0.04719203224739066,0.0608862419902703,0.19239342602294277,0.17112571763017959,0.1855832261093906,0.13174941623284198],
            [0.08507277371021199,0.13494728393595778,0.05791412327459597,0,0.17130013805865635,0.17997451981761467,0.12657440553749436,0.05236107726483534,0.19185567840063372],
            [0.1583920997415639,0.1651483831117397,0.1842965645521816,0.14331201971916527,0,0.0024172967997407235,0.0457633734206234,0.19832465827585624,0.10234560437912907],
            [0.22834576828156933,0.011183631161913874,0.08269166940719166,0.15927201018690793,0.04258545898221992,0,0.22605398591472342,0.2339387988811183,0.015928677184355557],
            [0.02586475694166298,0.13974702091734167,0.11018341287063886,0.1312241968486792,0.020750718431668706,0.18477844917027234,0,0.20364432625359546,0.18380711856614082],
            [0.1539931177667564,0.10185997904508941,0.025442526018435205,0.05189617602386802,0.16067480205695558,0.17980241710443517,0.1576114756842415,0,0.1687195063002189],
            [0.1043744904019459,0.25193675575041097,0.03658398005098956,0.013406453255218557,0.05942408046731237,0.08908221060408934,0.26044036343623983,0.1847516660337936,0]
        ],
        "city_names": ["Brest","Paris","Marseille","Genève","Monaco","Le Havre","Bordeaux","Lyon","Strasbourg"],
        "reward_matrix": [
            [0,69526,15612,27125,100,56013,29263,37398,35950],
            [69526,0,56357,67871,40845,96758,70008,78143,76696],
            [15612,56357,0,78212,94759,42844,65734,88485,51393],
            [27125,67871,78212,0,74352,54358,59460,99999,83452],
            [100,40845,94759,74352,0,27332,50221,72973,47533],
            [56013,96758,42844,54358,27332,0,56495,64631,63183],
            [29263,70008,65734,59460,50221,56495,0,69732,36433],
            [37398,78143,88485,99999,72973,64631,69732,0,73180],
            [35950,76696,51393,83452,47533,63183,36433,73180,0]
        ]
    },
    "vehicle_capacities": [5,5,5,30,30,30,30,30,30],
    "runs": [{
        "number_of_vehicles": 3,
        "avg_task_cost_vs_number_of_task": [3070,3675,5488.333333333333,5586.25,5056,5195,5712.142857142857,5531.875,5516.111111111111,5395.5,5673.636363636364,5393.333333333333,5770,6007.857142857143,6120.333333333333,5960.625,5745.882352941177,5426.666666666667,5395.789473684211,5154.5,5258.333333333333,5611.363636363636,5550.869565217391,5513.75,5476.8,5454.807692307692,5380.185185185185,5530.357142857143,5509.137931034483,5353.666666666667]
    }]
}