{
    "vehicle_starting_positions": ["Lausanne","Genève","Sion","Neuchâtel","Bern","Basel","Fribourg","Zürich","Aarau","Luzern","St-Gallen","Thun"],
    "task_distribution": {
        "distance_matrix": [
            [0,90,150,100,150,290,100,320,260,350,440,190],
            [90,0,240,190,240,380,190,410,350,440,530,280],
            [150,240,0,220,160,300,210,330,270,360,450,120],
            [100,190,220,0,60,200,110,230,170,260,350,100],
            [150,240,160,60,0,140,50,170,110,200,290,40],
            [290,380,300,200,140,0,190,120,180,190,240,180],
            [100,190,210,110,50,190,0,220,160,250,340,90],
            [320,410,330,230,170,120,220,0,60,70,120,210],
            [260,350,270,170,110,180,160,60,0,90,180,150],
            [350,440,360,260,200,190,250,70,90,0,190,240],
            [440,530,450,350,290,240,340,120,180,190,0,330],
            [190,280,120,100,40,180,90,210,150,240,330,0]
        ],
        "weight_matrix": [
            [0,3,3,3,3,3,3,3,3,3,3,3],
            [3,0,3,3,3,3,3,3,3,3,3,3],
            [3,3,0,3,3,3,3,3,3,3,3,3],
            [3,3,3,0,3,3,3,3,3,3,3,3],
            [3,3,3,3,0,3,3,3,3,3,3,3],
            [3,3,3,3,3,0,3,3,3,3,3,3],
            [3,3,3,3,3,3,0,3,3,3,3,3],
            [3,3,3,3,3,3,3,0,3,3,3,3],
            [3,3,3,3,3,3,3,3,0,3,3,3],
            [3,3,3,3,3,3,3,3,3,0,3,3],
            [3,3,3,3,3,3,3,3,3,3,0,3],
            [3,3,3,3,3,3,3,3,3,3,3,0]
        ],
        "probability_matrix": [
            [0,0.1327859531847293,0.027942428760526602,0.10542432862338764,0.10524973419047802,0.059785340668805344,0.10625163145078337,0.09386559780960085,0.0601545534692434,0.12232108211313622,0.0832905847835781,0.10292876494573118],
            [0.0038916943120753805,0,0.07294335293476308,0.16733813415826815,0.11986071553704311,0.1895634914629055,0.06356110645237678,0.0392895128511888,0.09907748502868907,0.20470395402002578,0.030939734261048703,0.00883081898161563],
            [0.033451525030748275,0.07006808541922911,0,0.07749930262584849,0.08680754464065638,0.08850009697497459,0.12504246800885377,0.0011796699311075287,0.27535783012537923,0.06921612450048788,0.013686800191056834,0.1591905525516579],
            [0.07982599541297408,0.008085383830019534,0.17167864263116878,0,0.02716380019107255,0.1539081917520284,0.12371110314204554,0.07664845590752525,0.0034884759895939376,0.07528477966341611,0.10617702002882576,0.1740281514513301],
            [0.07508204539909089,0.09522532404558752,0.043541543701018544,0.1208631945548288,0,0.046768998302910966,0.15637567768386945,0.05123972810710146,0.06742494371623467,0.135232932859642,0.08014791942702985,0.12809769220268594],
            [0.04880802513909369,0.033112408298337934,0.04305773390617631,0.14415710854076483,0.20838580324623568,0,0.14868401035917156,0.04519135992510931,0.0221712618106245,0.18305411507075972,0.08872717542328541,0.0346509982804412],
            [0.15481730763444093,0.1487465831720724,0.04547469294274639,0.022431560726750878,0.12446767520485087,0.07565996414843115,0,0.011766435682768615,0.12336171850175935,0.09800698172706691,0.06539301141287901,0.12987406884623345],
            [0.0330614608672998,0.11594616149213416,0.13648298522198782,0.10941256175907291,0.13181373383915923,0.08764655464090845,0.04080109225536013,0,0.03554789566482397,0.08887986827912767,0.07992881160012388,0.1404788743800018],
            [0.08748124994987701,0.13482457121538383,0.11737023559434943,0.09552445557667014,0.060125933429324874,0.1086724327004761,0.01692873422807638,0.14026390834392446,0,0.08474827794975111,0.10850676517386923,0.045553435838297365],
            [0.038702979632918966,0.10990176943092626,0.11591243516174586,0.09316905782601177,0.13059945862203587,0.10876150954210458,0.05490787924403857,0.07497679839411821,0.04797865743485067,0,0.09030366633991432,0.13478578837133479],
            [0.05789451030141341,0.1192639859888514,0.06357029578952965,0.09613270655816854,0.030003841534523013,0.18451141771989465,0.088829022495964,0.1298211821311896,0.14053314168290962,0.018640277741422857,0,0.07079961805613312],
            [0.10789447208602877,0.05502428837045214,0.10967022528507984,0.12317620015897525,0.11768823548453997,0.036953142352878714,0.0797713964607695,0.03685766194640748,0.08317885611194877,0.11716787044595808,0.13261765129696165,0]
        ],
        "city_names": ["Lausanne","Genève","Sion","Neuchâtel","Bern","Basel","Fribourg","Zürich","Aarau","Luzern","St-Gallen","Thun"],
        "reward_matrix": [
            [0,89805,77572,87766,77572,49030,87766,42913,55146,36797,18448,69417],
            [89805,0,59223,69417,59223,30681,69417,24565,36797,18448,100,51068],
            [77572,59223,0,63301,75533,46991,65340,40875,53107,34758,16410,83688],
            [87766,69417,63301,0,95921,67378,85727,61262,73495,55146,36797,87766],
            [77572,59223,75533,95921,0,79611,97960,73495,85727,67378,49030,99999],
            [49030,30681,46991,67378,79611,0,69417,83688,71456,69417,59223,71456],
            [87766,69417,65340,85727,97960,69417,0,63301,75533,57185,38836,89805],
            [42913,24565,40875,61262,73495,83688,63301,0,95921,93882,83688,65340],
            [55146,36797,53107,73495,85727,71456,75533,95921,0,89805,71456,77572],
            [36797,18448,34758,55146,67378,69417,57185,93882,89805,0,69417,59223],
            [18448,100,16410,36797,49030,59223,38836,83688,71456,69417,0,40875],
            [69417,51068,83688,87766,99999,71456,89805,65340,77572,59223,40875,0]
        ]
    },
    "vehicle_capacities": [10,10,10,30,30,30,30,30,30,30,30,30],
    "runs": [{
        "number_of_vehicles": 3,
        "avg_task_cost_vs_number_of_task": [1600,1025,1183.3333333333333,887.5,930,1008.3333333333334,864.2857142857143,1093.75,1038.888888888889,960,954.5454545454545,825,800,807.1428571428571,796.6666666666666,768.75,738.2352941176471,725,663.1578947368421,655,692.8571428571429,675,691.304347826087,708.3333333333334,764,790.3846153846154,827.7777777777778,721.4285714285714,768.9655172413793,741.6666666666666]
    }]
}