{
    "vehicle_starting_positions": ["Lausanne","Genève","Sion","Neuchâtel","Bern","Basel","Fribourg","Zürich","Aarau","Luzern","St-Gallen","Thun"],
    "task_distribution": {
        "distance_matrix": [
            [0,90,150,100,150,290,100,320,260,350,440,190],
            [90,0,240,190,240,380,190,410,350,440,530,280],
            [150,240,0,220,160,300,210,330,270,360,450,120],
            [100,190,220,0,60,200,110,230,170,260,350,100],
            [150,240,160,60,0,140,50,170,110,200,290,40],
            [290,380,300,200,140,0,190,120,180,190,240,180],
            [100,190,210,110,50,190,0,220,160,250,340,90],
            [320,410,330,230,170,120,220,0,60,70,120,210],
            [260,350,270,170,110,180,160,60,0,90,180,150],
            [350,440,360,260,200,190,250,70,90,0,190,240],
            [440,530,450,350,290,240,340,120,180,190,0,330],
            [190,280,120,100,40,180,90,210,150,240,330,0]
        ],
        "weight_matrix": [
            [0,3,3,3,3,3,3,3,3,3,3,3],
            [3,0,3,3,3,3,3,3,3,3,3,3],
            [3,3,0,3,3,3,3,3,3,3,3,3],
            [3,3,3,0,3,3,3,3,3,3,3,3],
            [3,3,3,3,0,3,3,3,3,3,3,3],
            [3,3,3,3,3,0,3,3,3,3,3,3],
            [3,3,3,3,3,3,0,3,3,3,3,3],
            [3,3,3,3,3,3,3,0,3,3,3,3],
            [3,3,3,3,3,3,3,3,0,3,3,3],
            [3,3,3,3,3,3,3,3,3,0,3,3],
            [3,3,3,3,3,3,3,3,3,3,0,3],
            [3,3,3,3,3,3,3,3,3,3,3,0]
        ],
        "probability_matrix": [
            [0,0.04061669950706726,0.08132864180023441,0.2353639515609535,0.001078639617168539,0.04150988373942692,0.029903258179809166,0.15592020795700606,0.031111706594275097,0.3074761389746287,0.026669752948750167,0.04902111912067998],
            [0.0883280846108042,0,0.01719881564058581,0.14806614029743503,0.02139518664465107,0.15084916950670305,0.10427839911135535,0.1271001387542113,0.039014131069536155,0.08869223551554731,0.15795215504011326,0.05712554380905735],
            [0.0656171398366335,0.16467254496769246,0,0.1582356169602414,0.09548696561298012,0.007157382492894576,0.10256809144460775,0.09942340233216412,0.06380742503254103,0.007751900759426806,0.07707018773190241,0.15820934282891572],
            [0.005721291646444801,0.14112068967664737,0.017679275072920362,0,0.08521131571217412,0.14548274452560886,0.08569836137623228,0.16647192575280895,0.06463087234102775,0.05317327946007375,0.0805251169970039,0.15428512743905784],
            [0.13263608227129065,0.06572702726260858,0.1520749809538099,0.03308812678512127,0,0.07958387976044405,0.1420461409812119,0.13993265089824194,0.052279613898461835,0.03230302918240179,0.0897927233041049,0.08053574470230294],
            [0.041653126259217604,0.19958776131173683,0.07738632551944898,0.012287359026359367,0.10365510016208425,0,0.19229155983050655,0.06535664382963742,0.06465090375151186,0.009327241561711901,0.1072569001963901,0.12654707855139516],
            [1.786224299003485E-4,0.13602672900711313,0.09645679195695668,0.1574121579676126,0.18454635112937873,0.05036012318037491,0,0.08657590248277344,0.004716104454160143,0.024325493104645744,0.1637512913043376,0.09565043298274685],
            [0.03402083882519512,0.12517598219665332,0.1582537325021687,0.04894757031062974,0.08281536457200987,0.15821777268505785,0.054470692733068045,0,0.07281032820901173,0.11364918898599667,0.11447860090697046,0.037159928073238695],
            [0.12568808722695485,0.09010992710156511,0.06625680359205555,0.020554157046405185,0.027672232899256195,0.12514953813405066,0.17390097614530295,0.13260205143891846,0,0.03565258783513799,0.17530033300124231,0.02711330557911071],
            [0.18348204521931283,0.021425096873003195,0.08365196943700057,0.07256366740035985,0.06446982248877874,0.10327379312699102,0.009182247622726758,0.14564058949217593,0.13161151380932384,0,0.054942798500936155,0.12975645602939115],
            [0.005040019462717351,0.04651591215534875,0.1267360630682825,0.018094705595087544,0.12975932418063071,0.06767705020289262,0.059623184477153916,0.1704369419056454,0.11207788369976189,0.08527236399152291,0,0.17876655126095645],
            [0.05504068241682588,0.06953958722406117,0.1216325963423582,0.08959111528594718,0.007770527411931048,0.11191223391590173,0.14900115630165328,0.05627185337404941,0.08976436354589386,0.1659384033219283,0.08353748085944998,0]
        ],
        "city_names": ["Lausanne","Genève","Sion","Neuchâtel","Bern","Basel","Fribourg","Zürich","Aarau","Luzern","St-Gallen","Thun"],
        "reward_matrix": [
            [0,89805,77572,87766,77572,49030,87766,42913,55146,36797,18448,69417],
            [89805,0,59223,69417,59223,30681,69417,24565,36797,18448,100,51068],
            [77572,59223,0,63301,75533,46991,65340,40875,53107,34758,16410,83688],
            [87766,69417,63301,0,95921,67378,85727,61262,73495,55146,36797,87766],
            [77572,59223,75533,95921,0,79611,97960,73495,85727,67378,49030,99999],
            [49030,30681,46991,67378,79611,0,69417,83688,71456,69417,59223,71456],
            [87766,69417,65340,85727,97960,69417,0,63301,75533,57185,38836,89805],
            [42913,24565,40875,61262,73495,83688,63301,0,95921,93882,83688,65340],
            [55146,36797,53107,73495,85727,71456,75533,95921,0,89805,71456,77572],
            [36797,18448,34758,55146,67378,69417,57185,93882,89805,0,69417,59223],
            [18448,100,16410,36797,49030,59223,38836,83688,71456,69417,0,40875],
            [69417,51068,83688,87766,99999,71456,89805,65340,77572,59223,40875,0]
        ]
    },
    "vehicle_capacities": [15,15,15,30,30,30,30,30,30,30,30,30],
    "runs": [{
        "number_of_vehicles": 3,
        "avg_task_cost_vs_number_of_task": [3350,1700,2016.6666666666667,1537.5,1320,1100,942.8571428571429,893.75,744.4444444444445,670,845.4545454545455,775,726.9230769230769,832.1428571428571,780,759.375,714.7058823529412,675,673.6842105263158,737.5,671.4285714285714,663.6363636363636,645.6521739130435,618.75,622,659.6153846153846,583.3333333333334,630.3571428571429,577.5862068965517,583.3333333333334]
    }]
}