{
    "vehicle_starting_positions": ["Lausanne","Genève","Sion","Neuchâtel","Bern","Basel","Fribourg","Zürich","Aarau","Luzern","St-Gallen","Thun"],
    "task_distribution": {
        "distance_matrix": [
            [0,90,150,100,150,290,100,320,260,350,440,190],
            [90,0,240,190,240,380,190,410,350,440,530,280],
            [150,240,0,220,160,300,210,330,270,360,450,120],
            [100,190,220,0,60,200,110,230,170,260,350,100],
            [150,240,160,60,0,140,50,170,110,200,290,40],
            [290,380,300,200,140,0,190,120,180,190,240,180],
            [100,190,210,110,50,190,0,220,160,250,340,90],
            [320,410,330,230,170,120,220,0,60,70,120,210],
            [260,350,270,170,110,180,160,60,0,90,180,150],
            [350,440,360,260,200,190,250,70,90,0,190,240],
            [440,530,450,350,290,240,340,120,180,190,0,330],
            [190,280,120,100,40,180,90,210,150,240,330,0]
        ],
        "weight_matrix": [
            [0,3,3,3,3,3,3,3,3,3,3,3],
            [3,0,3,3,3,3,3,3,3,3,3,3],
            [3,3,0,3,3,3,3,3,3,3,3,3],
            [3,3,3,0,3,3,3,3,3,3,3,3],
            [3,3,3,3,0,3,3,3,3,3,3,3],
            [3,3,3,3,3,0,3,3,3,3,3,3],
            [3,3,3,3,3,3,0,3,3,3,3,3],
            [3,3,3,3,3,3,3,0,3,3,3,3],
            [3,3,3,3,3,3,3,3,0,3,3,3],
            [3,3,3,3,3,3,3,3,3,0,3,3],
            [3,3,3,3,3,3,3,3,3,3,0,3],
            [3,3,3,3,3,3,3,3,3,3,3,0]
        ],
        "probability_matrix": [
            [0,0.09781711955428293,0.0164909234664666,0.018400951173667454,0.057303521504974794,4.4387563906510903E-4,0.12219108630578876,0.017651269342064672,0.18151023210235806,0.1889585488290241,0.12428098499827028,0.17495148708403713],
            [0.08654386277450196,0,0.15661641147513414,0.05342620903274841,0.0967857620581754,0.049763076104245046,0.06969318804612186,0.08544530013159453,0.047062503497799314,0.04590571754146044,0.15845566443233364,0.15030230490588525],
            [0.052789273971097304,0.06127416222335786,0,0.08910257017339854,0.12220175602163214,0.12685211833543644,0.06977641639969288,0.18073193353556447,0.11265297789792321,0.13317601111200403,0.03155267376830987,0.01989010656158326],
            [0.06060302684834248,0.0753374662050275,0.07473428376596075,0,0.13116995628694358,0.10869580042777635,0.12792126841551668,0.1443494025422134,0.09193248112199123,0.1190601825901594,0.0345359208724584,0.03166021092361031],
            [0.08744739275389439,0.0899887621512398,0.09742113569902061,0.15869226550490897,0,0.12041537371134814,0.007077473754919233,0.15055546355942231,0.10291687307117595,0.03444549709022168,0.08308654035608247,0.06795322234776656],
            [0.08607944691552757,0.09925419139044694,0.07872166964407386,0.04664839502275635,0.1170794831383303,0,0.14435689277497774,0.08599843318177679,0.14215031714300547,0.06370969007194252,0.11886166823572868,0.017139812481433973],
            [0.0788080127761405,0.11374112190287514,0.09449540876647437,0.1617384336489968,0.03651585069814147,0.055234611579346046,0,0.15298009542202892,0.15763026505318348,0.02429194920411326,0.02727171970931285,0.09729253123938707],
            [0.15436928592109042,0.07969486261451009,0.009121965892910146,0.0434318655345148,0.015014226408075456,0.14715972073384034,0.10170136088075912,0,0.09137950829012999,0.15071327963535797,0.12332358587523957,0.08409033821357201],
            [0.15320366143282038,0.04199376783577063,0.08190309104030481,0.03458142112994165,0.007392280634491501,0.13713045308389657,0.15355780250797896,0.15709123258901872,0,0.11370227639092001,0.06862917865265035,0.05081483470220626],
            [0.10725115868614633,0.13264603459637456,0.03238912930731635,0.04000194669331802,0.09247621632610674,0.0842560238625706,0.0473357252800205,0.11236417467068593,0.12747410815105958,0,0.10169310656918706,0.12211237585721438],
            [0.20006772163164094,0.08917593297476767,0.17465614979185173,0.20379190243834347,0.06582529820684214,0.0321110403057148,0.00418318593309234,0.14771198999339055,0.03760163025335261,0.025326698032405066,0,0.019548450438598656],
            [0.16307036557681556,0.015807629862243724,0.07102990292383932,0.047062028389842386,0.12045420208221502,0.16447316408193527,0.018238537388419566,0.03515601943901157,0.08719581222742163,0.10207301850943724,0.1754393195188188,0]
        ],
        "city_names": ["Lausanne","Genève","Sion","Neuchâtel","Bern","Basel","Fribourg","Zürich","Aarau","Luzern","St-Gallen","Thun"],
        "reward_matrix": [
            [0,89805,77572,87766,77572,49030,87766,42913,55146,36797,18448,69417],
            [89805,0,59223,69417,59223,30681,69417,24565,36797,18448,100,51068],
            [77572,59223,0,63301,75533,46991,65340,40875,53107,34758,16410,83688],
            [87766,69417,63301,0,95921,67378,85727,61262,73495,55146,36797,87766],
            [77572,59223,75533,95921,0,79611,97960,73495,85727,67378,49030,99999],
            [49030,30681,46991,67378,79611,0,69417,83688,71456,69417,59223,71456],
            [87766,69417,65340,85727,97960,69417,0,63301,75533,57185,38836,89805],
            [42913,24565,40875,61262,73495,83688,63301,0,95921,93882,83688,65340],
            [55146,36797,53107,73495,85727,71456,75533,95921,0,89805,71456,77572],
            [36797,18448,34758,55146,67378,69417,57185,93882,89805,0,69417,59223],
            [18448,100,16410,36797,49030,59223,38836,83688,71456,69417,0,40875],
            [69417,51068,83688,87766,99999,71456,89805,65340,77572,59223,40875,0]
        ]
    },
    "vehicle_capacities": [5,5,5,30,30,30,30,30,30,30,30,30],
    "runs": [{
        "number_of_vehicles": 3,
        "avg_task_cost_vs_number_of_task": [4400,2650,2866.6666666666665,2950,2590,2300,1971.4285714285713,1725,1677.7777777777778,1530,1627.2727272727273,1758.3333333333333,1823.076923076923,1692.857142857143,1610,1728.125,1626.4705882352941,1563.888888888889,1618.421052631579,1697.5,1730.952380952381,1652.2727272727273,1626.0869565217392,1608.3333333333333,1584,1576.923076923077,1533.3333333333333,1492.857142857143,1463.7931034482758,1463.3333333333333]
    }]
}