{
    "vehicle_starting_positions": ["Lausanne","Genève","Sion","Neuchâtel","Bern","Basel","Fribourg","Zürich","Aarau","Luzern","St-Gallen","Thun"],
    "task_distribution": {
        "distance_matrix": [
            [0,90,150,100,150,290,100,320,260,350,440,190],
            [90,0,240,190,240,380,190,410,350,440,530,280],
            [150,240,0,220,160,300,210,330,270,360,450,120],
            [100,190,220,0,60,200,110,230,170,260,350,100],
            [150,240,160,60,0,140,50,170,110,200,290,40],
            [290,380,300,200,140,0,190,120,180,190,240,180],
            [100,190,210,110,50,190,0,220,160,250,340,90],
            [320,410,330,230,170,120,220,0,60,70,120,210],
            [260,350,270,170,110,180,160,60,0,90,180,150],
            [350,440,360,260,200,190,250,70,90,0,190,240],
            [440,530,450,350,290,240,340,120,180,190,0,330],
            [190,280,120,100,40,180,90,210,150,240,330,0]
        ],
        "weight_matrix": [
            [0,3,3,3,3,3,3,3,3,3,3,3],
            [3,0,3,3,3,3,3,3,3,3,3,3],
            [3,3,0,3,3,3,3,3,3,3,3,3],
            [3,3,3,0,3,3,3,3,3,3,3,3],
            [3,3,3,3,0,3,3,3,3,3,3,3],
            [3,3,3,3,3,0,3,3,3,3,3,3],
            [3,3,3,3,3,3,0,3,3,3,3,3],
            [3,3,3,3,3,3,3,0,3,3,3,3],
            [3,3,3,3,3,3,3,3,0,3,3,3],
            [3,3,3,3,3,3,3,3,3,0,3,3],
            [3,3,3,3,3,3,3,3,3,3,0,3],
            [3,3,3,3,3,3,3,3,3,3,3,0]
        ],
        "probability_matrix": [
            [0,0.0924349517253973,0.07687114584044924,0.027950737654149863,0.022413736065802707,0.08076774733647996,0.16248097450194354,0.1440539617529306,0.09750180407831158,0.011766523931701012,0.1598703102397352,0.12388810687309912],
            [0.13258940698737587,0,0.039803581071177055,0.02505812554413618,0.1990721966743607,0.008658850680998515,0.08418275747247884,0.047380589711553164,0.08415627754752732,0.059303863903652686,0.1940571959008181,0.12573715450592152],
            [0.019301229576057528,0.07203282626706348,0,0.14335457484352457,0.13504701911381423,0.14761715312586518,0.06068875160331415,0.015309240133486555,0.1509407017694544,0.1532436776778904,0.012824185371776993,0.08964064051775257],
            [0.05510880255579935,0.06938155806600267,0.1333917554579458,0,0.13962846394739672,0.002636866261138481,0.12097464645309296,0.10367482552597032,0.1415475248218687,0.14416842567337257,0.05876254454310471,0.030724586694307682],
            [0.03626443858702026,0.09384607522006996,0.12322697026919222,0.04847102675566329,0,0.10149292434768302,0.02761221968720141,0.17170911182742202,0.17967993888208075,0.10515498970373535,0.017966000368832457,0.09457630435109929],
            [0.03205541552123474,0.04746812963758673,0.1344756948496362,0.06545006350228626,0.10493878240523952,0,0.11377680695898373,0.09130962118599792,0.1578331673467784,0.07952737943011079,0.002520729877415769,0.17064420928472998],
            [0.0597818051991692,0.06500793044557197,0.08364242018127277,0.15712262409247207,0.161378273283665,0.09290592202495258,0,0.1332044539845257,0.08617445489207112,0.017099315858587327,0.04835318859093668,0.09532961144677574],
            [0.1504737187015906,3.46423473846604E-4,0.08762177285368662,0.16479128300439552,0.14259496206970163,0.12181111766946055,0.16099445935772355,0,0.013569763239668265,0.013207369373611026,0.08370638153631432,0.06088274872000125],
            [0.05776185267717293,0.09089437296331204,0.013530610668413786,0.13770772722571967,0.13093051233994574,0.1373492122855929,0.05161902370166457,0.006169682532901817,0,0.1147804465930863,0.11726271217358905,0.1419938468386012],
            [0.02313454357740069,0.046206705488819215,0.0884959258340104,0.18191123139340906,0.08136811815157347,0.13897815264035487,0.03859893155476266,0.14978056436632828,0.01751186544833259,0,0.19949243197832822,0.034521529566680635],
            [0.09636787880629544,0.12175516119170403,0.009866212923085545,0.07818297146728441,0.10677519469354632,0.1389265758967479,0.09363613604829787,0.07094760045401166,0.061978314775527725,0.11978091151374907,0,0.10178304222974996],
            [0.12204642541721238,0.036761216405886664,0.11840838494524011,0.0891806736636861,0.10946576225152495,0.061407597109480336,0.14512666132349392,0.11091910876427209,0.08598507389942062,0.11171651000090983,0.008982586218873044,0]
        ],
        "city_names": ["Lausanne","Genève","Sion","Neuchâtel","Bern","Basel","Fribourg","Zürich","Aarau","Luzern","St-Gallen","Thun"],
        "reward_matrix": [
            [0,89805,77572,87766,77572,49030,87766,42913,55146,36797,18448,69417],
            [89805,0,59223,69417,59223,30681,69417,24565,36797,18448,100,51068],
            [77572,59223,0,63301,75533,46991,65340,40875,53107,34758,16410,83688],
            [87766,69417,63301,0,95921,67378,85727,61262,73495,55146,36797,87766],
            [77572,59223,75533,95921,0,79611,97960,73495,85727,67378,49030,99999],
            [49030,30681,46991,67378,79611,0,69417,83688,71456,69417,59223,71456],
            [87766,69417,65340,85727,97960,69417,0,63301,75533,57185,38836,89805],
            [42913,24565,40875,61262,73495,83688,63301,0,95921,93882,83688,65340],
            [55146,36797,53107,73495,85727,71456,75533,95921,0,89805,71456,77572],
            [36797,18448,34758,55146,67378,69417,57185,93882,89805,0,69417,59223],
            [18448,100,16410,36797,49030,59223,38836,83688,71456,69417,0,40875],
            [69417,51068,83688,87766,99999,71456,89805,65340,77572,59223,40875,0]
        ]
    },
    "vehicle_capacities": [5,5,5,30,30,30,30,30,30,30,30,30],
    "runs": [{
        "number_of_vehicles": 3,
        "avg_task_cost_vs_number_of_task": [3650,1850,1800,1700,1600,1608.3333333333333,1578.5714285714287,1468.75,1394.4444444444443,1325,1422.7272727272727,1304.1666666666667,1446.1538461538462,1428.5714285714287,1443.3333333333333,1409.375,1338.235294117647,1361.111111111111,1352.6315789473683,1297.5,1283.3333333333333,1279.5454545454545,1282.608695652174,1239.5833333333333,1258,1221.1538461538462,1212.962962962963,1230.357142857143,1222.4137931034484,1191.6666666666667]
    }]
}