{
    "vehicle_starting_positions": ["Lausanne","Genève","Sion","Neuchâtel","Bern","Basel","Fribourg","Zürich","Aarau","Luzern","St-Gallen","Thun"],
    "task_distribution": {
        "distance_matrix": [
            [0,90,150,100,150,290,100,320,260,350,440,190],
            [90,0,240,190,240,380,190,410,350,440,530,280],
            [150,240,0,220,160,300,210,330,270,360,450,120],
            [100,190,220,0,60,200,110,230,170,260,350,100],
            [150,240,160,60,0,140,50,170,110,200,290,40],
            [290,380,300,200,140,0,190,120,180,190,240,180],
            [100,190,210,110,50,190,0,220,160,250,340,90],
            [320,410,330,230,170,120,220,0,60,70,120,210],
            [260,350,270,170,110,180,160,60,0,90,180,150],
            [350,440,360,260,200,190,250,70,90,0,190,240],
            [440,530,450,350,290,240,340,120,180,190,0,330],
            [190,280,120,100,40,180,90,210,150,240,330,0]
        ],
        "weight_matrix": [
            [0,3,3,3,3,3,3,3,3,3,3,3],
            [3,0,3,3,3,3,3,3,3,3,3,3],
            [3,3,0,3,3,3,3,3,3,3,3,3],
            [3,3,3,0,3,3,3,3,3,3,3,3],
            [3,3,3,3,0,3,3,3,3,3,3,3],
            [3,3,3,3,3,0,3,3,3,3,3,3],
            [3,3,3,3,3,3,0,3,3,3,3,3],
            [3,3,3,3,3,3,3,0,3,3,3,3],
            [3,3,3,3,3,3,3,3,0,3,3,3],
            [3,3,3,3,3,3,3,3,3,0,3,3],
            [3,3,3,3,3,3,3,3,3,3,0,3],
            [3,3,3,3,3,3,3,3,3,3,3,0]
        ],
        "probability_matrix": [
            [0,0.07243095952598588,0.19944905917765426,0.014530054138596331,0.05069829401013548,0.1714886441918375,0.12440930867424496,0.1333252336877798,0.05363194932336074,0.03323532370927447,0.03843870617200993,0.10836246738912057],
            [0.10501499681466721,0,0.05803926090961462,0.02194828974268652,0.14091905058855933,0.08425629881978179,0.10410006487926304,0.05488411466097667,0.13413015375315612,0.10804204925277598,0.018793906472528817,0.16987181410598973],
            [0.004386847561472852,0.030601034826450053,0,0.2022654839237515,0.19045796600472947,0.057652074474557,0.03622944947196344,0.04174693110149476,0.044669491560393244,0.07628288514730021,0.05054649419874235,0.26516134172914513],
            [0.10975131062455343,0.024684937939627376,0.07248396701671933,0,0.08842586418953204,0.1264104895205077,0.13959893933413042,0.14693707383446916,0.03634875000037109,0.058399627580446464,0.18827139022003425,0.008687649739608649],
            [0.029032171230488832,0.1939081961627733,0.0526621040388923,0.2863099920357138,0,0.03323414300251638,0.003136280707914828,0.0891688406654075,0.03627639621445368,0.13335732850654955,0.026203772396791516,0.11671077503849829],
            [0.025259376706667454,0.17028816730706425,0.13578141667103252,0.07486020276673257,0.06723127560212891,0,0.15246935610030476,0.16473884969329355,0.022936976532516955,0.05809796164763923,0.05296833109655356,0.0753680858760662],
            [0.024953452433038655,0.11609215722420047,0.11831142623489481,0.03872023526471294,0.15411038856593554,0.1511939313367051,0,0.07611134279188422,0.13759757720047613,0.10423393263396835,0.006344926544801181,0.07233062976938263],
            [0.13639648805102705,0.03489564814354832,0.01995652199115198,0.03804737723849349,0.11049890339063573,0.11106125486334031,0.05737579725131964,0,0.15174251144172582,0.1553651492145009,0.09328311858222545,0.09137722983203118],
            [0.10555433571710401,0.14015198872805343,0.09513315262113864,0.11652967403023476,0.023192726808208594,0.0305179689416166,0.04730689537464323,0.145312780977512,0,0.035276779905397945,0.11947546802645247,0.14154822886963828],
            [0.06330600134835848,0.1397540981483688,0.1045639739101484,0.06825843660131876,0.06664234820154848,0.10018283834669245,0.10570732302322623,0.1106274468592247,0.044120910066400426,0,0.1425561487539114,0.05428047474080176],
            [0.1551354708673558,0.09471369156438462,0.04326988618580801,0.09254766459506403,0.0535211327652907,0.06957368090005542,0.13013736393201178,0.11037706180492167,0.07699588279583293,0.12060042018571994,0,0.053127744403555284],
            [0.036060005866432474,0.09249843050506365,0.1119795210496942,0.1377658131496578,0.0480090197677236,0.14653986101201114,0.035392322408629266,0.14518795366133427,0.06403948459577645,0.10621389852301964,0.07631368946065764,0]
        ],
        "city_names": ["Lausanne","Genève","Sion","Neuchâtel","Bern","Basel","Fribourg","Zürich","Aarau","Luzern","St-Gallen","Thun"],
        "reward_matrix": [
            [0,89805,77572,87766,77572,49030,87766,42913,55146,36797,18448,69417],
            [89805,0,59223,69417,59223,30681,69417,24565,36797,18448,100,51068],
            [77572,59223,0,63301,75533,46991,65340,40875,53107,34758,16410,83688],
            [87766,69417,63301,0,95921,67378,85727,61262,73495,55146,36797,87766],
            [77572,59223,75533,95921,0,79611,97960,73495,85727,67378,49030,99999],
            [49030,30681,46991,67378,79611,0,69417,83688,71456,69417,59223,71456],
            [87766,69417,65340,85727,97960,69417,0,63301,75533,57185,38836,89805],
            [42913,24565,40875,61262,73495,83688,63301,0,95921,93882,83688,65340],
            [55146,36797,53107,73495,85727,71456,75533,95921,0,89805,71456,77572],
            [36797,18448,34758,55146,67378,69417,57185,93882,89805,0,69417,59223],
            [18448,100,16410,36797,49030,59223,38836,83688,71456,69417,0,40875],
            [69417,51068,83688,87766,99999,71456,89805,65340,77572,59223,40875,0]
        ]
    },
    "vehicle_capacities": [10,10,10,30,30,30,30,30,30,30,30,30],
    "runs": [{
        "number_of_vehicles": 3,
        "avg_task_cost_vs_number_of_task": [1900,1400,1366.6666666666667,1325,1200,1133.3333333333333,1078.5714285714287,1000,905.5555555555555,915,740.9090909090909,812.5,796.1538461538462,735.7142857142857,670,734.375,647.0588235294117,700,676.3157894736842,692.5,688.0952380952381,654.5454545454545,663.0434782608696,677.0833333333334,650,667.3076923076923,690.7407407407408,726.7857142857143,710.3448275862069,665]
    }]
}