{
    "vehicle_starting_positions": ["Lausanne","Genève","Sion","Neuchâtel","Bern","Basel","Fribourg","Zürich","Aarau","Luzern","St-Gallen","Thun"],
    "task_distribution": {
        "distance_matrix": [
            [0,90,150,100,150,290,100,320,260,350,440,190],
            [90,0,240,190,240,380,190,410,350,440,530,280],
            [150,240,0,220,160,300,210,330,270,360,450,120],
            [100,190,220,0,60,200,110,230,170,260,350,100],
            [150,240,160,60,0,140,50,170,110,200,290,40],
            [290,380,300,200,140,0,190,120,180,190,240,180],
            [100,190,210,110,50,190,0,220,160,250,340,90],
            [320,410,330,230,170,120,220,0,60,70,120,210],
            [260,350,270,170,110,180,160,60,0,90,180,150],
            [350,440,360,260,200,190,250,70,90,0,190,240],
            [440,530,450,350,290,240,340,120,180,190,0,330],
            [190,280,120,100,40,180,90,210,150,240,330,0]
        ],
        "weight_matrix": [
            [0,3,3,3,3,3,3,3,3,3,3,3],
            [3,0,3,3,3,3,3,3,3,3,3,3],
            [3,3,0,3,3,3,3,3,3,3,3,3],
            [3,3,3,0,3,3,3,3,3,3,3,3],
            [3,3,3,3,0,3,3,3,3,3,3,3],
            [3,3,3,3,3,0,3,3,3,3,3,3],
            [3,3,3,3,3,3,0,3,3,3,3,3],
            [3,3,3,3,3,3,3,0,3,3,3,3],
            [3,3,3,3,3,3,3,3,0,3,3,3],
            [3,3,3,3,3,3,3,3,3,0,3,3],
            [3,3,3,3,3,3,3,3,3,3,0,3],
            [3,3,3,3,3,3,3,3,3,3,3,0]
        ],
        "probability_matrix": [
            [0,0.007438928886113102,0.048134395174760404,0.02516005396910595,0.26115164674248265,0.0683208062767202,0.20266499743882535,0.2102526551858332,0.07520131644673972,0.023673024813330973,0.0010196719165961015,0.07698250314949247],
            [0.07298953041567338,0,0.1295043735231031,0.023264248464530433,0.1464588375114415,0.05482209404410618,0.13207018685662905,0.027666003651206812,0.13518850348158865,0.03705650169130305,0.12844220918068744,0.11253751117973043],
            [0.12072455577844707,0.1252090572676384,0,0.08510527850317852,0.18266971162804518,0.07567342531971985,0.07751199488947348,0.06341931231879247,0.0279496395340369,0.1009076068430768,0.005286496318592288,0.13554292159899917],
            [0.029004411193168694,0.12251806731032125,0.11444559828482076,0,0.019728376650186976,0.13072053822359667,0.13530030486240574,0.05561301334052958,0.09714852105529592,0.049837328704697925,0.1571204137582267,0.08856342661674958],
            [0.10225367871066283,0.09685392330318633,0.1335006221422011,0.131181496730902,0,0.14458788176390702,0.06100160965684793,0.014543973102609064,0.03425897867160748,0.08084204695002437,0.14423214853757277,0.05674364043047904],
            [0.042667385665147016,0.04120950640922995,0.04158758415640245,0.16204943581829587,0.14616590174157537,0,0.15045703632409524,0.048242629256571315,0.10017971562682745,0.020777042180628404,0.0825807234902754,0.1640830393309516],
            [0.03173287367574495,0.14868429358261798,0.0064767133920644445,0.10372175448198145,0.11491762821384777,0.07140522801974729,0,0.043729463653019676,0.12035505869286127,0.14296312198441033,0.06091550338246706,0.1550983609212378],
            [0.11920497356312473,0.07827935424282965,0.08993952837697622,0.1384942196713104,0.12147135869041453,0.06402092533867548,0.10790776806566912,0,0.060235162404176944,0.057797310174530984,0.12732222239033403,0.035327177081957935],
            [0.05124461596424839,0.14952943367325378,0.12821077136853848,0.10301001415490289,0.05808419777057585,0.07752489621492863,0.10162333845800853,0.11964137429539974,0,0.03041534149384418,0.030536729137647493,0.15017928746865195],
            [0.11058501096637656,0.18199746464298086,0.04182273484529796,0.14161230002519534,0.03036737150793003,0.11588076347191606,0.15195302705975358,0.05814567921016108,0.015358395704388478,0,0.03284851808283726,0.11942873448316264],
            [0.17291549676337495,0.03834581226643546,0.11660627239555087,0.08811289434440248,0.11612596651484536,0.014392909030824665,0.17089688210989298,0.06645867357594722,0.08562239228680821,0.10949910300313098,0,0.02102359770878655],
            [0.03602816558195159,0.05376538717843719,0.12553828573901782,0.04834625114265982,0.0012030431981603915,0.10596473593837089,0.08210988513549895,0.21043248498656433,0.0740410289794676,0.1317415762151989,0.13082915590467245,0]
        ],
        "city_names": ["Lausanne","Genève","Sion","Neuchâtel","Bern","Basel","Fribourg","Zürich","Aarau","Luzern","St-Gallen","Thun"],
        "reward_matrix": [
            [0,89805,77572,87766,77572,49030,87766,42913,55146,36797,18448,69417],
            [89805,0,59223,69417,59223,30681,69417,24565,36797,18448,100,51068],
            [77572,59223,0,63301,75533,46991,65340,40875,53107,34758,16410,83688],
            [87766,69417,63301,0,95921,67378,85727,61262,73495,55146,36797,87766],
            [77572,59223,75533,95921,0,79611,97960,73495,85727,67378,49030,99999],
            [49030,30681,46991,67378,79611,0,69417,83688,71456,69417,59223,71456],
            [87766,69417,65340,85727,97960,69417,0,63301,75533,57185,38836,89805],
            [42913,24565,40875,61262,73495,83688,63301,0,95921,93882,83688,65340],
            [55146,36797,53107,73495,85727,71456,75533,95921,0,89805,71456,77572],
            [36797,18448,34758,55146,67378,69417,57185,93882,89805,0,69417,59223],
            [18448,100,16410,36797,49030,59223,38836,83688,71456,69417,0,40875],
            [69417,51068,83688,87766,99999,71456,89805,65340,77572,59223,40875,0]
        ]
    },
    "vehicle_capacities": [15,15,15,30,30,30,30,30,30,30,30,30],
    "runs": [{
        "number_of_vehicles": 3,
        "avg_task_cost_vs_number_of_task": [1200,1000,800,950,760,816.6666666666666,814.2857142857143,612.5,544.4444444444445,490,509.09090909090907,508.3333333333333,476.9230769230769,657.1428571428571,593.3333333333334,553.125,564.7058823529412,516.6666666666666,505.2631578947368,480,507.14285714285717,479.54545454545456,452.17391304347825,483.3333333333333,508,490.38461538461536,479.6296296296296,478.57142857142856,494.82758620689657,470]
    }]
}