{
    "vehicle_starting_positions": ["Lausanne","Genève","Sion","Neuchâtel","Bern","Basel","Fribourg","Zürich","Aarau","Luzern","St-Gallen","Thun"],
    "task_distribution": {
        "distance_matrix": [
            [0,90,150,100,150,290,100,320,260,350,440,190],
            [90,0,240,190,240,380,190,410,350,440,530,280],
            [150,240,0,220,160,300,210,330,270,360,450,120],
            [100,190,220,0,60,200,110,230,170,260,350,100],
            [150,240,160,60,0,140,50,170,110,200,290,40],
            [290,380,300,200,140,0,190,120,180,190,240,180],
            [100,190,210,110,50,190,0,220,160,250,340,90],
            [320,410,330,230,170,120,220,0,60,70,120,210],
            [260,350,270,170,110,180,160,60,0,90,180,150],
            [350,440,360,260,200,190,250,70,90,0,190,240],
            [440,530,450,350,290,240,340,120,180,190,0,330],
            [190,280,120,100,40,180,90,210,150,240,330,0]
        ],
        "weight_matrix": [
            [0,3,3,3,3,3,3,3,3,3,3,3],
            [3,0,3,3,3,3,3,3,3,3,3,3],
            [3,3,0,3,3,3,3,3,3,3,3,3],
            [3,3,3,0,3,3,3,3,3,3,3,3],
            [3,3,3,3,0,3,3,3,3,3,3,3],
            [3,3,3,3,3,0,3,3,3,3,3,3],
            [3,3,3,3,3,3,0,3,3,3,3,3],
            [3,3,3,3,3,3,3,0,3,3,3,3],
            [3,3,3,3,3,3,3,3,0,3,3,3],
            [3,3,3,3,3,3,3,3,3,0,3,3],
            [3,3,3,3,3,3,3,3,3,3,0,3],
            [3,3,3,3,3,3,3,3,3,3,3,0]
        ],
        "probability_matrix": [
            [0,0.1270434471349472,0.10332344070662002,0.047483804088828255,0.055590140017902336,0.10841964670670366,0.2231675543459732,0.003569185992138547,0.22367354728278344,0.0010599757667238167,0.00908174203746712,0.09758751591991244],
            [0.17755255833937036,0,0.17287352937622064,0.065869675615437,0.16096271035952292,0.11196450336738241,0.10664846985743713,0.0274378557077993,0.04919569532753622,0.05411724306288839,2.810758161498922E-4,0.07309668317025576],
            [0.009142877759160542,0.005594231497599536,0,0.12990484650527484,0.20347943382540823,0.0646911095758308,0.15151415635132953,0.07179800705349329,0.016167841966796062,0.1714828258478003,0.04141949993227379,0.13480516968503306],
            [0.1257860452750364,0.09367020906104623,0.08339896708320023,0,0.1298535594135615,0.08703065714845129,0.11025849951472397,0.02471108405909397,0.05252685916693419,0.10411204010374667,0.09899679324187687,0.08965528593232863],
            [0.14270553720851617,0.12691143788154155,0.0810388568168456,0.11064478355472679,0,0.1390737952301402,0.06217459257339374,0.059902482148396684,0.13296087146616192,0.08264699710008232,0.018569468572987892,0.04337117744720704],
            [0.13914815105734324,0.13612171522640226,0.09768977240768875,0.14141630373696756,0.04266483746362402,0,0.05127532799329523,0.03345279121046383,0.09981139681351214,0.009565654203398583,0.09593503091988353,0.15291901896742077],
            [0.06679072852946116,0.06685387105911042,0.052254776394112454,0.14285852746929711,0.1292236196087401,0.06739288780838433,0,0.1170007797948279,0.08629510518598295,0.142738347103395,0.049794680013286664,0.07879667703340203],
            [0.0013646098456680496,0.10260095917668013,0.03376059597922487,0.031458461557183036,0.003512787015638802,0.20660326381983782,0.1063396951210296,0,0.21347334800337475,0.05829384053500802,0.21140966901524616,0.031182769931108783],
            [0.10746265388323499,0.07646263696476611,0.03577715883779681,0.03300121213295066,0.001733411839071575,0.12631812455786037,0.13973671176694474,0.1512324756460232,0,0.14222884730519839,0.05155070856438274,0.13449605850177038],
            [0.13421902894678495,0.07347616003803648,0.010943430592661016,0.09038406325750434,0.12150906785967566,0.09677746494171816,0.0815842113267103,0.12405385569385831,0.07822872489568279,0,0.08596031199388439,0.10286368045348386],
            [0.07838051873731598,0.11398928440483523,0.18001219433633353,0.004722308875274702,0.09762196036616437,0.056553172783149426,0.06517052866967184,0.027718894952579766,0.20614712093730322,0.09799648733491223,0,0.07168752860245961],
            [0.13255029175507016,0.022867462785580963,0.12239057228495888,0.09476554969176088,0.12747173348989999,0.03123928308710414,0.13289963143919478,0.15008869915003165,0.055047364274292965,0.03180761380740116,0.09887179823470442,0]
        ],
        "city_names": ["Lausanne","Genève","Sion","Neuchâtel","Bern","Basel","Fribourg","Zürich","Aarau","Luzern","St-Gallen","Thun"],
        "reward_matrix": [
            [0,89805,77572,87766,77572,49030,87766,42913,55146,36797,18448,69417],
            [89805,0,59223,69417,59223,30681,69417,24565,36797,18448,100,51068],
            [77572,59223,0,63301,75533,46991,65340,40875,53107,34758,16410,83688],
            [87766,69417,63301,0,95921,67378,85727,61262,73495,55146,36797,87766],
            [77572,59223,75533,95921,0,79611,97960,73495,85727,67378,49030,99999],
            [49030,30681,46991,67378,79611,0,69417,83688,71456,69417,59223,71456],
            [87766,69417,65340,85727,97960,69417,0,63301,75533,57185,38836,89805],
            [42913,24565,40875,61262,73495,83688,63301,0,95921,93882,83688,65340],
            [55146,36797,53107,73495,85727,71456,75533,95921,0,89805,71456,77572],
            [36797,18448,34758,55146,67378,69417,57185,93882,89805,0,69417,59223],
            [18448,100,16410,36797,49030,59223,38836,83688,71456,69417,0,40875],
            [69417,51068,83688,87766,99999,71456,89805,65340,77572,59223,40875,0]
        ]
    },
    "vehicle_capacities": [5,5,5,30,30,30,30,30,30,30,30,30],
    "runs": [{
        "number_of_vehicles": 3,
        "avg_task_cost_vs_number_of_task": [2350,2450,1633.3333333333333,1462.5,1700,1816.6666666666667,2257.1428571428573,2025,1805.5555555555557,1665,1786.3636363636363,1795.8333333333333,1769.2307692307693,1714.2857142857142,1660,1590.625,1505.8823529411766,1502.7777777777778,1528.9473684210527,1512.5,1469.047619047619,1525,1556.5217391304348,1518.75,1480,1465.3846153846155,1411.111111111111,1380.357142857143,1496.551724137931,1463.3333333333333]
    }]
}