{
    "vehicle_starting_positions": ["Amsterdam","Rotterdam","Den Haag","Utrecht","Eindhoven","Almere","Groningen","Nijmegen","Breda","Apeldoorn"],
    "task_distribution": {
        "distance_matrix": [
            [0,90.6,65.2,45.6,137.5,31.9,185.9,132,119.1,90.2],
            [90.6,0,25.4,62.3,110.8,105.6,259.6,112,48.6,129.3],
            [65.2,25.4,0,87.7,136.2,97.1,251.1,137.4,74,154.7],
            [45.6,62.3,87.7,0,91.9,43.3,197.3,86.4,73.5,67],
            [137.5,110.8,136.2,91.9,0,135.2,268.3,70.2,62.2,127.3],
            [31.9,105.6,97.1,43.3,135.2,0,154,129.7,116.8,80.1],
            [185.9,259.6,251.1,197.3,268.3,154,0,198.1,270.8,141],
            [132,112,137.4,86.4,70.2,129.7,198.1,0,96.2,57.1],
            [119.1,48.6,74,73.5,62.2,116.8,270.8,96.2,0,140.5],
            [90.2,129.3,154.7,67,127.3,80.1,141,57.1,140.5,0]
        ],
        "weight_matrix": [
            [0,3,3,3,3,3,3,3,3,3],
            [3,0,3,3,3,3,3,3,3,3],
            [3,3,0,3,3,3,3,3,3,3],
            [3,3,3,0,3,3,3,3,3,3],
            [3,3,3,3,0,3,3,3,3,3],
            [3,3,3,3,3,0,3,3,3,3],
            [3,3,3,3,3,3,0,3,3,3],
            [3,3,3,3,3,3,3,0,3,3],
            [3,3,3,3,3,3,3,3,0,3],
            [3,3,3,3,3,3,3,3,3,0]
        ],
        "probability_matrix": [
            [0,0.11960648833956773,0.1506381775099341,0.086331958039983,0.15222485156501542,0.07033787300198983,0.14706338485922543,0.011881658887250325,0.12595723144178445,0.13595837635524968],
            [0.0021596778848246255,0,0.08965403675631273,0.1052844886446258,0.11266766045986829,0.19771532346057386,0.21355256922767613,0.002373507837271337,0.07476100734054515,0.20183172838830205],
            [0.09541910582513664,0.15427324696729766,0,0.03943555976092105,0.04344041100604262,0.15820323668778913,0.1302242279918693,0.08539084954523177,0.17044650344791137,0.1231668587678005],
            [0.10837222833673935,0.01780596224063571,0.0635129782889183,0,0.05128361674765073,0.29197044699039254,0.17398139065308751,0.08271068908726821,0.108153728772826,0.10220895888248165],
            [0.08288764440970423,0.0748483283715954,0.16288873832682313,0.16378954172903262,0,0.1268112473906693,0.023787873360498146,0.03766474755867711,0.14463170403436282,0.18269017481863722],
            [0.1557515413422881,0.10685032241601694,0.14710726295832852,0.023014077110981166,0.15329079642933377,0,0.14128550846110563,0.05393932068299599,0.07995511862972289,0.1388060519692269],
            [0.14477212248213855,0.0631011353923309,0.0801469086423469,0.04207312248372691,0.18352824544073384,0.1573857398344833,0,0.004823026758848534,0.1705822468657925,0.15358745209959848],
            [0.16438752684742683,0.050345865810984526,0.16736897677922222,0.0012266970208619583,0.14246963471444304,0.0724998449264858,0.13560464825316199,0,0.07046749050993395,0.1956293151374796],
            [0.07870046909682872,0.09949286339936687,0.16868892467390875,0.04878716421092314,0.09038555151273706,0.1464589168066795,0.03197967870590224,0.24773813478291362,0,0.08776829681074012],
            [0.08453203546046976,0.1497998272959814,0.10869073299306911,0.11469724468066171,0.06787700961836056,0.12873234568089417,0.09734891243131857,0.13244199471079146,0.11587989712845338,0]
        ],
        "city_names": ["Amsterdam","Rotterdam","Den Haag","Utrecht","Eindhoven","Almere","Groningen","Nijmegen","Breda","Apeldoorn"],
        "reward_matrix": [
            [0,73456,83796,91775,54364,97352,34661,56603,61855,73619],
            [73456,0,99999,84977,65233,67350,4659,64745,90554,57702],
            [83796,99999,0,74637,54893,70810,8119,54405,80214,47362],
            [91775,84977,74637,0,72927,92712,30020,75166,80418,83064],
            [54364,65233,54893,72927,0,55300,1117,81761,85018,58516],
            [97352,67350,70810,92712,55300,0,47647,57539,62791,77731],
            [34661,4659,8119,30020,1117,47647,0,29695,100,52939],
            [56603,64745,54405,75166,81761,57539,29695,0,71177,87094],
            [61855,90554,80214,80418,85018,62791,100,71177,0,53143],
            [73619,57702,47362,83064,58516,77731,52939,87094,53143,0]
        ]
    },
    "vehicle_capacities": [5,5,5,5,20,30,30,30,30,30],
    "runs": [{
        "number_of_vehicles": 3,
        "avg_task_cost_vs_number_of_task": [1550.5,1097.75,786.5,784.6249999999999,806.5,909.5833333333334,946.8571428571429,928.625,909.7222222222221,870.65,905.6363636363635,935.3333333333331,922.1923076923075,909.0357142857143,922.1333333333333,895.1562499999999,853.2941176470587,843.1111111111111,815.6842105263157,774.8999999999999,759.5714285714284,761.4545454545455,728.3478260869564,727.2499999999999,717.5999999999999,732.7307692307693,714.5925925925926,715.6428571428571,715.8448275862069,714.3166666666664]
    }]
}