{
    "vehicle_starting_positions": ["Amsterdam","Rotterdam","Den Haag","Utrecht","Eindhoven","Almere","Groningen","Nijmegen","Breda","Apeldoorn"],
    "task_distribution": {
        "distance_matrix": [
            [0,90.6,65.2,45.6,137.5,31.9,185.9,132,119.1,90.2],
            [90.6,0,25.4,62.3,110.8,105.6,259.6,112,48.6,129.3],
            [65.2,25.4,0,87.7,136.2,97.1,251.1,137.4,74,154.7],
            [45.6,62.3,87.7,0,91.9,43.3,197.3,86.4,73.5,67],
            [137.5,110.8,136.2,91.9,0,135.2,268.3,70.2,62.2,127.3],
            [31.9,105.6,97.1,43.3,135.2,0,154,129.7,116.8,80.1],
            [185.9,259.6,251.1,197.3,268.3,154,0,198.1,270.8,141],
            [132,112,137.4,86.4,70.2,129.7,198.1,0,96.2,57.1],
            [119.1,48.6,74,73.5,62.2,116.8,270.8,96.2,0,140.5],
            [90.2,129.3,154.7,67,127.3,80.1,141,57.1,140.5,0]
        ],
        "weight_matrix": [
            [0,3,3,3,3,3,3,3,3,3],
            [3,0,3,3,3,3,3,3,3,3],
            [3,3,0,3,3,3,3,3,3,3],
            [3,3,3,0,3,3,3,3,3,3],
            [3,3,3,3,0,3,3,3,3,3],
            [3,3,3,3,3,0,3,3,3,3],
            [3,3,3,3,3,3,0,3,3,3],
            [3,3,3,3,3,3,3,0,3,3],
            [3,3,3,3,3,3,3,3,0,3],
            [3,3,3,3,3,3,3,3,3,0]
        ],
        "probability_matrix": [
            [0,0.21624572880751675,0.028438711300076924,0.02838515728032067,0.1915875417229072,0.10899246617757852,0.16048475498483397,0.11139405467648711,0.01518920510991656,0.13928237994036216],
            [0.014080366464583254,0,0.18625412957522833,0.23900394451614929,0.1526251345360641,0.03638370690170018,0.19543173678694262,0.01899783233427524,0.0487972229820828,0.10842592590297406],
            [0.056494813690314886,0.1501955567288525,0,0.11056234475316849,0.18897630323988482,0.18821023925944527,0.09242922137040686,0.0048947428265034235,0.15781915923757267,0.050417618893851275],
            [0.1550037320060699,0.12147002647586261,0.12670738271022133,0,0.16049292243367136,0.10548031436300798,0.09080965296906421,0.11357830056505104,0.1102523821393015,0.016205286337749956],
            [0.040907611179923115,0.08412529320597298,0.12050742029075372,0.06914863489412995,0,0.1342416224262064,0.09941337790613558,0.19062432688511372,0.09548850372841305,0.16554320948335127],
            [0.16745307591340744,0.13789831237503206,0.08879206971899874,0.19345074559964337,0.17226675170704134,0,0.033513793074445346,0.05671550498628704,0.1443979374069788,0.005511809218165904],
            [0.11999390862023578,0.14044601517302513,0.1905106228795029,0.012341499840090595,0.05952538147313012,0.1902402692304017,0,0.10429966500564986,0.058608356991531274,0.12403428078643278],
            [0.18262328439041775,0.2353738822326545,0.008579170852958517,0.05426712089929075,0.03132893395296996,0.0521216907165636,0.03358731630707023,0,0.2275507783660878,0.17456782228198683],
            [0.01146196895415864,0.18782475967034332,0.1912168448047763,0.03420861543318167,0.12506977807262343,0.03433903594811273,0.12485865798851263,0.11796116318896774,0,0.1730591759393235],
            [0.08088830270222509,0.07712045387183837,0.1621281805740969,0.15168770478675941,0.07969175945572096,0.18253147972318798,0.04872398307293615,0.027960448732136472,0.18926768708109862,0]
        ],
        "city_names": ["Amsterdam","Rotterdam","Den Haag","Utrecht","Eindhoven","Almere","Groningen","Nijmegen","Breda","Apeldoorn"],
        "reward_matrix": [
            [0,73456,83796,91775,54364,97352,34661,56603,61855,73619],
            [73456,0,99999,84977,65233,67350,4659,64745,90554,57702],
            [83796,99999,0,74637,54893,70810,8119,54405,80214,47362],
            [91775,84977,74637,0,72927,92712,30020,75166,80418,83064],
            [54364,65233,54893,72927,0,55300,1117,81761,85018,58516],
            [97352,67350,70810,92712,55300,0,47647,57539,62791,77731],
            [34661,4659,8119,30020,1117,47647,0,29695,100,52939],
            [56603,64745,54405,75166,81761,57539,29695,0,71177,87094],
            [61855,90554,80214,80418,85018,62791,100,71177,0,53143],
            [73619,57702,47362,83064,58516,77731,52939,87094,53143,0]
        ]
    },
    "vehicle_capacities": [5,5,5,5,20,30,30,30,30,30],
    "runs": [{
        "number_of_vehicles": 3,
        "avg_task_cost_vs_number_of_task": [902,728,763.8333333333334,1011.5000000000001,977,920.4166666666666,788.9285714285714,768.1875,718.0555555555554,713.95,674.9545454545455,719.4166666666666,816.4615384615385,809.642857142857,795.5999999999998,842.1249999999998,824.1470588235292,778.361111111111,761.0263157894736,750.7249999999999,748.3571428571428,736.2272727272727,728.804347826087,713.2708333333334,725.02,697.3846153846154,710.5925925925925,721.5892857142856,771.2931034482756,757.5666666666665]
    }]
}