{
 "distance_matrix": [
  [
   0, 
   345, 
   477.8, 
   348, 
   209.9, 
   233, 
   246.5, 
   205.2, 
   115, 
   244.6, 
   307.8
  ], 
  [
   345, 
   0, 
   592.8, 
   463, 
   205.7, 
   348, 
   98.5, 
   139.8, 
   230, 
   171, 
   422.8
  ], 
  [
   477.8, 
   592.8, 
   0, 
   359.8, 
   457.7, 
   244.8, 
   494.3, 
   453, 
   362.8, 
   492.4, 
   170
  ], 
  [
   348, 
   463, 
   359.8, 
   0, 
   327.9, 
   115, 
   364.5, 
   323.2, 
   233, 
   362.6, 
   189.8
  ], 
  [
   209.9, 
   205.7, 
   457.7, 
   327.9, 
   0, 
   212.9, 
   107.2, 
   148.5, 
   94.9, 
   34.7, 
   287.7
  ], 
  [
   233, 
   348, 
   244.8, 
   115, 
   212.9, 
   0, 
   249.5, 
   208.2, 
   118, 
   247.6, 
   74.8
  ], 
  [
   246.5, 
   98.5, 
   494.3, 
   364.5, 
   107.2, 
   249.5, 
   0, 
   41.3, 
   131.5, 
   72.5, 
   324.3
  ], 
  [
   205.2, 
   139.8, 
   453, 
   323.2, 
   148.5, 
   208.2, 
   41.3, 
   0, 
   90.2, 
   113.8, 
   283
  ], 
  [
   115, 
   230, 
   362.8, 
   233, 
   94.9, 
   118, 
   131.5, 
   90.2, 
   0, 
   129.6, 
   192.8
  ], 
  [
   244.6, 
   171, 
   492.4, 
   362.6, 
   34.7, 
   247.6, 
   72.5, 
   113.8, 
   129.6, 
   0, 
   322.4
  ], 
  [
   307.8, 
   422.8, 
   170, 
   189.8, 
   287.7, 
   74.8, 
   324.3, 
   283, 
   192.8, 
   322.4, 
   0
  ]
 ], 
 "runs": [
  {
   "avg_task_cost_vs_number_of_task": [
    1792, 
    1121.5, 
    1267.6666666666667, 
    1547.9999999999998, 
    1238.3999999999999, 
    1031.9999999999998, 
    884.5714285714284, 
    773.9999999999999, 
    1047.111111111111, 
    948.3, 
    999.4090909090909, 
    920.5000000000001, 
    845.6538461538462, 
    791.1428571428572, 
    655.8, 
    692.2500000000001, 
    672.2941176470588, 
    665.4444444444446, 
    601.5263157894736, 
    554.6, 
    561.6666666666666, 
    519.5, 
    496.9130434782609, 
    474.9583333333333, 
    556.3199999999998, 
    503.7307692307692, 
    534.2407407407408, 
    573.2678571428571, 
    511.03448275862075, 
    474.3333333333333
   ], 
   "number_of_vehicles": 2
  }, 
  {
   "avg_task_cost_vs_number_of_task": [
    1792, 
    1121.5, 
    1267.6666666666667, 
    1547.9999999999998, 
    1238.3999999999999, 
    1031.9999999999998, 
    1061.5714285714284, 
    1041.625, 
    959.2222222222222, 
    948.3, 
    892.1363636363636, 
    819.75, 
    852.0000000000001, 
    791.1428571428572, 
    655.8, 
    714.3125, 
    651.529411764706, 
    615.3333333333335, 
    601.2105263157895, 
    592.1000000000001, 
    544.2380952380952, 
    552.4545454545455, 
    512.2608695652176, 
    493.4166666666667, 
    586.72, 
    493.34615384615387, 
    548.9629629629629, 
    454.4642857142858, 
    433.13793103448285, 
    503.6
   ], 
   "number_of_vehicles": 3
  }, 
  {
   "avg_task_cost_vs_number_of_task": [
    742.5, 
    596.75, 
    917.8333333333334, 
    1285.625, 
    1028.5, 
    857.0833333333334, 
    734.6428571428571, 
    755.5625, 
    967.2222222222222, 
    842.15, 
    990.2727272727273, 
    907.75, 
    837.9230769230769, 
    784.7142857142859, 
    738.4000000000001, 
    692.2500000000001, 
    651.529411764706, 
    615.3333333333335, 
    512.4473684210526, 
    571.45, 
    609.1428571428571, 
    554.9772727272726, 
    531.804347826087, 
    492.43750000000006, 
    588.1599999999999, 
    481.8076923076923, 
    458.4444444444445, 
    553.1785714285714, 
    490.2241379310344, 
    452.3833333333333
   ], 
   "number_of_vehicles": 4
  }, 
  {
   "avg_task_cost_vs_number_of_task": [
    742.5, 
    596.75, 
    917.8333333333334, 
    1141.875, 
    1028.5, 
    857.0833333333334, 
    734.6428571428571, 
    699.1875, 
    903.3333333333334, 
    903.2, 
    947.1363636363636, 
    868.2083333333334, 
    817.3076923076923, 
    652.8928571428571, 
    738.4000000000001, 
    686.125, 
    651.529411764706, 
    634.9444444444445, 
    517.7368421052631, 
    527.9000000000001, 
    544.2380952380952, 
    519.5, 
    575.1304347826087, 
    524.8750000000001, 
    457.16, 
    565.8846153846154, 
    593.2222222222221, 
    436.2142857142857, 
    547.7586206896552, 
    416.70000000000005
   ], 
   "number_of_vehicles": 5
  }
 ], 
 "vehicle_starting_positions": [
  "Plymouth", 
  "Cardiff", 
  "Portsmouth", 
  "Manchester", 
  "Birmingham", 
  "London", 
  "Sheffield", 
  "Norwich", 
  "Liverpool", 
  "Leeds", 
  "Newcastle"
 ], 
 "task_distribution": {
  "weight_matrix": [
   [
    0, 
    3, 
    3, 
    3, 
    3, 
    3, 
    3, 
    3, 
    3, 
    3, 
    3
   ], 
   [
    3, 
    0, 
    3, 
    3, 
    3, 
    3, 
    3, 
    3, 
    3, 
    3, 
    3
   ], 
   [
    3, 
    3, 
    0, 
    3, 
    3, 
    3, 
    3, 
    3, 
    3, 
    3, 
    3
   ], 
   [
    3, 
    3, 
    3, 
    0, 
    3, 
    3, 
    3, 
    3, 
    3, 
    3, 
    3
   ], 
   [
    3, 
    3, 
    3, 
    3, 
    0, 
    3, 
    3, 
    3, 
    3, 
    3, 
    3
   ], 
   [
    3, 
    3, 
    3, 
    3, 
    3, 
    0, 
    3, 
    3, 
    3, 
    3, 
    3
   ], 
   [
    3, 
    3, 
    3, 
    3, 
    3, 
    3, 
    0, 
    3, 
    3, 
    3, 
    3
   ], 
   [
    3, 
    3, 
    3, 
    3, 
    3, 
    3, 
    3, 
    0, 
    3, 
    3, 
    3
   ], 
   [
    3, 
    3, 
    3, 
    3, 
    3, 
    3, 
    3, 
    3, 
    0, 
    3, 
    3
   ], 
   [
    3, 
    3, 
    3, 
    3, 
    3, 
    3, 
    3, 
    3, 
    3, 
    0, 
    3
   ], 
   [
    3, 
    3, 
    3, 
    3, 
    3, 
    3, 
    3, 
    3, 
    3, 
    3, 
    0
   ]
  ], 
  "city_names": [
   "Cardiff", 
   "Newcastle", 
   "Plymouth", 
   "Norwich", 
   "Manchester", 
   "London", 
   "Leeds", 
   "Sheffield", 
   "Birmingham", 
   "Liverpool", 
   "Portsmouth"
  ], 
  "reward_matrix": [
   [
    0, 
    44455, 
    20684, 
    43918, 
    68638, 
    64503, 
    62087, 
    69479, 
    85625, 
    62427, 
    51114
   ], 
   [
    44455, 
    0, 
    100, 
    23333, 
    69390, 
    43918, 
    88578, 
    81186, 
    65040, 
    75601, 
    30529
   ], 
   [
    20684, 
    100, 
    0, 
    41806, 
    24282, 
    62391, 
    17731, 
    25123, 
    41269, 
    18071, 
    75780
   ], 
   [
    43918, 
    23333, 
    41806, 
    0, 
    47516, 
    85625, 
    40965, 
    48357, 
    64503, 
    41305, 
    72236
   ], 
   [
    68638, 
    69390, 
    24282, 
    47516, 
    0, 
    68101, 
    87021, 
    79628, 
    89223, 
    99999, 
    54712
   ], 
   [
    64503, 
    43918, 
    62391, 
    85625, 
    68101, 
    0, 
    61550, 
    68942, 
    85088, 
    61890, 
    92821
   ], 
   [
    62087, 
    88578, 
    17731, 
    40965, 
    87021, 
    61550, 
    0, 
    98817, 
    82671, 
    93232, 
    48161
   ], 
   [
    69479, 
    81186, 
    25123, 
    48357, 
    79628, 
    68942, 
    98817, 
    0, 
    90064, 
    85840, 
    55553
   ], 
   [
    85625, 
    65040, 
    41269, 
    64503, 
    89223, 
    85088, 
    82671, 
    90064, 
    0, 
    83012, 
    71699
   ], 
   [
    62427, 
    75601, 
    18071, 
    41305, 
    99999, 
    61890, 
    93232, 
    85840, 
    83012, 
    0, 
    48501
   ], 
   [
    51114, 
    30529, 
    75780, 
    72236, 
    54712, 
    92821, 
    48161, 
    55553, 
    71699, 
    48501, 
    0
   ]
  ],