{
 "distance_matrix": [
  [
   0, 
   345, 
   477.8, 
   348, 
   209.9, 
   233, 
   246.5, 
   205.2, 
   115, 
   244.6, 
   307.8
  ], 
  [
   345, 
   0, 
   592.8, 
   463, 
   205.7, 
   348, 
   98.5, 
   139.8, 
   230, 
   171, 
   422.8
  ], 
  [
   477.8, 
   592.8, 
   0, 
   359.8, 
   457.7, 
   244.8, 
   494.3, 
   453, 
   362.8, 
   492.4, 
   170
  ], 
  [
   348, 
   463, 
   359.8, 
   0, 
   327.9, 
   115, 
   364.5, 
   323.2, 
   233, 
   362.6, 
   189.8
  ], 
  [
   209.9, 
   205.7, 
   457.7, 
   327.9, 
   0, 
   212.9, 
   107.2, 
   148.5, 
   94.9, 
   34.7, 
   287.7
  ], 
  [
   233, 
   348, 
   244.8, 
   115, 
   212.9, 
   0, 
   249.5, 
   208.2, 
   118, 
   247.6, 
   74.8
  ], 
  [
   246.5, 
   98.5, 
   494.3, 
   364.5, 
   107.2, 
   249.5, 
   0, 
   41.3, 
   131.5, 
   72.5, 
   324.3
  ], 
  [
   205.2, 
   139.8, 
   453, 
   323.2, 
   148.5, 
   208.2, 
   41.3, 
   0, 
   90.2, 
   113.8, 
   283
  ], 
  [
   115, 
   230, 
   362.8, 
   233, 
   94.9, 
   118, 
   131.5, 
   90.2, 
   0, 
   129.6, 
   192.8
  ], 
  [
   244.6, 
   171, 
   492.4, 
   362.6, 
   34.7, 
   247.6, 
   72.5, 
   113.8, 
   129.6, 
   0, 
   322.4
  ], 
  [
   307.8, 
   422.8, 
   170, 
   189.8, 
   287.7, 
   74.8, 
   324.3, 
   283, 
   192.8, 
   322.4, 
   0
  ]
 ], 
 "runs": [
  {
   "avg_task_cost_vs_number_of_task": [
    1813, 
    1683.5, 
    1661, 
    1245.75, 
    1679.6, 
    1430.1666666666667, 
    1225.857142857143, 
    1072.625, 
    953.4444444444445, 
    858.1, 
    780.0909090909091, 
    715.0833333333334, 
    703.8461538461538, 
    653.5714285714284, 
    650.7333333333333, 
    619.75, 
    583.0588235294117, 
    613.1388888888889, 
    624.1052631578947, 
    505.45, 
    526.1904761904761, 
    509.6363636363636, 
    487.4782608695652, 
    600.1250000000001, 
    538.4, 
    526.0769230769231, 
    539.148148148148, 
    524.0714285714286, 
    454.3103448275863, 
    488.99999999999994
   ], 
   "number_of_vehicles": 2
  }, 
  {
   "avg_task_cost_vs_number_of_task": [
    1813, 
    1580.25, 
    1661, 
    1245.75, 
    1757.5, 
    1464.5833333333333, 
    1255.3571428571427, 
    1098.4374999999998, 
    1016.6666666666666, 
    894.35, 
    831.8181818181819, 
    762.5, 
    703.8461538461538, 
    691.4285714285713, 
    610, 
    604.9999999999999, 
    623.2941176470588, 
    519.0555555555555, 
    543.421052631579, 
    513.725, 
    604.7142857142857, 
    595.6818181818181, 
    515.2173913043479, 
    545.9583333333334, 
    562.78, 
    492.86538461538476, 
    516.2592592592592, 
    443.3214285714286, 
    473.8103448275862, 
    534.0166666666667
   ], 
   "number_of_vehicles": 3
  }, 
  {
   "avg_task_cost_vs_number_of_task": [
    1813, 
    1580.25, 
    1661, 
    1245.75, 
    1679.6, 
    1464.5833333333333, 
    1225.857142857143, 
    1072.625, 
    1016.6666666666666, 
    894.35, 
    831.8181818181819, 
    835.0833333333334, 
    703.8461538461538, 
    727.6071428571429, 
    599.5999999999999, 
    583.9375, 
    583.2941176470588, 
    590.6111111111111, 
    570, 
    559.625, 
    520.047619047619, 
    556.7045454545455, 
    532.1086956521739, 
    541.7291666666666, 
    509.79999999999995, 
    522.8076923076924, 
    526.3703703703706, 
    556.0357142857143, 
    441.6551724137931, 
    454.8333333333333
   ], 
   "number_of_vehicles": 4
  }, 
  {
   "avg_task_cost_vs_number_of_task": [
    1813, 
    1580.25, 
    1661, 
    1245.75, 
    1725.6, 
    1464.5833333333333, 
    1255.3571428571427, 
    1072.625, 
    972.7222222222222, 
    858.1, 
    831.8181818181819, 
    762.5, 
    703.8461538461538, 
    715.7857142857143, 
    610, 
    626.3125, 
    592.4705882352941, 
    573.6111111111111, 
    516.7894736842105, 
    521.225, 
    472, 
    483.22727272727275, 
    521.4782608695652, 
    545.0000000000001, 
    522.2400000000001, 
    466.8076923076923, 
    426.55555555555554, 
    477.00000000000006, 
    429.7586206896552, 
    524.45
   ], 
   "number_of_vehicles": 5
  }
 ], 
 "vehicle_starting_positions": [
  "Sheffield", 
  "Liverpool", 
  "Leeds", 
  "London", 
  "Manchester", 
  "Plymouth", 
  "Cardiff", 
  "Newcastle", 
  "Portsmouth", 
  "Birmingham", 
  "Norwich"
 ], 
 "task_distribution": {
  "weight_matrix": [
   [
    0, 
    3, 
    3, 
    3, 
    3, 
    3, 
    3, 
    3, 
    3, 
    3, 
    3
   ], 
   [
    3, 
    0, 
    3, 
    3, 
    3, 
    3, 
    3, 
    3, 
    3, 
    3, 
    3
   ], 
   [
    3, 
    3, 
    0, 
    3, 
    3, 
    3, 
    3, 
    3, 
    3, 
    3, 
    3
   ], 
   [
    3, 
    3, 
    3, 
    0, 
    3, 
    3, 
    3, 
    3, 
    3, 
    3, 
    3
   ], 
   [
    3, 
    3, 
    3, 
    3, 
    0, 
    3, 
    3, 
    3, 
    3, 
    3, 
    3
   ], 
   [
    3, 
    3, 
    3, 
    3, 
    3, 
    0, 
    3, 
    3, 
    3, 
    3, 
    3
   ], 
   [
    3, 
    3, 
    3, 
    3, 
    3, 
    3, 
    0, 
    3, 
    3, 
    3, 
    3
   ], 
   [
    3, 
    3, 
    3, 
    3, 
    3, 
    3, 
    3, 
    0, 
    3, 
    3, 
    3
   ], 
   [
    3, 
    3, 
    3, 
    3, 
    3, 
    3, 
    3, 
    3, 
    0, 
    3, 
    3
   ], 
   [
    3, 
    3, 
    3, 
    3, 
    3, 
    3, 
    3, 
    3, 
    3, 
    0, 
    3
   ], 
   [
    3, 
    3, 
    3, 
    3, 
    3, 
    3, 
    3, 
    3, 
    3, 
    3, 
    0
   ]
  ], 
  "city_names": [
   "Cardiff", 
   "Newcastle", 
   "Plymouth", 
   "Norwich", 
   "Manchester", 
   "London", 
   "Leeds", 
   "Sheffield", 
   "Birmingham", 
   "Liverpool", 
   "Portsmouth"
  ], 
  "reward_matrix": [
   [
    0, 
    44455, 
    20684, 
    43918, 
    68638, 
    64503, 
    62087, 
    69479, 
    85625, 
    62427, 
    51114
   ], 
   [
    44455, 
    0, 
    100, 
    23333, 
    69390, 
    43918, 
    88578, 
    81186, 
    65040, 
    75601, 
    30529
   ], 
   [
    20684, 
    100, 
    0, 
    41806, 
    24282, 
    62391, 
    17731, 
    25123, 
    41269, 
    18071, 
    75780
   ], 
   [
    43918, 
    23333, 
    41806, 
    0, 
    47516, 
    85625, 
    40965, 
    48357, 
    64503, 
    41305, 
    72236
   ], 
   [
    68638, 
    69390, 
    24282, 
    47516, 
    0, 
    68101, 
    87021, 
    79628, 
    89223, 
    99999, 
    54712
   ], 
   [
    64503, 
    43918, 
    62391, 
    85625, 
    68101, 
    0, 
    61550, 
    68942, 
    85088, 
    61890, 
    92821
   ], 
   [
    62087, 
    88578, 
    17731, 
    40965, 
    87021, 
    61550, 
    0, 
    98817, 
    82671, 
    93232, 
    48161
   ], 
   [
    69479, 
    81186, 
    25123, 
    48357, 
    79628, 
    68942, 
    98817, 
    0, 
    90064, 
    85840, 
    55553
   ], 
   [
    85625, 
    65040, 
    41269, 
    64503, 
    89223, 
    85088, 
    82671, 
    90064, 
    0, 
    83012, 
    71699
   ], 
   [
    62427, 
    75601, 
    18071, 
    41305, 
    99999, 
    61890, 
    93232, 
    85840, 
    83012, 
    0, 
    48501
   ], 
   [
    51114, 
    30529, 
    75780, 
    72236, 
    54712, 
    92821, 
    48161, 
    55553, 
    71699, 
    48501, 
    0
   ]
  ],