{
 "vehicle_cost_per_km": [
  5, 
  10, 
  5, 
  5, 
  5, 
  5, 
  5, 
  5, 
  5
 ], 
 "runs": [
  {
   "avg_task_cost_vs_number_of_task": [
    3935, 
    2947.5, 
    3471.6666666666665, 
    3826.25, 
    4132, 
    4012.5, 
    4103.571428571428, 
    4342.5, 
    4771.666666666667, 
    4674, 
    4602.727272727273, 
    5033.75, 
    4681.538461538462, 
    4628.214285714285, 
    4971.333333333333, 
    4874.0625, 
    5057.35294117647, 
    4857.222222222223, 
    4952.105263157895, 
    4704.5, 
    4699.047619047619, 
    4662.272727272727, 
    4884.565217391304, 
    4872.291666666667, 
    4749.2, 
    4715.384615384615, 
    4863.333333333333, 
    4920.714285714285, 
    4885.172413793103, 
    4722.333333333333
   ], 
   "number_of_vehicles": 3
  }
 ], 
 "vehicle_starting_positions": [
  "Brest", 
  "Paris", 
  "Marseille", 
  "Gen\u00c3\u00a8ve", 
  "Monaco", 
  "Le Havre", 
  "Bordeaux", 
  "Lyon", 
  "Strasbourg"
 ], 
 "task_distribution": {
  "distance_matrix": [
   [
    0, 
    591, 
    1373, 
    1206, 
    1598, 
    787, 
    1175, 
    1057, 
    1078
   ], 
   [
    591, 
    0, 
    782, 
    615, 
    1007, 
    196, 
    584, 
    466, 
    487
   ], 
   [
    1373, 
    782, 
    0, 
    465, 
    225, 
    978, 
    646, 
    316, 
    854
   ], 
   [
    1206, 
    615, 
    465, 
    0, 
    521, 
    811, 
    737, 
    149, 
    389
   ], 
   [
    1598, 
    1007, 
    225, 
    521, 
    0, 
    1203, 
    871, 
    541, 
    910
   ], 
   [
    787, 
    196, 
    978, 
    811, 
    1203, 
    0, 
    780, 
    662, 
    683
   ], 
   [
    1175, 
    584, 
    646, 
    737, 
    871, 
    780, 
    0, 
    588, 
    1071
   ], 
   [
    1057, 
    466, 
    316, 
    149, 
    541, 
    662, 
    588, 
    0, 
    538
   ], 
   [
    1078, 
    487, 
    854, 
    389, 
    910, 
    683, 
    1071, 
    538, 
    0
   ]
  ], 
  "weight_matrix": [
   [
    0, 
    3, 
    3, 
    3, 
    3, 
    3, 
    3, 
    3, 
    3
   ], 
   [
    3, 
    0, 
    3, 
    3, 
    3, 
    3, 
    3, 
    3, 
    3
   ], 
   [
    3, 
    3, 
    0, 
    3, 
    3, 
    3, 
    3, 
    3, 
    3
   ], 
   [
    3, 
    3, 
    3, 
    0, 
    3, 
    3, 
    3, 
    3, 
    3
   ], 
   [
    3, 
    3, 
    3, 
    3, 
    0, 
    3, 
    3, 
    3, 
    3
   ], 
   [
    3, 
    3, 
    3, 
    3, 
    3, 
    0, 
    3, 
    3, 
    3
   ], 
   [
    3, 
    3, 
    3, 
    3, 
    3, 
    3, 
    0, 
    3, 
    3
   ], 
   [
    3, 
    3, 
    3, 
    3, 
    3, 
    3, 
    3, 
    0, 
    3
   ], 
   [
    3, 
    3, 
    3, 
    3, 
    3, 
    3, 
    3, 
    3, 
    0
   ]
  ], 
  "city_names": [
   "Brest", 
   "Paris", 
   "Marseille", 
   "Gen\u00c3\u00a8ve", 
   "Monaco", 
   "Le Havre", 
   "Bordeaux", 
   "Lyon", 
   "Strasbourg"
  ], 
  "reward_matrix": [
   [
    0, 
    69526, 
    15612, 
    27125, 
    100, 
    56013, 
    29263, 
    37398, 
    35950
   ], 
   [
    69526, 
    0, 
    56357, 
    67871, 
    40845, 
    96758, 
    70008, 
    78143, 
    76696
   ], 
   [
    15612, 
    56357, 
    0, 
    78212, 
    94759, 
    42844, 
    65734, 
    88485, 
    51393
   ], 
   [
    27125, 
    67871, 
    78212, 
    0, 
    74352, 
    54358, 
    59460, 
    99999, 
    83452
   ], 
   [
    100, 
    40845, 
    94759, 
    74352, 
    0, 
    27332, 
    50221, 
    72973, 
    47533
   ], 
   [
    56013, 
    96758, 
    42844, 
    54358, 
    27332, 
    0, 
    56495, 
    64631, 
    63183
   ], 
   [
    29263, 
    70008, 
    65734, 
    59460, 
    50221, 
    56495, 
    0, 
    69732, 
    36433
   ], 
   [
    37398, 
    78143, 
    88485, 
    99999, 
    72973, 
    64631, 
    69732, 
    0, 
    73180
   ], 
   [
    35950, 
    76696, 
    51393, 
    83452, 
    47533, 
    63183, 
    36433, 
    73180, 
    0
   ]
  ], 
  "probability_matrix": [
   [
    0, 
    0.006134993375956085, 
    0.20501002728158754, 
    0.12713215311276005, 
    0.27884232952247057, 
    0.11159510776563207, 
    0.13035759490724028, 
    0.08180520583739485, 
    0.05912258819695866
   ], 
   [
    0.057070530362664365, 
    0, 
    0.33640522223623115, 
    0.13444777604585942, 
    0.009072854164364881, 
    0.16163794095725742, 
    0.04856931992830325, 
    0.07815378753988886, 
    0.1746425687654307
   ], 
   [
    0.0014453276633756955, 
    0.05874873183517475, 
    0, 
    0.08692548271462996, 
    0.18841871023447102, 
    0.08598126165918775, 
    0.22174534333761897, 
    0.1396741141740471, 
    0.21706102838149482
   ], 
   [
    0.1063813178912658, 
    0.05965607928340619, 
    0.13429429783679353, 
    0, 
    0.00024225368378044318, 
    0.23418957120122744, 
    0.13520102662524444, 
    0.09867384163388053, 
    0.23136161184440182
   ], 
   [
    0.10800456727375965, 
    0.09862417826752365, 
    0.2704704449428072, 
    0.014334082263799047, 
    0, 
    0.19723743265705193, 
    0.12556361332468036, 
    0.0993290136853253, 
    0.08643666758505304
   ], 
   [
    0.15329914204665074, 
    0.007384075557693674, 
    0.08885055346860588, 
    0.15317979798445316, 
    0.22823831597229666, 
    0, 
    0.008488726674132809, 
    0.18424683174513024, 
    0.1763125565510368
   ], 
   [
    0.2552908990570646, 
    0.08794663101471482, 
    0.05368713872179934, 
    0.015244550491112657, 
    0.10796979262098709, 
    0.1353686799940572, 
    0, 
    0.2180640063585883, 
    0.12642830174167602
   ], 
   [
    0.06498594182542937, 
    0.10617342838431634, 
    0.09171291632135309, 
    0.1381806242610118, 
    0.0644709438326986, 
    0.19222766046184683, 
    0.14645230692828262, 
    0, 
    0.19579617798506133
   ], 
   [
    0.09284330129760812, 
    0.117473047681856, 
    0.12108708467593653, 
    0.18078005215907178, 
    0.008829677976017795, 
    0.1783442548185437, 
    0.09257260431335369, 
    0.20806997707761232, 
    0
   ]
  ]
 }, 
 "vehicle_capacities": [
  5, 
  5, 
  5, 
  30, 
  30, 
  30, 
  30, 
  30, 
  30
 ]
}