{
 "vehicle_cost_per_km": [
  5, 
  5, 
  5, 
  5, 
  5
 ], 
 "runs": [
  {
   "avg_task_cost_vs_number_of_task": [
    7210, 
    5185, 
    3456.6666666666665, 
    2592.5, 
    2942, 
    2575.8333333333335, 
    2207.8571428571427, 
    2670.625, 
    2515.5555555555557, 
    2351.5, 
    2146.818181818182, 
    2102.0833333333335, 
    1940.3846153846155, 
    1887.5, 
    1926, 
    1786.5625, 
    1838.5294117647059, 
    1605, 
    1741.842105263158, 
    1658.25, 
    1549.5238095238096, 
    1605.2272727272727, 
    1387.391304347826, 
    1452.0833333333333, 
    1499.6, 
    1431.923076923077, 
    1309.6296296296296, 
    1477.3214285714287, 
    1567.0689655172414, 
    1374.6666666666667
   ], 
   "number_of_vehicles": 2
  }, 
  {
   "avg_task_cost_vs_number_of_task": [
    7210, 
    4395, 
    2930, 
    2197.5, 
    2711, 
    2322.5, 
    1990.7142857142858, 
    2480.625, 
    2205, 
    2351.5, 
    2137.7272727272725, 
    2102.0833333333335, 
    1940.3846153846155, 
    2203.5714285714284, 
    1843.6666666666667, 
    1728.4375, 
    1757.3529411764705, 
    1646.388888888889, 
    1640.2631578947369, 
    1887, 
    1732.3809523809523, 
    1656.8181818181818, 
    1635.8695652173913, 
    1564.7916666666667, 
    1691.4, 
    1399.8076923076924, 
    1315.9259259259259, 
    1534.642857142857, 
    1475.1724137931035, 
    1511
   ], 
   "number_of_vehicles": 3
  }, 
  {
   "avg_task_cost_vs_number_of_task": [
    7210, 
    4395, 
    2930, 
    2197.5, 
    2711, 
    2322.5, 
    1990.7142857142858, 
    2480.625, 
    2340, 
    2351.5, 
    2246.818181818182, 
    2102.0833333333335, 
    1916.1538461538462, 
    1817.857142857143, 
    1856, 
    1728.4375, 
    1816.764705882353, 
    1714.4444444444443, 
    1572.3684210526317, 
    1721.25, 
    1880.7142857142858, 
    1742.7272727272727, 
    1443.4782608695652, 
    1414.375, 
    1306.2, 
    1432.3076923076924, 
    1392.4074074074074, 
    1541.9642857142858, 
    1408.103448275862, 
    1364.8333333333333
   ], 
   "number_of_vehicles": 4
  }, 
  {
   "avg_task_cost_vs_number_of_task": [
    7210, 
    4395, 
    2930, 
    2197.5, 
    2711, 
    2322.5, 
    2097.1428571428573, 
    1913.125, 
    1700.5555555555557, 
    1823, 
    1657.2727272727273, 
    1661.6666666666667, 
    1533.8461538461538, 
    1510, 
    1409.3333333333333, 
    1781.25, 
    1446.4705882352941, 
    1405, 
    1403.6842105263158, 
    1392, 
    1510, 
    1425.6818181818182, 
    1367.608695652174, 
    1298.5416666666667, 
    1426.8, 
    1355, 
    1225.9259259259259, 
    1317.5, 
    1386.0344827586207, 
    1245.1666666666667
   ], 
   "number_of_vehicles": 5
  }
 ], 
 "vehicle_starting_positions": [
  "Lyon", 
  "Gen\u00e8ve", 
  "Marseille", 
  "Bordeaux", 
  "Brest", 
  "Monaco", 
  "Le Havre", 
  "Strasbourg", 
  "Paris"
 ], 
 "task_distribution": {
  "distance_matrix": [
   [
    0, 
    591, 
    1373, 
    1206, 
    1598, 
    787, 
    1175, 
    1057, 
    1078
   ], 
   [
    591, 
    0, 
    782, 
    615, 
    1007, 
    196, 
    584, 
    466, 
    487
   ], 
   [
    1373, 
    782, 
    0, 
    465, 
    225, 
    978, 
    646, 
    316, 
    854
   ], 
   [
    1206, 
    615, 
    465, 
    0, 
    521, 
    811, 
    737, 
    149, 
    389
   ], 
   [
    1598, 
    1007, 
    225, 
    521, 
    0, 
    1203, 
    871, 
    541, 
    910
   ], 
   [
    787, 
    196, 
    978, 
    811, 
    1203, 
    0, 
    780, 
    662, 
    683
   ], 
   [
    1175, 
    584, 
    646, 
    737, 
    871, 
    780, 
    0, 
    588, 
    1071
   ], 
   [
    1057, 
    466, 
    316, 
    149, 
    541, 
    662, 
    588, 
    0, 
    538
   ], 
   [
    1078, 
    487, 
    854, 
    389, 
    910, 
    683, 
    1071, 
    538, 
    0
   ]
  ], 
  "weight_matrix": [
   [
    0, 
    3, 
    3, 
    3, 
    3, 
    3, 
    3, 
    3, 
    3
   ], 
   [
    3, 
    0, 
    3, 
    3, 
    3, 
    3, 
    3, 
    3, 
    3
   ], 
   [
    3, 
    3, 
    0, 
    3, 
    3, 
    3, 
    3, 
    3, 
    3
   ], 
   [
    3, 
    3, 
    3, 
    0, 
    3, 
    3, 
    3, 
    3, 
    3
   ], 
   [
    3, 
    3, 
    3, 
    3, 
    0, 
    3, 
    3, 
    3, 
    3
   ], 
   [
    3, 
    3, 
    3, 
    3, 
    3, 
    0, 
    3, 
    3, 
    3
   ], 
   [
    3, 
    3, 
    3, 
    3, 
    3, 
    3, 
    0, 
    3, 
    3
   ], 
   [
    3, 
    3, 
    3, 
    3, 
    3, 
    3, 
    3, 
    0, 
    3
   ], 
   [
    3, 
    3, 
    3, 
    3, 
    3, 
    3, 
    3, 
    3, 
    0
   ]
  ], 
  "city_names": [
   "Brest", 
   "Paris", 
   "Marseille", 
   "Gen\u00e8ve", 
   "Monaco", 
   "Le Havre", 
   "Bordeaux", 
   "Lyon", 
   "Strasbourg"
  ], 
  "reward_matrix": [
   [
    0, 
    69526, 
    15612, 
    27125, 
    100, 
    56013, 
    29263, 
    37398, 
    35950
   ], 
   [
    69526, 
    0, 
    56357, 
    67871, 
    40845, 
    96758, 
    70008, 
    78143, 
    76696
   ], 
   [
    15612, 
    56357, 
    0, 
    78212, 
    94759, 
    42844, 
    65734, 
    88485, 
    51393
   ], 
   [
    27125, 
    67871, 
    78212, 
    0, 
    74352, 
    54358, 
    59460, 
    99999, 
    83452
   ], 
   [
    100, 
    40845, 
    94759, 
    74352, 
    0, 
    27332, 
    50221, 
    72973, 
    47533
   ], 
   [
    56013, 
    96758, 
    42844, 
    54358, 
    27332, 
    0, 
    56495, 
    64631, 
    63183
   ], 
   [
    29263, 
    70008, 
    65734, 
    59460, 
    50221, 
    56495, 
    0, 
    69732, 
    36433
   ], 
   [
    37398, 
    78143, 
    88485, 
    99999, 
    72973, 
    64631, 
    69732, 
    0, 
    73180
   ], 
   [
    35950, 
    76696, 
    51393, 
    83452, 
    47533, 
    63183, 
    36433, 
    73180, 
    0
   ]
  ], 
  "probability_matrix": [
   [
    0, 
    0.17639147793005172, 
    0.02796869799111506, 
    0.1282510687933251, 
    0.1038258211425367, 
    0.21889676614715992, 
    0.07945262843641476, 
    0.18629164685793992, 
    0.07892189270145679
   ], 
   [
    0.29529131487857513, 
    0, 
    0.05813275030050535, 
    0.0024911901648044846, 
    0.09713797907378548, 
    0.031521899883110806, 
    0.006103846182191226, 
    0.3390650940977532, 
    0.17025592541927423
   ], 
   [
    0.15766282495902556, 
    0.16834030148539658, 
    0, 
    0.12062364474659795, 
    0.1370419027544996, 
    0.06601424154823117, 
    0.0764404147002252, 
    0.16741904584926168, 
    0.10645762395676224
   ], 
   [
    0.1381657263306999, 
    0.11627567382715463, 
    0.22309216156494405, 
    0, 
    0.19485853660667304, 
    7.316342044413662e-05, 
    0.15773618304845355, 
    0.11707472758562458, 
    0.0527238276160061
   ], 
   [
    0.29117674864524595, 
    0.02172972341147795, 
    0.05550956192924294, 
    0.2938088506655223, 
    0, 
    0.026732466657433205, 
    0.0472563143578531, 
    0.07325306499502694, 
    0.19053326933819761
   ], 
   [
    0.07399784241572484, 
    0.029491189439220255, 
    0.023067443558002644, 
    0.22015765686685912, 
    0.17571674750673305, 
    0, 
    0.20012592223675782, 
    0.06774921422419493, 
    0.2096939837525072
   ], 
   [
    0.03392221075090593, 
    0.05685178442986142, 
    0.08994426473173375, 
    0.21271515283050443, 
    0.1464880861516371, 
    0.12372405751186848, 
    0, 
    0.23657982794606425, 
    0.09977461564742462
   ], 
   [
    0.07272558176725767, 
    0.0975289773063835, 
    0.16476188818209903, 
    0.17418411533104894, 
    0.11547498740085325, 
    0.13930524345740095, 
    0.11346787541161531, 
    0, 
    0.12255133114334142
   ], 
   [
    0.19135087131763076, 
    0.25036208140694954, 
    0.028167428390144834, 
    0.14649032248386978, 
    0.12270039965360148, 
    0.039344432445534226, 
    0.043035455108895115, 
    0.17854900919337416, 
    0
   ]
  ]
 }, 
 "vehicle_capacities": [
  30, 
  30, 
  30, 
  30, 
  30
 ]
}