{
 "vehicle_cost_per_km": [
  5, 
  5, 
  5, 
  5, 
  5
 ], 
 "runs": [
  {
   "avg_task_cost_vs_number_of_task": [
    3730, 
    3027.5, 
    3483.3333333333335, 
    3351.25, 
    3768, 
    3140, 
    3120.714285714286, 
    3033.125, 
    2839.4444444444443, 
    2773.5, 
    2854.5454545454545, 
    2728.3333333333335, 
    2633.076923076923, 
    2444.285714285714, 
    2282, 
    2197.5, 
    2183.529411764706, 
    2303.0555555555557, 
    2002.1052631578948, 
    2147.25, 
    2015.4761904761904, 
    2042.0454545454545, 
    1993.4782608695652, 
    2162.5, 
    2241, 
    2185, 
    2136.4814814814813, 
    1950.892857142857, 
    2156.0344827586205, 
    2090.1666666666665
   ], 
   "number_of_vehicles": 3
  }
 ], 
 "vehicle_starting_positions": [
  "Brest", 
  "Paris", 
  "Marseille", 
  "Gen\u00e8ve", 
  "Monaco", 
  "Le Havre", 
  "Bordeaux", 
  "Lyon", 
  "Strasbourg"
 ], 
 "task_distribution": {
  "distance_matrix": [
   [
    0, 
    591, 
    1373, 
    1206, 
    1598, 
    787, 
    1175, 
    1057, 
    1078
   ], 
   [
    591, 
    0, 
    782, 
    615, 
    1007, 
    196, 
    584, 
    466, 
    487
   ], 
   [
    1373, 
    782, 
    0, 
    465, 
    225, 
    978, 
    646, 
    316, 
    854
   ], 
   [
    1206, 
    615, 
    465, 
    0, 
    521, 
    811, 
    737, 
    149, 
    389
   ], 
   [
    1598, 
    1007, 
    225, 
    521, 
    0, 
    1203, 
    871, 
    541, 
    910
   ], 
   [
    787, 
    196, 
    978, 
    811, 
    1203, 
    0, 
    780, 
    662, 
    683
   ], 
   [
    1175, 
    584, 
    646, 
    737, 
    871, 
    780, 
    0, 
    588, 
    1071
   ], 
   [
    1057, 
    466, 
    316, 
    149, 
    541, 
    662, 
    588, 
    0, 
    538
   ], 
   [
    1078, 
    487, 
    854, 
    389, 
    910, 
    683, 
    1071, 
    538, 
    0
   ]
  ], 
  "weight_matrix": [
   [
    0, 
    3, 
    3, 
    3, 
    3, 
    3, 
    3, 
    3, 
    3
   ], 
   [
    3, 
    0, 
    3, 
    3, 
    3, 
    3, 
    3, 
    3, 
    3
   ], 
   [
    3, 
    3, 
    0, 
    3, 
    3, 
    3, 
    3, 
    3, 
    3
   ], 
   [
    3, 
    3, 
    3, 
    0, 
    3, 
    3, 
    3, 
    3, 
    3
   ], 
   [
    3, 
    3, 
    3, 
    3, 
    0, 
    3, 
    3, 
    3, 
    3
   ], 
   [
    3, 
    3, 
    3, 
    3, 
    3, 
    0, 
    3, 
    3, 
    3
   ], 
   [
    3, 
    3, 
    3, 
    3, 
    3, 
    3, 
    0, 
    3, 
    3
   ], 
   [
    3, 
    3, 
    3, 
    3, 
    3, 
    3, 
    3, 
    0, 
    3
   ], 
   [
    3, 
    3, 
    3, 
    3, 
    3, 
    3, 
    3, 
    3, 
    0
   ]
  ], 
  "city_names": [
   "Brest", 
   "Paris", 
   "Marseille", 
   "Gen\u00e8ve", 
   "Monaco", 
   "Le Havre", 
   "Bordeaux", 
   "Lyon", 
   "Strasbourg"
  ], 
  "reward_matrix": [
   [
    0, 
    69526, 
    15612, 
    27125, 
    100, 
    56013, 
    29263, 
    37398, 
    35950
   ], 
   [
    69526, 
    0, 
    56357, 
    67871, 
    40845, 
    96758, 
    70008, 
    78143, 
    76696
   ], 
   [
    15612, 
    56357, 
    0, 
    78212, 
    94759, 
    42844, 
    65734, 
    88485, 
    51393
   ], 
   [
    27125, 
    67871, 
    78212, 
    0, 
    74352, 
    54358, 
    59460, 
    99999, 
    83452
   ], 
   [
    100, 
    40845, 
    94759, 
    74352, 
    0, 
    27332, 
    50221, 
    72973, 
    47533
   ], 
   [
    56013, 
    96758, 
    42844, 
    54358, 
    27332, 
    0, 
    56495, 
    64631, 
    63183
   ], 
   [
    29263, 
    70008, 
    65734, 
    59460, 
    50221, 
    56495, 
    0, 
    69732, 
    36433
   ], 
   [
    37398, 
    78143, 
    88485, 
    99999, 
    72973, 
    64631, 
    69732, 
    0, 
    73180
   ], 
   [
    35950, 
    76696, 
    51393, 
    83452, 
    47533, 
    63183, 
    36433, 
    73180, 
    0
   ]
  ], 
  "probability_matrix": [
   [
    0, 
    0.25323088084368145, 
    0.10503354200596156, 
    0.21270669960178598, 
    0.03154941726525798, 
    0.05353365875590214, 
    0.06936554367604175, 
    0.09672191003879044, 
    0.1778583478125788
   ], 
   [
    0.14645196982780864, 
    0, 
    0.04620011551859621, 
    0.1921541757670933, 
    0.12439667383779845, 
    0.0827744631864623, 
    0.1149582047091766, 
    0.11898863470499782, 
    0.17407576244806672
   ], 
   [
    0.24797461492708409, 
    0.04745716286549907, 
    0, 
    0.007463342403593244, 
    0.10071235521319255, 
    0.13392432399800253, 
    0.17876224508706937, 
    0.15760748237841096, 
    0.12609847312714828
   ], 
   [
    0.05456122189334905, 
    0.1841586989964686, 
    0.06783038924794589, 
    0, 
    0.12140147673586031, 
    0.22193027990573724, 
    0.24291182858699503, 
    0.04818448027800466, 
    0.05902162435563926
   ], 
   [
    0.14273807367382282, 
    0.16232964722833246, 
    0.089008246399398, 
    0.24975604983564278, 
    0, 
    0.09924565398395932, 
    0.030969613704398644, 
    0.11211806500827849, 
    0.1138346501661675
   ], 
   [
    0.09790580354216043, 
    0.07248188978820654, 
    0.02851214701377011, 
    0.237174777626467, 
    0.22272808091170507, 
    0, 
    0.02520261811864864, 
    0.1492826680317628, 
    0.16671201496727947
   ], 
   [
    0.08810139172863704, 
    0.17811288792533791, 
    0.039597746723170485, 
    0.1816066242297227, 
    0.011538726584086877, 
    0.16571005866957442, 
    0, 
    0.07844141049913332, 
    0.25689115364033727
   ], 
   [
    0.15143652000853103, 
    0.06368705847914419, 
    0.048475968015627625, 
    0.15299542901290644, 
    0.11392772847387403, 
    0.2771206338238424, 
    0.10521259517259553, 
    0, 
    0.08714406701347885
   ], 
   [
    0.15083617237207905, 
    0.2457797666469221, 
    0.012995117300231857, 
    0.07948725165157636, 
    0.24609069089811508, 
    0.048495882224016885, 
    0.09192643725307963, 
    0.12438868165397897, 
    0
   ]
  ]
 }, 
 "vehicle_capacities": [
  10, 
  10, 
  10, 
  30, 
  30, 
  30, 
  30, 
  30, 
  30
 ]
}