{
 "distance_matrix": [
  [
   0, 
   591, 
   1373, 
   1206, 
   1598, 
   787, 
   1175, 
   1057, 
   1078
  ], 
  [
   591, 
   0, 
   782, 
   615, 
   1007, 
   196, 
   584, 
   466, 
   487
  ], 
  [
   1373, 
   782, 
   0, 
   465, 
   225, 
   978, 
   646, 
   316, 
   854
  ], 
  [
   1206, 
   615, 
   465, 
   0, 
   521, 
   811, 
   737, 
   149, 
   389
  ], 
  [
   1598, 
   1007, 
   225, 
   521, 
   0, 
   1203, 
   871, 
   541, 
   910
  ], 
  [
   787, 
   196, 
   978, 
   811, 
   1203, 
   0, 
   780, 
   662, 
   683
  ], 
  [
   1175, 
   584, 
   646, 
   737, 
   871, 
   780, 
   0, 
   588, 
   1071
  ], 
  [
   1057, 
   466, 
   316, 
   149, 
   541, 
   662, 
   588, 
   0, 
   538
  ], 
  [
   1078, 
   487, 
   854, 
   389, 
   910, 
   683, 
   1071, 
   538, 
   0
  ]
 ], 
 "runs": [
  {
   "avg_task_cost_vs_number_of_task": [
    5850, 
    4942.5, 
    3791.6666666666665, 
    4050, 
    4318, 
    3832.5, 
    3360.714285714286, 
    3011.25, 
    2757.777777777778, 
    2471.5, 
    2256.3636363636365, 
    2068.3333333333335, 
    1909.2307692307693, 
    1833.2142857142858, 
    1711, 
    1544.6875, 
    1453.8235294117646, 
    1508.611111111111, 
    1657.8947368421052, 
    1719.25, 
    1665.2380952380952, 
    1407.7272727272727, 
    1713.695652173913, 
    1469.1666666666667, 
    1560, 
    1455.7692307692307, 
    1527.4074074074074, 
    1425, 
    1626.896551724138, 
    1465.3333333333333
   ], 
   "number_of_vehicles": 2
  }, 
  {
   "avg_task_cost_vs_number_of_task": [
    5850, 
    4942.5, 
    3791.6666666666665, 
    4050, 
    4318, 
    3832.5, 
    3360.714285714286, 
    2946.25, 
    2746.1111111111113, 
    2471.5, 
    2246.818181818182, 
    2244.1666666666665, 
    1909.2307692307693, 
    1833.2142857142858, 
    1711, 
    1644.375, 
    1591.1764705882354, 
    1693.611111111111, 
    1618.9473684210527, 
    1461.75, 
    1591.6666666666667, 
    1546.590909090909, 
    1463.9130434782608, 
    1581.25, 
    1474.2, 
    1495.3846153846155, 
    1499.2592592592594, 
    1535.7142857142858, 
    1125.1724137931035, 
    1341.1666666666667
   ], 
   "number_of_vehicles": 3
  }, 
  {
   "avg_task_cost_vs_number_of_task": [
    4270, 
    4152.5, 
    3265, 
    3787.5, 
    4087, 
    3640, 
    3120, 
    3037.5, 
    2757.777777777778, 
    2471.5, 
    2256.3636363636365, 
    2068.3333333333335, 
    1979.2307692307693, 
    1946.0714285714287, 
    1711, 
    1544.6875, 
    1509.7058823529412, 
    1708.888888888889, 
    1829.2105263157894, 
    1718.25, 
    1509.5238095238096, 
    1554.5454545454545, 
    1318.695652173913, 
    1535.625, 
    1489.2, 
    1499.2307692307693, 
    1399.2592592592594, 
    1379.4642857142858, 
    1419.8275862068965, 
    1119.1666666666667
   ], 
   "number_of_vehicles": 4
  }, 
  {
   "avg_task_cost_vs_number_of_task": [
    4270, 
    4152.5, 
    3265, 
    3668.75, 
    3621, 
    3251.6666666666665, 
    2787.1428571428573, 
    2720, 
    3016.6666666666665, 
    2640, 
    2411.3636363636365, 
    2068.3333333333335, 
    1974.2307692307693, 
    1765.357142857143, 
    1711, 
    1876.5625, 
    1772.3529411764705, 
    1646.111111111111, 
    1828.157894736842, 
    1504, 
    1591.6666666666667, 
    1529.090909090909, 
    1649.5652173913043, 
    1427.9166666666667, 
    1494.4, 
    1270, 
    1536.2962962962963, 
    1610.1785714285713, 
    1363.9655172413793, 
    1415.5
   ], 
   "number_of_vehicles": 5
  }
 ], 
 "vehicle_starting_positions": [
  "Lyon", 
  "Strasbourg", 
  "Brest", 
  "Marseille", 
  "Paris", 
  "Monaco", 
  "Gen\u00e8ve", 
  "Le Havre", 
  "Bordeaux"
 ], 
 "task_distribution": {
  "weight_matrix": [
   [
    0, 
    3, 
    3, 
    3, 
    3, 
    3, 
    3, 
    3, 
    3
   ], 
   [
    3, 
    0, 
    3, 
    3, 
    3, 
    3, 
    3, 
    3, 
    3
   ], 
   [
    3, 
    3, 
    0, 
    3, 
    3, 
    3, 
    3, 
    3, 
    3
   ], 
   [
    3, 
    3, 
    3, 
    0, 
    3, 
    3, 
    3, 
    3, 
    3
   ], 
   [
    3, 
    3, 
    3, 
    3, 
    0, 
    3, 
    3, 
    3, 
    3
   ], 
   [
    3, 
    3, 
    3, 
    3, 
    3, 
    0, 
    3, 
    3, 
    3
   ], 
   [
    3, 
    3, 
    3, 
    3, 
    3, 
    3, 
    0, 
    3, 
    3
   ], 
   [
    3, 
    3, 
    3, 
    3, 
    3, 
    3, 
    3, 
    0, 
    3
   ], 
   [
    3, 
    3, 
    3, 
    3, 
    3, 
    3, 
    3, 
    3, 
    0
   ]
  ], 
  "city_names": [
   "Brest", 
   "Paris", 
   "Marseille", 
   "Gen\u00e8ve", 
   "Monaco", 
   "Le Havre", 
   "Bordeaux", 
   "Lyon", 
   "Strasbourg"
  ], 
  "reward_matrix": [
   [
    0, 
    69526, 
    15612, 
    27125, 
    100, 
    56013, 
    29263, 
    37398, 
    35950
   ], 
   [
    69526, 
    0, 
    56357, 
    67871, 
    40845, 
    96758, 
    70008, 
    78143, 
    76696
   ], 
   [
    15612, 
    56357, 
    0, 
    78212, 
    94759, 
    42844, 
    65734, 
    88485, 
    51393
   ], 
   [
    27125, 
    67871, 
    78212, 
    0, 
    74352, 
    54358, 
    59460, 
    99999, 
    83452
   ], 
   [
    100, 
    40845, 
    94759, 
    74352, 
    0, 
    27332, 
    50221, 
    72973, 
    47533
   ], 
   [
    56013, 
    96758, 
    42844, 
    54358, 
    27332, 
    0, 
    56495, 
    64631, 
    63183
   ], 
   [
    29263, 
    70008, 
    65734, 
    59460, 
    50221, 
    56495, 
    0, 
    69732, 
    36433
   ], 
   [
    37398, 
    78143, 
    88485, 
    99999, 
    72973, 
    64631, 
    69732, 
    0, 
    73180
   ], 
   [
    35950, 
    76696, 
    51393, 
    83452, 
    47533, 
    63183, 
    36433, 
    73180, 
    0
   ]
  ], 
  "probability_matrix": [
   [
    0, 
    0.17599595899885423, 
    0.2037814872328117, 
    0.0024295715140213526, 
    0.13088624433796392, 
    0.1357735799329706, 
    0.12434393987190617, 
    0.10599746623749985, 
    0.12079175187397206
   ], 
   [
    0.21653383464569387, 
    0, 
    0.15496514404968453, 
    0.0703440465508414, 
    0.1599462817610611, 
    0.12514959117055355, 
    0.05456288123360329, 
    0.20396555955146634, 
    0.014532661037096146
   ], 
   [
    0.1750578924747756, 
    0.0338183381450098, 
    0, 
    0.09267134678054867, 
    0.07958513491115438, 
    0.1484398405936149, 
    0.12847195655509747, 
    0.1421090198333466, 
    0.19984647070645262
   ], 
   [
    0.1491677200400519, 
    0.05058703821662617, 
    0.17641560306463083, 
    0, 
    0.04666186666749403, 
    0.14057030224211792, 
    0.042675548667367905, 
    0.18536381386195583, 
    0.20855810723975535
   ], 
   [
    0.033539689208782995, 
    0.15495340362168036, 
    0.20234823505350183, 
    0.12049693544539311, 
    0, 
    0.05818072339747758, 
    0.07778707782906083, 
    0.1391452411178774, 
    0.21354869432622606
   ], 
   [
    0.10873654928066367, 
    0.11236944989162904, 
    0.13350482947925527, 
    0.014103019347819752, 
    0.17296044933412946, 
    0, 
    0.17821292916393713, 
    0.1516114059753103, 
    0.1285013675272554
   ], 
   [
    0.18862624554930854, 
    0.05897510133757157, 
    0.2090993262465765, 
    0.013263142729900874, 
    0.07204023315048648, 
    0.10149023467103924, 
    0, 
    0.15131380540614509, 
    0.20519191090897174
   ], 
   [
    0.14129446223201098, 
    0.07891636198413488, 
    0.05391740413725276, 
    0.1098395628447019, 
    0.2288682723713058, 
    0.11542237509326739, 
    0.11209327068942203, 
    0, 
    0.15964829064790428
   ], 
   [
    0.13185147976771353, 
    0.1583325675789314, 
    0.22074035865576555, 
    0.040830339467687396, 
    0.22198706858516373, 
    0.17096581914203587, 
    0.0004995098376474354, 
    0.05479285696505497, 
    0
   ]
  ]
 }
}