{
 "distance_matrix": [
  [
   0, 
   591, 
   1373, 
   1206, 
   1598, 
   787, 
   1175, 
   1057, 
   1078
  ], 
  [
   591, 
   0, 
   782, 
   615, 
   1007, 
   196, 
   584, 
   466, 
   487
  ], 
  [
   1373, 
   782, 
   0, 
   465, 
   225, 
   978, 
   646, 
   316, 
   854
  ], 
  [
   1206, 
   615, 
   465, 
   0, 
   521, 
   811, 
   737, 
   149, 
   389
  ], 
  [
   1598, 
   1007, 
   225, 
   521, 
   0, 
   1203, 
   871, 
   541, 
   910
  ], 
  [
   787, 
   196, 
   978, 
   811, 
   1203, 
   0, 
   780, 
   662, 
   683
  ], 
  [
   1175, 
   584, 
   646, 
   737, 
   871, 
   780, 
   0, 
   588, 
   1071
  ], 
  [
   1057, 
   466, 
   316, 
   149, 
   541, 
   662, 
   588, 
   0, 
   538
  ], 
  [
   1078, 
   487, 
   854, 
   389, 
   910, 
   683, 
   1071, 
   538, 
   0
  ]
 ], 
 "runs": [
  {
   "avg_task_cost_vs_number_of_task": [
    8120, 
    5457.5, 
    6161.666666666667, 
    4972.5, 
    3978, 
    3315, 
    3367.8571428571427, 
    2946.875, 
    2660.5555555555557, 
    2394.5, 
    2176.818181818182, 
    1964.5833333333333, 
    1974.6153846153845, 
    1763.5714285714287, 
    1752.6666666666667, 
    1496.5625, 
    1617.3529411764705, 
    1367.2222222222222, 
    1426.578947368421, 
    1453.25, 
    1652.6190476190477, 
    1556.590909090909, 
    1452.1739130434783, 
    1407.9166666666667, 
    1513.8, 
    1303.4615384615386, 
    1499.4444444444443, 
    1393.9285714285713, 
    1498.6206896551723, 
    1411.5
   ], 
   "number_of_vehicles": 2
  }, 
  {
   "avg_task_cost_vs_number_of_task": [
    7215, 
    5005, 
    6161.666666666667, 
    4972.5, 
    3978, 
    3562.5, 
    3054.285714285714, 
    2672.5, 
    2375.5555555555557, 
    2357.5, 
    2194.090909090909, 
    1781.6666666666667, 
    1644.6153846153845, 
    1527.142857142857, 
    1580.3333333333333, 
    1825, 
    1408.5294117647059, 
    1377.2222222222222, 
    1247.6315789473683, 
    1614.25, 
    1569.2857142857142, 
    1401.590909090909, 
    1396.7391304347825, 
    1542.2916666666667, 
    1303.4, 
    1535.1923076923076, 
    1431.851851851852, 
    1438.0357142857142, 
    1268.9655172413793, 
    1451.6666666666667
   ], 
   "number_of_vehicles": 3
  }, 
  {
   "avg_task_cost_vs_number_of_task": [
    6015, 
    3980, 
    5975, 
    4481.25, 
    3755, 
    3455.8333333333335, 
    3014.285714285714, 
    2637.5, 
    2344.4444444444443, 
    2110, 
    1943.6363636363637, 
    1758.3333333333333, 
    1623.076923076923, 
    1527.142857142857, 
    1406.6666666666667, 
    1318.75, 
    1528.8235294117646, 
    1443.888888888889, 
    1213.6842105263158, 
    1411.5, 
    1445.2380952380952, 
    1341.8181818181818, 
    1680.6521739130435, 
    1176.25, 
    1240.4, 
    1499.8076923076924, 
    1239.6296296296296, 
    1105, 
    1235, 
    1442.8333333333333
   ], 
   "number_of_vehicles": 4
  }, 
  {
   "avg_task_cost_vs_number_of_task": [
    6015, 
    3980, 
    4663.333333333333, 
    3710, 
    2968, 
    2800, 
    2841.4285714285716, 
    2591.875, 
    2344.4444444444443, 
    2110, 
    1918.1818181818182, 
    1758.3333333333333, 
    1623.076923076923, 
    1507.142857142857, 
    1579, 
    1404.6875, 
    1241.1764705882354, 
    1172.2222222222222, 
    1330.5263157894738, 
    1611.5, 
    1220, 
    1550, 
    1466.0869565217392, 
    1230.625, 
    1129.2, 
    1360.3846153846155, 
    1196.851851851852, 
    1285.5357142857142, 
    1342.5862068965516, 
    1284.8333333333333
   ], 
   "number_of_vehicles": 5
  }
 ], 
 "vehicle_starting_positions": [
  "Le Havre", 
  "Bordeaux", 
  "Gen\u00e8ve", 
  "Monaco", 
  "Brest", 
  "Lyon", 
  "Strasbourg", 
  "Paris", 
  "Marseille"
 ], 
 "task_distribution": {
  "weight_matrix": [
   [
    0, 
    3, 
    3, 
    3, 
    3, 
    3, 
    3, 
    3, 
    3
   ], 
   [
    3, 
    0, 
    3, 
    3, 
    3, 
    3, 
    3, 
    3, 
    3
   ], 
   [
    3, 
    3, 
    0, 
    3, 
    3, 
    3, 
    3, 
    3, 
    3
   ], 
   [
    3, 
    3, 
    3, 
    0, 
    3, 
    3, 
    3, 
    3, 
    3
   ], 
   [
    3, 
    3, 
    3, 
    3, 
    0, 
    3, 
    3, 
    3, 
    3
   ], 
   [
    3, 
    3, 
    3, 
    3, 
    3, 
    0, 
    3, 
    3, 
    3
   ], 
   [
    3, 
    3, 
    3, 
    3, 
    3, 
    3, 
    0, 
    3, 
    3
   ], 
   [
    3, 
    3, 
    3, 
    3, 
    3, 
    3, 
    3, 
    0, 
    3
   ], 
   [
    3, 
    3, 
    3, 
    3, 
    3, 
    3, 
    3, 
    3, 
    0
   ]
  ], 
  "city_names": [
   "Brest", 
   "Paris", 
   "Marseille", 
   "Gen\u00e8ve", 
   "Monaco", 
   "Le Havre", 
   "Bordeaux", 
   "Lyon", 
   "Strasbourg"
  ], 
  "reward_matrix": [
   [
    0, 
    69526, 
    15612, 
    27125, 
    100, 
    56013, 
    29263, 
    37398, 
    35950
   ], 
   [
    69526, 
    0, 
    56357, 
    67871, 
    40845, 
    96758, 
    70008, 
    78143, 
    76696
   ], 
   [
    15612, 
    56357, 
    0, 
    78212, 
    94759, 
    42844, 
    65734, 
    88485, 
    51393
   ], 
   [
    27125, 
    67871, 
    78212, 
    0, 
    74352, 
    54358, 
    59460, 
    99999, 
    83452
   ], 
   [
    100, 
    40845, 
    94759, 
    74352, 
    0, 
    27332, 
    50221, 
    72973, 
    47533
   ], 
   [
    56013, 
    96758, 
    42844, 
    54358, 
    27332, 
    0, 
    56495, 
    64631, 
    63183
   ], 
   [
    29263, 
    70008, 
    65734, 
    59460, 
    50221, 
    56495, 
    0, 
    69732, 
    36433
   ], 
   [
    37398, 
    78143, 
    88485, 
    99999, 
    72973, 
    64631, 
    69732, 
    0, 
    73180
   ], 
   [
    35950, 
    76696, 
    51393, 
    83452, 
    47533, 
    63183, 
    36433, 
    73180, 
    0
   ]
  ], 
  "probability_matrix": [
   [
    0, 
    0.24082841831238155, 
    0.006951171356934414, 
    0.17624015158631937, 
    0.150309750205116, 
    0.12897598132671562, 
    0.15518510017544287, 
    0.07916475479673861, 
    0.06234467224035151
   ], 
   [
    0.1417387703024209, 
    0, 
    0.16394376711133807, 
    0.1474340659034088, 
    0.0993007799626906, 
    0.23174485145427803, 
    0.03878883683158755, 
    0.004149044628856183, 
    0.1728998838054199
   ], 
   [
    0.15302474411663644, 
    0.05845015130734951, 
    0, 
    0.14330741946392922, 
    0.09663886670242093, 
    0.062825875320379, 
    0.16815757036561665, 
    0.18001295663906497, 
    0.13758241608460334
   ], 
   [
    0.13635809106081506, 
    0.1872177143900331, 
    0.01758982339053932, 
    0, 
    0.014669999979250264, 
    0.118671272905393, 
    0.19735973002346024, 
    0.0745244251797122, 
    0.2536089430707967
   ], 
   [
    0.11575849923870386, 
    0.08854831677851656, 
    0.10040316578663001, 
    0.08592556973014974, 
    0, 
    0.19409689212961165, 
    0.13943401255394514, 
    0.1434378298450773, 
    0.13239571393736563
   ], 
   [
    0.08024762872818916, 
    0.16362141788869602, 
    0.025094551951084888, 
    0.15443280289251313, 
    0.21996554472303356, 
    0, 
    0.16655490280685747, 
    0.022131313255250428, 
    0.16795183775437514
   ], 
   [
    0.184323345505959, 
    0.013126217902916815, 
    0.07239259568612816, 
    0.20157792738093674, 
    0.17569090289102798, 
    0.16323173386044562, 
    0, 
    0.006803534710317931, 
    0.18285374206226768
   ], 
   [
    0.20188934236052097, 
    0.012764106112224801, 
    0.08590030190318387, 
    0.2354938253769773, 
    0.15409312935217795, 
    0.26960531825374395, 
    0.03895213600760937, 
    0, 
    0.0013018406335615633
   ], 
   [
    0.15173342069257986, 
    0.1352002470448833, 
    0.17477234151515791, 
    0.0894277791875065, 
    0.1608007972373174, 
    0.08625426018530949, 
    0.09335946471061972, 
    0.10845168942662595, 
    0
   ]
  ]
 }
}