{
 "vehicle_cost_per_km": [
  5, 
  5, 
  5, 
  5, 
  5
 ], 
 "runs": [
  {
   "avg_task_cost_vs_number_of_task": [
    5035, 
    4707.5, 
    3138.3333333333335, 
    3122.5, 
    2589, 
    2157.5, 
    1849.2857142857142, 
    1618.125, 
    1965, 
    1768.5, 
    1607.7272727272727, 
    1637.0833333333333, 
    1927.3076923076924, 
    1789.642857142857, 
    1713.3333333333333, 
    1565.9375, 
    1473.8235294117646, 
    1427.7777777777778, 
    1352.6315789473683, 
    1401.75, 
    1335, 
    1265.2272727272727, 
    1400.8695652173913, 
    1579.1666666666667, 
    1433.2, 
    1357.5, 
    1279.0740740740741, 
    1286.607142857143, 
    1614.1379310344828, 
    1228.6666666666667
   ], 
   "number_of_vehicles": 2
  }, 
  {
   "avg_task_cost_vs_number_of_task": [
    2330, 
    3355, 
    2236.6666666666665, 
    2766.25, 
    2589, 
    2157.5, 
    1849.2857142857142, 
    1618.125, 
    1882.2222222222222, 
    1768.5, 
    1607.7272727272727, 
    1637.0833333333333, 
    1719.2307692307693, 
    1596.4285714285713, 
    1490, 
    1396.875, 
    1314.7058823529412, 
    1241.6666666666667, 
    1176.3157894736842, 
    1350, 
    1223.8095238095239, 
    1257.2727272727273, 
    1368.4782608695652, 
    1403.75, 
    1269.2, 
    1243.076923076923, 
    1321.111111111111, 
    1276.4285714285713, 
    1094.1379310344828, 
    1269.1666666666667
   ], 
   "number_of_vehicles": 3
  }, 
  {
   "avg_task_cost_vs_number_of_task": [
    2330, 
    3110, 
    2073.3333333333335, 
    2643.75, 
    2589, 
    2157.5, 
    1849.2857142857142, 
    1618.125, 
    1882.2222222222222, 
    1768.5, 
    1607.7272727272727, 
    1637.0833333333333, 
    1719.2307692307693, 
    1596.4285714285713, 
    1490, 
    1396.875, 
    1314.7058823529412, 
    1241.6666666666667, 
    1176.3157894736842, 
    1219.25, 
    1223.8095238095239, 
    1235.909090909091, 
    1469.7826086956522, 
    1385.4166666666667, 
    1533, 
    1369.8076923076924, 
    1347.7777777777778, 
    1133.2142857142858, 
    1271.551724137931, 
    1123
   ], 
   "number_of_vehicles": 4
  }, 
  {
   "avg_task_cost_vs_number_of_task": [
    2330, 
    3110, 
    2073.3333333333335, 
    2643.75, 
    2529, 
    2157.5, 
    1849.2857142857142, 
    1618.125, 
    1882.2222222222222, 
    1768.5, 
    1607.7272727272727, 
    1637.0833333333333, 
    1719.2307692307693, 
    1596.4285714285713, 
    1490, 
    1396.875, 
    1314.7058823529412, 
    1241.6666666666667, 
    1176.3157894736842, 
    1233.75, 
    1355.952380952381, 
    1168.1818181818182, 
    1415.8695652173913, 
    1389.375, 
    1322.6, 
    1220.3846153846155, 
    1415.9259259259259, 
    1326.0714285714287, 
    1216.0344827586207, 
    1297.5
   ], 
   "number_of_vehicles": 5
  }
 ], 
 "vehicle_starting_positions": [
  "Monaco", 
  "Brest", 
  "Lyon", 
  "Gen\u00e8ve", 
  "Marseille", 
  "Le Havre", 
  "Bordeaux", 
  "Strasbourg", 
  "Paris"
 ], 
 "task_distribution": {
  "distance_matrix": [
   [
    0, 
    591, 
    1373, 
    1206, 
    1598, 
    787, 
    1175, 
    1057, 
    1078
   ], 
   [
    591, 
    0, 
    782, 
    615, 
    1007, 
    196, 
    584, 
    466, 
    487
   ], 
   [
    1373, 
    782, 
    0, 
    465, 
    225, 
    978, 
    646, 
    316, 
    854
   ], 
   [
    1206, 
    615, 
    465, 
    0, 
    521, 
    811, 
    737, 
    149, 
    389
   ], 
   [
    1598, 
    1007, 
    225, 
    521, 
    0, 
    1203, 
    871, 
    541, 
    910
   ], 
   [
    787, 
    196, 
    978, 
    811, 
    1203, 
    0, 
    780, 
    662, 
    683
   ], 
   [
    1175, 
    584, 
    646, 
    737, 
    871, 
    780, 
    0, 
    588, 
    1071
   ], 
   [
    1057, 
    466, 
    316, 
    149, 
    541, 
    662, 
    588, 
    0, 
    538
   ], 
   [
    1078, 
    487, 
    854, 
    389, 
    910, 
    683, 
    1071, 
    538, 
    0
   ]
  ], 
  "weight_matrix": [
   [
    0, 
    3, 
    3, 
    3, 
    3, 
    3, 
    3, 
    3, 
    3
   ], 
   [
    3, 
    0, 
    3, 
    3, 
    3, 
    3, 
    3, 
    3, 
    3
   ], 
   [
    3, 
    3, 
    0, 
    3, 
    3, 
    3, 
    3, 
    3, 
    3
   ], 
   [
    3, 
    3, 
    3, 
    0, 
    3, 
    3, 
    3, 
    3, 
    3
   ], 
   [
    3, 
    3, 
    3, 
    3, 
    0, 
    3, 
    3, 
    3, 
    3
   ], 
   [
    3, 
    3, 
    3, 
    3, 
    3, 
    0, 
    3, 
    3, 
    3
   ], 
   [
    3, 
    3, 
    3, 
    3, 
    3, 
    3, 
    0, 
    3, 
    3
   ], 
   [
    3, 
    3, 
    3, 
    3, 
    3, 
    3, 
    3, 
    0, 
    3
   ], 
   [
    3, 
    3, 
    3, 
    3, 
    3, 
    3, 
    3, 
    3, 
    0
   ]
  ], 
  "city_names": [
   "Brest", 
   "Paris", 
   "Marseille", 
   "Gen\u00e8ve", 
   "Monaco", 
   "Le Havre", 
   "Bordeaux", 
   "Lyon", 
   "Strasbourg"
  ], 
  "reward_matrix": [
   [
    0, 
    69526, 
    15612, 
    27125, 
    100, 
    56013, 
    29263, 
    37398, 
    35950
   ], 
   [
    69526, 
    0, 
    56357, 
    67871, 
    40845, 
    96758, 
    70008, 
    78143, 
    76696
   ], 
   [
    15612, 
    56357, 
    0, 
    78212, 
    94759, 
    42844, 
    65734, 
    88485, 
    51393
   ], 
   [
    27125, 
    67871, 
    78212, 
    0, 
    74352, 
    54358, 
    59460, 
    99999, 
    83452
   ], 
   [
    100, 
    40845, 
    94759, 
    74352, 
    0, 
    27332, 
    50221, 
    72973, 
    47533
   ], 
   [
    56013, 
    96758, 
    42844, 
    54358, 
    27332, 
    0, 
    56495, 
    64631, 
    63183
   ], 
   [
    29263, 
    70008, 
    65734, 
    59460, 
    50221, 
    56495, 
    0, 
    69732, 
    36433
   ], 
   [
    37398, 
    78143, 
    88485, 
    99999, 
    72973, 
    64631, 
    69732, 
    0, 
    73180
   ], 
   [
    35950, 
    76696, 
    51393, 
    83452, 
    47533, 
    63183, 
    36433, 
    73180, 
    0
   ]
  ], 
  "probability_matrix": [
   [
    0, 
    0.019743553789181502, 
    0.1691262921481928, 
    0.022520624429068218, 
    0.13791741486342052, 
    0.11617137424695627, 
    0.1463499427606938, 
    0.21983083939416811, 
    0.16833995836831886
   ], 
   [
    0.15523353615187174, 
    0, 
    0.20574941547212214, 
    0.20977720447108839, 
    0.08601055055877532, 
    0.18425861820160117, 
    0.1458856963293739, 
    0.0039309895569972384, 
    0.009153989258170155
   ], 
   [
    0.08060711720916333, 
    0.005687495283766612, 
    0, 
    0.19249644218992015, 
    0.1528328785519475, 
    0.18798027584962726, 
    0.1451252593231901, 
    0.15402295720194747, 
    0.08124757439043766
   ], 
   [
    0.11354107426740641, 
    0.145200120232909, 
    0.15312569705390147, 
    0, 
    0.06457737062823521, 
    0.2699979847881943, 
    0.13633921099531807, 
    0.02111947786809638, 
    0.09609906416593923
   ], 
   [
    0.021380470325997897, 
    0.27003262506932435, 
    0.08829145165986191, 
    0.10202903585633938, 
    0, 
    0.1649496862791412, 
    0.19562761539731804, 
    0.14042347520571707, 
    0.0172656402063002
   ], 
   [
    0.18878388316109115, 
    0.0026889901873798686, 
    0.053124150350397865, 
    0.1980329561421685, 
    0.08319076410051865, 
    0, 
    0.06809928366442668, 
    0.22218024443308995, 
    0.18389972796092732
   ], 
   [
    0.030120338235823912, 
    0.10034366224467609, 
    0.11609749515326881, 
    0.2222700867003298, 
    0.11672562814283939, 
    0.05114218607086845, 
    0, 
    0.18595242831776135, 
    0.17734817513443224
   ], 
   [
    0.1361781545870779, 
    0.18591125109392567, 
    0.017585413285127093, 
    0.1984550651573261, 
    0.1806100793843783, 
    0.2141695994505351, 
    0.04061519466796216, 
    0, 
    0.026475242373667524
   ], 
   [
    0.21849438736664595, 
    0.01238041098677267, 
    0.08275460922658852, 
    0.19319548437121517, 
    0.0374624748967903, 
    0.2396357478128981, 
    0.048760867768573996, 
    0.16731601757051512, 
    0
   ]
  ]
 }, 
 "vehicle_capacities": [
  30, 
  30, 
  30, 
  30, 
  30
 ]
}