{
 "vehicle_cost_per_km": [
  5, 
  5, 
  5, 
  5, 
  5
 ], 
 "runs": [
  {
   "avg_task_cost_vs_number_of_task": [
    636.5, 
    474, 
    508.66666666666674, 
    452, 
    576.5, 
    532.3333333333334, 
    490.92857142857144, 
    524.125, 
    421.72222222222223, 
    413.05, 
    402.8181818181818, 
    366.125, 
    367.53846153846155, 
    332.8928571428572, 
    315.1333333333333, 
    398.4375, 
    298.7058823529412, 
    268.9444444444445, 
    312.86842105263156, 
    276.54999999999995, 
    321.33333333333337, 
    282.06818181818176, 
    286.91304347826093, 
    275.5208333333333, 
    289.28, 
    259.2692307692308, 
    233.59259259259258, 
    251.98214285714286, 
    202.39655172413794, 
    238.06666666666666
   ], 
   "number_of_vehicles": 5
  }
 ], 
 "vehicle_starting_positions": [
  "Amsterdam", 
  "Rotterdam", 
  "Den Haag", 
  "Utrecht", 
  "Eindhoven", 
  "Almere", 
  "Groningen", 
  "Nijmegen", 
  "Breda", 
  "Apeldoorn"
 ], 
 "task_distribution": {
  "distance_matrix": [
   [
    0, 
    90.6, 
    65.2, 
    45.6, 
    137.5, 
    31.9, 
    185.9, 
    132, 
    119.1, 
    90.2
   ], 
   [
    90.6, 
    0, 
    25.4, 
    62.3, 
    110.8, 
    105.6, 
    259.6, 
    112, 
    48.6, 
    129.3
   ], 
   [
    65.2, 
    25.4, 
    0, 
    87.7, 
    136.2, 
    97.1, 
    251.1, 
    137.4, 
    74, 
    154.7
   ], 
   [
    45.6, 
    62.3, 
    87.7, 
    0, 
    91.9, 
    43.3, 
    197.3, 
    86.4, 
    73.5, 
    67
   ], 
   [
    137.5, 
    110.8, 
    136.2, 
    91.9, 
    0, 
    135.2, 
    268.3, 
    70.2, 
    62.2, 
    127.3
   ], 
   [
    31.9, 
    105.6, 
    97.1, 
    43.3, 
    135.2, 
    0, 
    154, 
    129.7, 
    116.8, 
    80.1
   ], 
   [
    185.9, 
    259.6, 
    251.1, 
    197.3, 
    268.3, 
    154, 
    0, 
    198.1, 
    270.8, 
    141
   ], 
   [
    132, 
    112, 
    137.4, 
    86.4, 
    70.2, 
    129.7, 
    198.1, 
    0, 
    96.2, 
    57.1
   ], 
   [
    119.1, 
    48.6, 
    74, 
    73.5, 
    62.2, 
    116.8, 
    270.8, 
    96.2, 
    0, 
    140.5
   ], 
   [
    90.2, 
    129.3, 
    154.7, 
    67, 
    127.3, 
    80.1, 
    141, 
    57.1, 
    140.5, 
    0
   ]
  ], 
  "weight_matrix": [
   [
    0, 
    3, 
    3, 
    3, 
    3, 
    3, 
    3, 
    3, 
    3, 
    3
   ], 
   [
    3, 
    0, 
    3, 
    3, 
    3, 
    3, 
    3, 
    3, 
    3, 
    3
   ], 
   [
    3, 
    3, 
    0, 
    3, 
    3, 
    3, 
    3, 
    3, 
    3, 
    3
   ], 
   [
    3, 
    3, 
    3, 
    0, 
    3, 
    3, 
    3, 
    3, 
    3, 
    3
   ], 
   [
    3, 
    3, 
    3, 
    3, 
    0, 
    3, 
    3, 
    3, 
    3, 
    3
   ], 
   [
    3, 
    3, 
    3, 
    3, 
    3, 
    0, 
    3, 
    3, 
    3, 
    3
   ], 
   [
    3, 
    3, 
    3, 
    3, 
    3, 
    3, 
    0, 
    3, 
    3, 
    3
   ], 
   [
    3, 
    3, 
    3, 
    3, 
    3, 
    3, 
    3, 
    0, 
    3, 
    3
   ], 
   [
    3, 
    3, 
    3, 
    3, 
    3, 
    3, 
    3, 
    3, 
    0, 
    3
   ], 
   [
    3, 
    3, 
    3, 
    3, 
    3, 
    3, 
    3, 
    3, 
    3, 
    0
   ]
  ], 
  "city_names": [
   "Amsterdam", 
   "Rotterdam", 
   "Den Haag", 
   "Utrecht", 
   "Eindhoven", 
   "Almere", 
   "Groningen", 
   "Nijmegen", 
   "Breda", 
   "Apeldoorn"
  ], 
  "reward_matrix": [
   [
    0, 
    73456, 
    83796, 
    91775, 
    54364, 
    97352, 
    34661, 
    56603, 
    61855, 
    73619
   ], 
   [
    73456, 
    0, 
    99999, 
    84977, 
    65233, 
    67350, 
    4659, 
    64745, 
    90554, 
    57702
   ], 
   [
    83796, 
    99999, 
    0, 
    74637, 
    54893, 
    70810, 
    8119, 
    54405, 
    80214, 
    47362
   ], 
   [
    91775, 
    84977, 
    74637, 
    0, 
    72927, 
    92712, 
    30020, 
    75166, 
    80418, 
    83064
   ], 
   [
    54364, 
    65233, 
    54893, 
    72927, 
    0, 
    55300, 
    1117, 
    81761, 
    85018, 
    58516
   ], 
   [
    97352, 
    67350, 
    70810, 
    92712, 
    55300, 
    0, 
    47647, 
    57539, 
    62791, 
    77731
   ], 
   [
    34661, 
    4659, 
    8119, 
    30020, 
    1117, 
    47647, 
    0, 
    29695, 
    100, 
    52939
   ], 
   [
    56603, 
    64745, 
    54405, 
    75166, 
    81761, 
    57539, 
    29695, 
    0, 
    71177, 
    87094
   ], 
   [
    61855, 
    90554, 
    80214, 
    80418, 
    85018, 
    62791, 
    100, 
    71177, 
    0, 
    53143
   ], 
   [
    73619, 
    57702, 
    47362, 
    83064, 
    58516, 
    77731, 
    52939, 
    87094, 
    53143, 
    0
   ]
  ], 
  "probability_matrix": [
   [
    0, 
    0.03610870687353996, 
    0.17485204793399953, 
    0.1496124046305738, 
    0.17220004192917443, 
    0.015703825077774493, 
    0.16417024000875177, 
    0.031070025070609457, 
    0.1602714579736573, 
    0.09601125050191936
   ], 
   [
    0.09455165703005597, 
    0, 
    0.011442033370478534, 
    0.05160092236380845, 
    0.20991468334807747, 
    0.1250638198791936, 
    0.17798559727514712, 
    0.0681752457288691, 
    0.08922994378683895, 
    0.17203609721753066
   ], 
   [
    0.14367578719385418, 
    0.10692680714859513, 
    0, 
    0.10687120292977147, 
    0.11295260200842563, 
    0.13914071987793042, 
    0.011528284503863789, 
    0.03474305307652074, 
    0.1437701382745586, 
    0.20039140498647995
   ], 
   [
    0.135281312574889, 
    0.06786676619948025, 
    0.16644481168745287, 
    0, 
    0.08868320900962051, 
    0.07810820088310515, 
    0.007054773064388142, 
    0.20617774647771978, 
    0.15465040650380693, 
    0.09573277359953734
   ], 
   [
    0.04296725908231951, 
    0.1606114155311055, 
    0.025529799682755688, 
    0.04453040753215633, 
    0, 
    0.20302035014080122, 
    0.0039415089483052475, 
    0.11120193925266875, 
    0.2280591402679412, 
    0.1801381795619465
   ], 
   [
    0.20073991165675434, 
    0.033787445803326835, 
    0.029009893368257343, 
    0.10333510659606907, 
    0.04303215413583494, 
    0, 
    0.20793241697791762, 
    0.0067892861260077505, 
    0.1884394161413775, 
    0.18693436919445444
   ], 
   [
    0.022269349363338357, 
    0.07461637217476624, 
    0.09516418482384498, 
    0.026446443095624998, 
    0.18962633761161737, 
    0.09013852348651233, 
    0, 
    0.21433750377578117, 
    0.07309104697788515, 
    0.21431023869062943
   ], 
   [
    0.16194427414931975, 
    0.1117659868033972, 
    0.05185262860628068, 
    0.10927637592815102, 
    0.15053328272934047, 
    0.03360331299414179, 
    0.1632922641860857, 
    0, 
    0.19312497016392055, 
    0.024606904439362972
   ], 
   [
    0.19037992555266775, 
    0.0779709326367352, 
    0.1994470986065407, 
    0.0444847759832537, 
    0.21029597184288568, 
    0.0065083099796842524, 
    0.11836379373317282, 
    0.05018409116746955, 
    0, 
    0.10236510049759028
   ], 
   [
    0.019394417543055188, 
    0.0899289227736675, 
    0.0024559380195656355, 
    0.022689156981161866, 
    0.21279083812502106, 
    0.0507221418297967, 
    0.2534194399909431, 
    0.13159082458663648, 
    0.21700832015015242, 
    0
   ]
  ]
 }, 
 "vehicle_capacities": [
  10, 
  15, 
  15, 
  20, 
  30, 
  30, 
  30, 
  30, 
  30, 
  30
 ]
}