{
 "vehicle_cost_per_km": [
  5, 
  5, 
  5, 
  5, 
  5
 ], 
 "runs": [
  {
   "avg_task_cost_vs_number_of_task": [
    1255.5, 
    870.75, 
    765.1666666666666, 
    735.125, 
    596, 
    496.6666666666667, 
    428.2142857142857, 
    393.875, 
    357.6666666666667, 
    321.9, 
    291.6818181818182, 
    281.625, 
    311.57692307692304, 
    295.39285714285717, 
    277, 
    260.71874999999994, 
    289.5882352941176, 
    262.8333333333333, 
    259.10526315789474, 
    264.1, 
    242.57142857142858, 
    222.11363636363637, 
    230.7826086956522, 
    210.93750000000003, 
    261.64, 
    253.50000000000003, 
    225.68518518518516, 
    242.66071428571428, 
    252.06896551724137, 
    235.1166666666667
   ], 
   "number_of_vehicles": 5
  }
 ], 
 "vehicle_starting_positions": [
  "Amsterdam", 
  "Rotterdam", 
  "Den Haag", 
  "Utrecht", 
  "Eindhoven", 
  "Almere", 
  "Groningen", 
  "Nijmegen", 
  "Breda", 
  "Apeldoorn"
 ], 
 "task_distribution": {
  "distance_matrix": [
   [
    0, 
    90.6, 
    65.2, 
    45.6, 
    137.5, 
    31.9, 
    185.9, 
    132, 
    119.1, 
    90.2
   ], 
   [
    90.6, 
    0, 
    25.4, 
    62.3, 
    110.8, 
    105.6, 
    259.6, 
    112, 
    48.6, 
    129.3
   ], 
   [
    65.2, 
    25.4, 
    0, 
    87.7, 
    136.2, 
    97.1, 
    251.1, 
    137.4, 
    74, 
    154.7
   ], 
   [
    45.6, 
    62.3, 
    87.7, 
    0, 
    91.9, 
    43.3, 
    197.3, 
    86.4, 
    73.5, 
    67
   ], 
   [
    137.5, 
    110.8, 
    136.2, 
    91.9, 
    0, 
    135.2, 
    268.3, 
    70.2, 
    62.2, 
    127.3
   ], 
   [
    31.9, 
    105.6, 
    97.1, 
    43.3, 
    135.2, 
    0, 
    154, 
    129.7, 
    116.8, 
    80.1
   ], 
   [
    185.9, 
    259.6, 
    251.1, 
    197.3, 
    268.3, 
    154, 
    0, 
    198.1, 
    270.8, 
    141
   ], 
   [
    132, 
    112, 
    137.4, 
    86.4, 
    70.2, 
    129.7, 
    198.1, 
    0, 
    96.2, 
    57.1
   ], 
   [
    119.1, 
    48.6, 
    74, 
    73.5, 
    62.2, 
    116.8, 
    270.8, 
    96.2, 
    0, 
    140.5
   ], 
   [
    90.2, 
    129.3, 
    154.7, 
    67, 
    127.3, 
    80.1, 
    141, 
    57.1, 
    140.5, 
    0
   ]
  ], 
  "weight_matrix": [
   [
    0, 
    3, 
    3, 
    3, 
    3, 
    3, 
    3, 
    3, 
    3, 
    3
   ], 
   [
    3, 
    0, 
    3, 
    3, 
    3, 
    3, 
    3, 
    3, 
    3, 
    3
   ], 
   [
    3, 
    3, 
    0, 
    3, 
    3, 
    3, 
    3, 
    3, 
    3, 
    3
   ], 
   [
    3, 
    3, 
    3, 
    0, 
    3, 
    3, 
    3, 
    3, 
    3, 
    3
   ], 
   [
    3, 
    3, 
    3, 
    3, 
    0, 
    3, 
    3, 
    3, 
    3, 
    3
   ], 
   [
    3, 
    3, 
    3, 
    3, 
    3, 
    0, 
    3, 
    3, 
    3, 
    3
   ], 
   [
    3, 
    3, 
    3, 
    3, 
    3, 
    3, 
    0, 
    3, 
    3, 
    3
   ], 
   [
    3, 
    3, 
    3, 
    3, 
    3, 
    3, 
    3, 
    0, 
    3, 
    3
   ], 
   [
    3, 
    3, 
    3, 
    3, 
    3, 
    3, 
    3, 
    3, 
    0, 
    3
   ], 
   [
    3, 
    3, 
    3, 
    3, 
    3, 
    3, 
    3, 
    3, 
    3, 
    0
   ]
  ], 
  "city_names": [
   "Amsterdam", 
   "Rotterdam", 
   "Den Haag", 
   "Utrecht", 
   "Eindhoven", 
   "Almere", 
   "Groningen", 
   "Nijmegen", 
   "Breda", 
   "Apeldoorn"
  ], 
  "reward_matrix": [
   [
    0, 
    73456, 
    83796, 
    91775, 
    54364, 
    97352, 
    34661, 
    56603, 
    61855, 
    73619
   ], 
   [
    73456, 
    0, 
    99999, 
    84977, 
    65233, 
    67350, 
    4659, 
    64745, 
    90554, 
    57702
   ], 
   [
    83796, 
    99999, 
    0, 
    74637, 
    54893, 
    70810, 
    8119, 
    54405, 
    80214, 
    47362
   ], 
   [
    91775, 
    84977, 
    74637, 
    0, 
    72927, 
    92712, 
    30020, 
    75166, 
    80418, 
    83064
   ], 
   [
    54364, 
    65233, 
    54893, 
    72927, 
    0, 
    55300, 
    1117, 
    81761, 
    85018, 
    58516
   ], 
   [
    97352, 
    67350, 
    70810, 
    92712, 
    55300, 
    0, 
    47647, 
    57539, 
    62791, 
    77731
   ], 
   [
    34661, 
    4659, 
    8119, 
    30020, 
    1117, 
    47647, 
    0, 
    29695, 
    100, 
    52939
   ], 
   [
    56603, 
    64745, 
    54405, 
    75166, 
    81761, 
    57539, 
    29695, 
    0, 
    71177, 
    87094
   ], 
   [
    61855, 
    90554, 
    80214, 
    80418, 
    85018, 
    62791, 
    100, 
    71177, 
    0, 
    53143
   ], 
   [
    73619, 
    57702, 
    47362, 
    83064, 
    58516, 
    77731, 
    52939, 
    87094, 
    53143, 
    0
   ]
  ], 
  "probability_matrix": [
   [
    0, 
    0.05328657074091398, 
    0.11352721967056911, 
    0.17976005522107127, 
    0.04005220242638126, 
    0.08918503743375815, 
    0.08018421950895412, 
    0.19645248234074722, 
    0.09217052178692306, 
    0.15538169087068174
   ], 
   [
    0.1293471577819035, 
    0, 
    0.12253778352569712, 
    0.19968554942646566, 
    0.09056451419773423, 
    0.05941058940423816, 
    0.07607435865882074, 
    0.04530085693137851, 
    0.0863802526228797, 
    0.19069893745088232
   ], 
   [
    0.18769181384018646, 
    0.08938330557757217, 
    0, 
    0.2483428530583944, 
    0.1298663723680739, 
    0.14077005822277408, 
    0.048789346286921144, 
    0.0062737780620587946, 
    0.11295556480588798, 
    0.03592690777813111
   ], 
   [
    0.16813562110062594, 
    0.14990633327649705, 
    0.10716228113596524, 
    0, 
    0.08232942955205128, 
    0.129526057965024, 
    0.2003438186599696, 
    0.05586766494190814, 
    0.08249158651449938, 
    0.02423720685345954
   ], 
   [
    0.14854734751666793, 
    0.020695224528775633, 
    0.09207838858585743, 
    0.1381924257349054, 
    0, 
    0.167699827380368, 
    0.11793496480978642, 
    0.04649688787156395, 
    0.08264387476944343, 
    0.18571105880263172
   ], 
   [
    0.2063834617193156, 
    0.08360768416576206, 
    0.09725037893853794, 
    0.18041778588884405, 
    0.14954424909045638, 
    0, 
    0.13971948804288095, 
    0.021799894306245828, 
    0.046583185517403494, 
    0.07469387233055395
   ], 
   [
    0.15858275431364827, 
    0.22254680751095793, 
    0.00011962579991982017, 
    0.2028220882606042, 
    0.008915762610934535, 
    0.04667270409227741, 
    0, 
    0.09065623366813501, 
    0.17023991619962692, 
    0.09944410754389596
   ], 
   [
    0.21297891674196895, 
    0.1799648758819786, 
    0.07320433592997967, 
    0.008097355389565158, 
    0.17318352439305137, 
    0.16696140320205138, 
    0.04027009784891825, 
    0, 
    0.13589617954569252, 
    0.009443311066794012
   ], 
   [
    0.046378251357907664, 
    0.17044661821883406, 
    0.12416330807408672, 
    0.1447072080466398, 
    0.13632965381867024, 
    0.03383031780003556, 
    0.07202928997628916, 
    0.16324518994354456, 
    0, 
    0.1088701627639924
   ], 
   [
    0.19309083000730443, 
    0.008922505435299424, 
    0.003698783765058197, 
    0.19982531090111919, 
    0.09614121682487961, 
    0.07627928719660595, 
    0.2283383695514637, 
    0.09772911794344788, 
    0.09597457837482176, 
    0
   ]
  ]
 }, 
 "vehicle_capacities": [
  5, 
  5, 
  5, 
  10, 
  20, 
  30, 
  30, 
  30, 
  30, 
  30
 ]
}