{
 "vehicle_cost_per_km": [
  5, 
  5, 
  5, 
  5, 
  5, 
  5, 
  5, 
  5, 
  5, 
  5
 ], 
 "runs": [
  {
   "avg_task_cost_vs_number_of_task": [
    560, 
    508, 
    458.1666666666667, 
    405.5, 
    413.8, 
    475.0833333333333, 
    412.57142857142856, 
    418.375, 
    436.5555555555556, 
    392.90000000000003, 
    399.3636363636364, 
    354.5833333333334, 
    337.07692307692315, 
    344.07142857142856, 
    389.36666666666673, 
    333.09375, 
    304.8235294117647, 
    348.6388888888888, 
    318.34210526315786, 
    292.375, 
    305.4761904761905, 
    287.75, 
    318.4782608695652, 
    312.2708333333333, 
    298.5800000000001, 
    268.6923076923077, 
    268.25925925925924, 
    312.35714285714283, 
    260.3103448275862, 
    277.45
   ], 
   "number_of_vehicles": 3
  }
 ], 
 "vehicle_starting_positions": [
  "Amsterdam", 
  "Rotterdam", 
  "Den Haag", 
  "Utrecht", 
  "Eindhoven", 
  "Almere", 
  "Groningen", 
  "Nijmegen", 
  "Breda", 
  "Apeldoorn"
 ], 
 "task_distribution": {
  "distance_matrix": [
   [
    0, 
    90.6, 
    65.2, 
    45.6, 
    137.5, 
    31.9, 
    185.9, 
    132, 
    119.1, 
    90.2
   ], 
   [
    90.6, 
    0, 
    25.4, 
    62.3, 
    110.8, 
    105.6, 
    259.6, 
    112, 
    48.6, 
    129.3
   ], 
   [
    65.2, 
    25.4, 
    0, 
    87.7, 
    136.2, 
    97.1, 
    251.1, 
    137.4, 
    74, 
    154.7
   ], 
   [
    45.6, 
    62.3, 
    87.7, 
    0, 
    91.9, 
    43.3, 
    197.3, 
    86.4, 
    73.5, 
    67
   ], 
   [
    137.5, 
    110.8, 
    136.2, 
    91.9, 
    0, 
    135.2, 
    268.3, 
    70.2, 
    62.2, 
    127.3
   ], 
   [
    31.9, 
    105.6, 
    97.1, 
    43.3, 
    135.2, 
    0, 
    154, 
    129.7, 
    116.8, 
    80.1
   ], 
   [
    185.9, 
    259.6, 
    251.1, 
    197.3, 
    268.3, 
    154, 
    0, 
    198.1, 
    270.8, 
    141
   ], 
   [
    132, 
    112, 
    137.4, 
    86.4, 
    70.2, 
    129.7, 
    198.1, 
    0, 
    96.2, 
    57.1
   ], 
   [
    119.1, 
    48.6, 
    74, 
    73.5, 
    62.2, 
    116.8, 
    270.8, 
    96.2, 
    0, 
    140.5
   ], 
   [
    90.2, 
    129.3, 
    154.7, 
    67, 
    127.3, 
    80.1, 
    141, 
    57.1, 
    140.5, 
    0
   ]
  ], 
  "weight_matrix": [
   [
    0, 
    3, 
    3, 
    3, 
    3, 
    3, 
    3, 
    3, 
    3, 
    3
   ], 
   [
    3, 
    0, 
    3, 
    3, 
    3, 
    3, 
    3, 
    3, 
    3, 
    3
   ], 
   [
    3, 
    3, 
    0, 
    3, 
    3, 
    3, 
    3, 
    3, 
    3, 
    3
   ], 
   [
    3, 
    3, 
    3, 
    0, 
    3, 
    3, 
    3, 
    3, 
    3, 
    3
   ], 
   [
    3, 
    3, 
    3, 
    3, 
    0, 
    3, 
    3, 
    3, 
    3, 
    3
   ], 
   [
    3, 
    3, 
    3, 
    3, 
    3, 
    0, 
    3, 
    3, 
    3, 
    3
   ], 
   [
    3, 
    3, 
    3, 
    3, 
    3, 
    3, 
    0, 
    3, 
    3, 
    3
   ], 
   [
    3, 
    3, 
    3, 
    3, 
    3, 
    3, 
    3, 
    0, 
    3, 
    3
   ], 
   [
    3, 
    3, 
    3, 
    3, 
    3, 
    3, 
    3, 
    3, 
    0, 
    3
   ], 
   [
    3, 
    3, 
    3, 
    3, 
    3, 
    3, 
    3, 
    3, 
    3, 
    0
   ]
  ], 
  "city_names": [
   "Amsterdam", 
   "Rotterdam", 
   "Den Haag", 
   "Utrecht", 
   "Eindhoven", 
   "Almere", 
   "Groningen", 
   "Nijmegen", 
   "Breda", 
   "Apeldoorn"
  ], 
  "reward_matrix": [
   [
    0, 
    73456, 
    83796, 
    91775, 
    54364, 
    97352, 
    34661, 
    56603, 
    61855, 
    73619
   ], 
   [
    73456, 
    0, 
    99999, 
    84977, 
    65233, 
    67350, 
    4659, 
    64745, 
    90554, 
    57702
   ], 
   [
    83796, 
    99999, 
    0, 
    74637, 
    54893, 
    70810, 
    8119, 
    54405, 
    80214, 
    47362
   ], 
   [
    91775, 
    84977, 
    74637, 
    0, 
    72927, 
    92712, 
    30020, 
    75166, 
    80418, 
    83064
   ], 
   [
    54364, 
    65233, 
    54893, 
    72927, 
    0, 
    55300, 
    1117, 
    81761, 
    85018, 
    58516
   ], 
   [
    97352, 
    67350, 
    70810, 
    92712, 
    55300, 
    0, 
    47647, 
    57539, 
    62791, 
    77731
   ], 
   [
    34661, 
    4659, 
    8119, 
    30020, 
    1117, 
    47647, 
    0, 
    29695, 
    100, 
    52939
   ], 
   [
    56603, 
    64745, 
    54405, 
    75166, 
    81761, 
    57539, 
    29695, 
    0, 
    71177, 
    87094
   ], 
   [
    61855, 
    90554, 
    80214, 
    80418, 
    85018, 
    62791, 
    100, 
    71177, 
    0, 
    53143
   ], 
   [
    73619, 
    57702, 
    47362, 
    83064, 
    58516, 
    77731, 
    52939, 
    87094, 
    53143, 
    0
   ]
  ], 
  "probability_matrix": [
   [
    0, 
    0.03412227343122965, 
    0.19212684747555936, 
    0.09267035819694903, 
    0.1290592697430061, 
    0.04593972745787356, 
    0.18487258206538096, 
    0.1438920383912482, 
    0.08779495568103052, 
    0.08952194755772247
   ], 
   [
    0.15353475671236058, 
    0, 
    0.1494605116607607, 
    0.1714106053573724, 
    0.056593537485928776, 
    0.0878929732007088, 
    0.006064337973361917, 
    0.11132631357828271, 
    0.17734052143420156, 
    0.08637644259702285
   ], 
   [
    0.05991930271868791, 
    0.16697094720138278, 
    0, 
    0.10107189899563584, 
    0.16753592818130003, 
    0.03172361157391144, 
    0.07998298753399266, 
    0.16964684112719677, 
    0.12702990228084274, 
    0.09611858038704973
   ], 
   [
    0.12586415120733588, 
    0.07880555968721878, 
    0.1585615118180085, 
    0, 
    0.11567020931202263, 
    0.09088128218551995, 
    0.134757303919504, 
    0.12413470610558157, 
    0.15655706010856318, 
    0.014768215656245521
   ], 
   [
    0.08529327140076642, 
    0.11951648915312026, 
    0.036866158388175675, 
    0.10998143142953137, 
    0, 
    0.026999284333426105, 
    0.06696278812089358, 
    0.2093013623597897, 
    0.21545194199996504, 
    0.12962727281433198
   ], 
   [
    0.09392650899163016, 
    0.17268895552513053, 
    0.09880250059696144, 
    0.21411973693554928, 
    0.042798590662631246, 
    0, 
    0.1906402139861832, 
    0.15238241337240352, 
    0.01619157348983532, 
    0.018449506439675214
   ], 
   [
    0.06280739218846683, 
    0.1277580560882585, 
    0.023062585200099236, 
    0.06438620906787669, 
    0.19807517378852735, 
    0.1808259429268673, 
    0, 
    0.08435678489798774, 
    0.0766529232892092, 
    0.1820749325527072
   ], 
   [
    0.04816510779777611, 
    0.15869374615160894, 
    0.10974929355451192, 
    0.15345413563380592, 
    0.024335615956354393, 
    0.18869460281127623, 
    0.10131115522311232, 
    0, 
    0.15191705093628094, 
    0.06367929193527318
   ], 
   [
    0.08861079217507922, 
    0.12876957316575346, 
    0.13290271379404836, 
    0.08785754529221802, 
    0.09344115614550591, 
    0.06470181120041003, 
    0.09856461544605512, 
    0.15111062033446887, 
    0, 
    0.15404117244646104
   ], 
   [
    0.09983213274142845, 
    0.15667386013763168, 
    0.13374881876228012, 
    0.05206808048137518, 
    0.13040238335552684, 
    0.01901360713688883, 
    0.14619549913936453, 
    0.14192322217243827, 
    0.12014239607306619, 
    0
   ]
  ]
 }, 
 "vehicle_capacities": [
  15, 
  15, 
  15, 
  5, 
  20, 
  30, 
  30, 
  30, 
  30, 
  30
 ]
}