{
 "vehicle_cost_per_km": [
  5, 
  5, 
  5, 
  5, 
  5
 ], 
 "runs": [
  {
   "avg_task_cost_vs_number_of_task": [
    687.5, 
    620.75, 
    571, 
    471, 
    442, 
    396.5833333333333, 
    353.9285714285714, 
    309.68749999999994, 
    414.77777777777777, 
    373.29999999999995, 
    339.3636363636363, 
    311.0833333333333, 
    300.3076923076923, 
    299.4642857142857, 
    271.8666666666666, 
    275.03125, 
    250.76470588235293, 
    239.77777777777777, 
    245.18421052631578, 
    262.3, 
    221.04761904761904, 
    217.3181818181818, 
    231.69565217391303, 
    269.4375, 
    238.14, 
    245.5, 
    219.6851851851852, 
    211.03571428571422, 
    232.51724137931035, 
    213.43333333333334
   ], 
   "number_of_vehicles": 5
  }
 ], 
 "vehicle_starting_positions": [
  "Amsterdam", 
  "Rotterdam", 
  "Den Haag", 
  "Utrecht", 
  "Eindhoven", 
  "Almere", 
  "Groningen", 
  "Nijmegen", 
  "Breda", 
  "Apeldoorn"
 ], 
 "task_distribution": {
  "distance_matrix": [
   [
    0, 
    90.6, 
    65.2, 
    45.6, 
    137.5, 
    31.9, 
    185.9, 
    132, 
    119.1, 
    90.2
   ], 
   [
    90.6, 
    0, 
    25.4, 
    62.3, 
    110.8, 
    105.6, 
    259.6, 
    112, 
    48.6, 
    129.3
   ], 
   [
    65.2, 
    25.4, 
    0, 
    87.7, 
    136.2, 
    97.1, 
    251.1, 
    137.4, 
    74, 
    154.7
   ], 
   [
    45.6, 
    62.3, 
    87.7, 
    0, 
    91.9, 
    43.3, 
    197.3, 
    86.4, 
    73.5, 
    67
   ], 
   [
    137.5, 
    110.8, 
    136.2, 
    91.9, 
    0, 
    135.2, 
    268.3, 
    70.2, 
    62.2, 
    127.3
   ], 
   [
    31.9, 
    105.6, 
    97.1, 
    43.3, 
    135.2, 
    0, 
    154, 
    129.7, 
    116.8, 
    80.1
   ], 
   [
    185.9, 
    259.6, 
    251.1, 
    197.3, 
    268.3, 
    154, 
    0, 
    198.1, 
    270.8, 
    141
   ], 
   [
    132, 
    112, 
    137.4, 
    86.4, 
    70.2, 
    129.7, 
    198.1, 
    0, 
    96.2, 
    57.1
   ], 
   [
    119.1, 
    48.6, 
    74, 
    73.5, 
    62.2, 
    116.8, 
    270.8, 
    96.2, 
    0, 
    140.5
   ], 
   [
    90.2, 
    129.3, 
    154.7, 
    67, 
    127.3, 
    80.1, 
    141, 
    57.1, 
    140.5, 
    0
   ]
  ], 
  "weight_matrix": [
   [
    0, 
    3, 
    3, 
    3, 
    3, 
    3, 
    3, 
    3, 
    3, 
    3
   ], 
   [
    3, 
    0, 
    3, 
    3, 
    3, 
    3, 
    3, 
    3, 
    3, 
    3
   ], 
   [
    3, 
    3, 
    0, 
    3, 
    3, 
    3, 
    3, 
    3, 
    3, 
    3
   ], 
   [
    3, 
    3, 
    3, 
    0, 
    3, 
    3, 
    3, 
    3, 
    3, 
    3
   ], 
   [
    3, 
    3, 
    3, 
    3, 
    0, 
    3, 
    3, 
    3, 
    3, 
    3
   ], 
   [
    3, 
    3, 
    3, 
    3, 
    3, 
    0, 
    3, 
    3, 
    3, 
    3
   ], 
   [
    3, 
    3, 
    3, 
    3, 
    3, 
    3, 
    0, 
    3, 
    3, 
    3
   ], 
   [
    3, 
    3, 
    3, 
    3, 
    3, 
    3, 
    3, 
    0, 
    3, 
    3
   ], 
   [
    3, 
    3, 
    3, 
    3, 
    3, 
    3, 
    3, 
    3, 
    0, 
    3
   ], 
   [
    3, 
    3, 
    3, 
    3, 
    3, 
    3, 
    3, 
    3, 
    3, 
    0
   ]
  ], 
  "city_names": [
   "Amsterdam", 
   "Rotterdam", 
   "Den Haag", 
   "Utrecht", 
   "Eindhoven", 
   "Almere", 
   "Groningen", 
   "Nijmegen", 
   "Breda", 
   "Apeldoorn"
  ], 
  "reward_matrix": [
   [
    0, 
    73456, 
    83796, 
    91775, 
    54364, 
    97352, 
    34661, 
    56603, 
    61855, 
    73619
   ], 
   [
    73456, 
    0, 
    99999, 
    84977, 
    65233, 
    67350, 
    4659, 
    64745, 
    90554, 
    57702
   ], 
   [
    83796, 
    99999, 
    0, 
    74637, 
    54893, 
    70810, 
    8119, 
    54405, 
    80214, 
    47362
   ], 
   [
    91775, 
    84977, 
    74637, 
    0, 
    72927, 
    92712, 
    30020, 
    75166, 
    80418, 
    83064
   ], 
   [
    54364, 
    65233, 
    54893, 
    72927, 
    0, 
    55300, 
    1117, 
    81761, 
    85018, 
    58516
   ], 
   [
    97352, 
    67350, 
    70810, 
    92712, 
    55300, 
    0, 
    47647, 
    57539, 
    62791, 
    77731
   ], 
   [
    34661, 
    4659, 
    8119, 
    30020, 
    1117, 
    47647, 
    0, 
    29695, 
    100, 
    52939
   ], 
   [
    56603, 
    64745, 
    54405, 
    75166, 
    81761, 
    57539, 
    29695, 
    0, 
    71177, 
    87094
   ], 
   [
    61855, 
    90554, 
    80214, 
    80418, 
    85018, 
    62791, 
    100, 
    71177, 
    0, 
    53143
   ], 
   [
    73619, 
    57702, 
    47362, 
    83064, 
    58516, 
    77731, 
    52939, 
    87094, 
    53143, 
    0
   ]
  ], 
  "probability_matrix": [
   [
    0, 
    0.11637954385521598, 
    0.03560824317026597, 
    0.10076071489489243, 
    0.12044009514823861, 
    0.13933269410206034, 
    0.21127487197696498, 
    0.17450811782060438, 
    0.0044463530622328076, 
    0.0972493659695244
   ], 
   [
    0.09151072856002342, 
    0, 
    0.15982875294804866, 
    0.15186648536976702, 
    0.08188887038596915, 
    0.18129355289276777, 
    0.07554101167267271, 
    0.0829433162517051, 
    0.10669748132582532, 
    0.0684298005932208
   ], 
   [
    0.1371470760042419, 
    0.15378699434794801, 
    0, 
    0.10912878594689514, 
    0.028740269458211336, 
    0.10354277359819732, 
    0.12726678686991222, 
    0.14717670083444792, 
    0.09752530230923613, 
    0.09568531063091008
   ], 
   [
    0.16079781072978222, 
    0.08603512901810473, 
    0.17332974734649306, 
    0, 
    0.16998231248133314, 
    0.08498742719497782, 
    0.021448680557004014, 
    0.09029591898502443, 
    0.15538881978781122, 
    0.057734153899469155
   ], 
   [
    0.20066741895899431, 
    0.053890595067991647, 
    0.22182548505206026, 
    0.1631541156437186, 
    0, 
    0.09693466084592983, 
    0.055571238434017275, 
    0.053961913369528755, 
    0.04462552811613826, 
    0.10936904451162084
   ], 
   [
    0.11505066708421564, 
    0.16356923649784502, 
    0.15811619878382757, 
    0.06193251715319608, 
    0.16470536757464146, 
    0, 
    0.06518317323235398, 
    0.10871196473497709, 
    0.09615825316981891, 
    0.06657262176912447
   ], 
   [
    0.3249754086394449, 
    0.07313147171695414, 
    0.006559340845269231, 
    0.22404076631694417, 
    0.015959251511422624, 
    0.02457858489117025, 
    0, 
    0.005177827889488692, 
    0.31871531329703884, 
    0.006862034892267059
   ], 
   [
    0.0731005931270525, 
    0.15089517286675255, 
    0.17028860432312143, 
    0.06419016884459978, 
    0.070346451665114, 
    0.01629430417150419, 
    0.07294609571487022, 
    0, 
    0.16286111300918618, 
    0.219077496277799
   ], 
   [
    0.16434264166992044, 
    0.040030071441330466, 
    0.048364499579051846, 
    0.07715251186989927, 
    0.19614369799125694, 
    0.048879348559159756, 
    0.1759901227556056, 
    0.06386606358467453, 
    0, 
    0.18523104254910125
   ], 
   [
    0.1098040505061315, 
    0.04692809234629716, 
    0.09105048026318689, 
    0.02913413876328434, 
    0.2540363383521232, 
    0.01439460317016736, 
    0.10035343639878856, 
    0.1434525787492408, 
    0.21084628145078022, 
    0
   ]
  ]
 }, 
 "vehicle_capacities": [
  10, 
  10, 
  10, 
  20, 
  25, 
  30, 
  30, 
  30, 
  30, 
  30
 ]
}