{
 "vehicle_cost_per_km": [
  5, 
  15, 
  10, 
  5, 
  5, 
  5, 
  5, 
  5, 
  5, 
  5
 ], 
 "runs": [
  {
   "avg_task_cost_vs_number_of_task": [
    811.5, 
    1049, 
    761.6666666666666, 
    746.7500000000001, 
    743.1999999999999, 
    619.3333333333333, 
    727.642857142857, 
    808.8125, 
    875.0555555555557, 
    886.05, 
    945.5, 
    866.7083333333334, 
    824.576923076923, 
    951.3571428571425, 
    893.3333333333335, 
    878.46875, 
    864.2941176470588, 
    951.3055555555555, 
    959.3157894736844, 
    902.8, 
    987.3571428571429, 
    949.3636363636364, 
    932.282608695652, 
    919.8125000000003, 
    989.8999999999999, 
    965.5384615384612, 
    973.8518518518521, 
    984.9821428571431, 
    1008.5344827586207, 
    971.7999999999998
   ], 
   "number_of_vehicles": 3
  }
 ], 
 "vehicle_starting_positions": [
  "Amsterdam", 
  "Rotterdam", 
  "Den Haag", 
  "Utrecht", 
  "Eindhoven", 
  "Almere", 
  "Groningen", 
  "Nijmegen", 
  "Breda", 
  "Apeldoorn"
 ], 
 "task_distribution": {
  "distance_matrix": [
   [
    0, 
    90.6, 
    65.2, 
    45.6, 
    137.5, 
    31.9, 
    185.9, 
    132, 
    119.1, 
    90.2
   ], 
   [
    90.6, 
    0, 
    25.4, 
    62.3, 
    110.8, 
    105.6, 
    259.6, 
    112, 
    48.6, 
    129.3
   ], 
   [
    65.2, 
    25.4, 
    0, 
    87.7, 
    136.2, 
    97.1, 
    251.1, 
    137.4, 
    74, 
    154.7
   ], 
   [
    45.6, 
    62.3, 
    87.7, 
    0, 
    91.9, 
    43.3, 
    197.3, 
    86.4, 
    73.5, 
    67
   ], 
   [
    137.5, 
    110.8, 
    136.2, 
    91.9, 
    0, 
    135.2, 
    268.3, 
    70.2, 
    62.2, 
    127.3
   ], 
   [
    31.9, 
    105.6, 
    97.1, 
    43.3, 
    135.2, 
    0, 
    154, 
    129.7, 
    116.8, 
    80.1
   ], 
   [
    185.9, 
    259.6, 
    251.1, 
    197.3, 
    268.3, 
    154, 
    0, 
    198.1, 
    270.8, 
    141
   ], 
   [
    132, 
    112, 
    137.4, 
    86.4, 
    70.2, 
    129.7, 
    198.1, 
    0, 
    96.2, 
    57.1
   ], 
   [
    119.1, 
    48.6, 
    74, 
    73.5, 
    62.2, 
    116.8, 
    270.8, 
    96.2, 
    0, 
    140.5
   ], 
   [
    90.2, 
    129.3, 
    154.7, 
    67, 
    127.3, 
    80.1, 
    141, 
    57.1, 
    140.5, 
    0
   ]
  ], 
  "weight_matrix": [
   [
    0, 
    3, 
    3, 
    3, 
    3, 
    3, 
    3, 
    3, 
    3, 
    3
   ], 
   [
    3, 
    0, 
    3, 
    3, 
    3, 
    3, 
    3, 
    3, 
    3, 
    3
   ], 
   [
    3, 
    3, 
    0, 
    3, 
    3, 
    3, 
    3, 
    3, 
    3, 
    3
   ], 
   [
    3, 
    3, 
    3, 
    0, 
    3, 
    3, 
    3, 
    3, 
    3, 
    3
   ], 
   [
    3, 
    3, 
    3, 
    3, 
    0, 
    3, 
    3, 
    3, 
    3, 
    3
   ], 
   [
    3, 
    3, 
    3, 
    3, 
    3, 
    0, 
    3, 
    3, 
    3, 
    3
   ], 
   [
    3, 
    3, 
    3, 
    3, 
    3, 
    3, 
    0, 
    3, 
    3, 
    3
   ], 
   [
    3, 
    3, 
    3, 
    3, 
    3, 
    3, 
    3, 
    0, 
    3, 
    3
   ], 
   [
    3, 
    3, 
    3, 
    3, 
    3, 
    3, 
    3, 
    3, 
    0, 
    3
   ], 
   [
    3, 
    3, 
    3, 
    3, 
    3, 
    3, 
    3, 
    3, 
    3, 
    0
   ]
  ], 
  "city_names": [
   "Amsterdam", 
   "Rotterdam", 
   "Den Haag", 
   "Utrecht", 
   "Eindhoven", 
   "Almere", 
   "Groningen", 
   "Nijmegen", 
   "Breda", 
   "Apeldoorn"
  ], 
  "reward_matrix": [
   [
    0, 
    73456, 
    83796, 
    91775, 
    54364, 
    97352, 
    34661, 
    56603, 
    61855, 
    73619
   ], 
   [
    73456, 
    0, 
    99999, 
    84977, 
    65233, 
    67350, 
    4659, 
    64745, 
    90554, 
    57702
   ], 
   [
    83796, 
    99999, 
    0, 
    74637, 
    54893, 
    70810, 
    8119, 
    54405, 
    80214, 
    47362
   ], 
   [
    91775, 
    84977, 
    74637, 
    0, 
    72927, 
    92712, 
    30020, 
    75166, 
    80418, 
    83064
   ], 
   [
    54364, 
    65233, 
    54893, 
    72927, 
    0, 
    55300, 
    1117, 
    81761, 
    85018, 
    58516
   ], 
   [
    97352, 
    67350, 
    70810, 
    92712, 
    55300, 
    0, 
    47647, 
    57539, 
    62791, 
    77731
   ], 
   [
    34661, 
    4659, 
    8119, 
    30020, 
    1117, 
    47647, 
    0, 
    29695, 
    100, 
    52939
   ], 
   [
    56603, 
    64745, 
    54405, 
    75166, 
    81761, 
    57539, 
    29695, 
    0, 
    71177, 
    87094
   ], 
   [
    61855, 
    90554, 
    80214, 
    80418, 
    85018, 
    62791, 
    100, 
    71177, 
    0, 
    53143
   ], 
   [
    73619, 
    57702, 
    47362, 
    83064, 
    58516, 
    77731, 
    52939, 
    87094, 
    53143, 
    0
   ]
  ], 
  "probability_matrix": [
   [
    0, 
    0.08229129348454435, 
    0.16773004281426265, 
    0.12018546585148689, 
    0.05805984764523779, 
    0.16615316310676972, 
    0.1191589438821436, 
    0.10698613398371494, 
    0.06517641864677007, 
    0.11425869058506995
   ], 
   [
    0.0669020044258608, 
    0, 
    0.024230765604444225, 
    0.194267425432193, 
    0.04357024604952063, 
    0.01827844603916166, 
    0.23629256317443686, 
    0.07297831726029812, 
    0.2349438865470661, 
    0.10853634546701849
   ], 
   [
    0.14935933390945794, 
    0.21412896597694125, 
    0, 
    0.014877193384979821, 
    0.018804933204379197, 
    0.1785668062023567, 
    0.21085524514669646, 
    0.029137591389711948, 
    0.0415739203442413, 
    0.14269601044123545
   ], 
   [
    0.13990950195682905, 
    0.03051343550655192, 
    0.18204999236499061, 
    0, 
    0.1744901063787863, 
    0.056835681599481463, 
    0.032696817972731426, 
    0.12332837163231507, 
    0.18976297507663273, 
    0.07041311751168129
   ], 
   [
    0.14784881793066643, 
    0.11931968933133853, 
    0.123683609777895, 
    0.00043601476295779913, 
    0, 
    0.11878317549744295, 
    0.15450201382869277, 
    0.09254763676348235, 
    0.08879027394429435, 
    0.15408876816323003
   ], 
   [
    0.0017827104567721447, 
    0.16907707665668745, 
    0.18674279408941, 
    0.20102419280352174, 
    0.21149991569176202, 
    0, 
    0.06436736637899687, 
    0.003915562064006198, 
    0.06502649654278912, 
    0.09656388531605434
   ], 
   [
    0.20273703741563717, 
    0.07735370470197121, 
    0.030142974822239616, 
    0.21760675698696347, 
    0.003503589898139567, 
    0.018781483996479248, 
    0, 
    0.16716867980237124, 
    0.04252054095675532, 
    0.24018523141944317
   ], 
   [
    0.17640925691702616, 
    0.11357977305171957, 
    0.12999857600741788, 
    0.0672709640068096, 
    0.02711029997986112, 
    0.14886229034443135, 
    0.13347537645108898, 
    0, 
    0.09078979946187912, 
    0.11250366377976617
   ], 
   [
    0.1588536546947325, 
    0.12850222310176293, 
    0.13047195156979724, 
    0.10052199040973071, 
    0.01238525944674514, 
    0.16535335217131558, 
    0.08455668183721513, 
    0.021149873444802344, 
    0, 
    0.19820501332389842
   ], 
   [
    0.1645151339398326, 
    0.15664792997754828, 
    0.12419621993527802, 
    0.19764208069576736, 
    0.05991927124546464, 
    0.06152236539197046, 
    0.0668862165036198, 
    0.06625978293383376, 
    0.1024109993766852, 
    0
   ]
  ]
 }, 
 "vehicle_capacities": [
  5, 
  5, 
  5, 
  5, 
  20, 
  30, 
  30, 
  30, 
  30, 
  30
 ]
}