{
 "vehicle_cost_per_km": [
  5, 
  5, 
  5, 
  5, 
  5
 ], 
 "runs": [
  {
   "avg_task_cost_vs_number_of_task": [
    724, 
    525, 
    498.6666666666667, 
    547.5, 
    475.4, 
    417.3333333333333, 
    357.7142857142857, 
    356.25, 
    316.6666666666667, 
    458.9, 
    391.27272727272725, 
    387.25, 
    390.3076923076924, 
    358.25, 
    361.4, 
    326.25, 
    326.5, 
    306.6666666666667, 
    304.6052631578948, 
    313.8, 
    300.0238095238095, 
    294.1818181818182, 
    293.1304347826087, 
    284.0208333333333, 
    285.50000000000006, 
    280.30769230769226, 
    287.48148148148147, 
    301.5892857142857, 
    282.98275862068965, 
    258.1166666666667
   ], 
   "number_of_vehicles": 3
  }
 ], 
 "vehicle_starting_positions": [
  "Amsterdam", 
  "Rotterdam", 
  "Den Haag", 
  "Utrecht", 
  "Eindhoven", 
  "Almere", 
  "Groningen", 
  "Nijmegen", 
  "Breda", 
  "Apeldoorn"
 ], 
 "task_distribution": {
  "distance_matrix": [
   [
    0, 
    90.6, 
    65.2, 
    45.6, 
    137.5, 
    31.9, 
    185.9, 
    132, 
    119.1, 
    90.2
   ], 
   [
    90.6, 
    0, 
    25.4, 
    62.3, 
    110.8, 
    105.6, 
    259.6, 
    112, 
    48.6, 
    129.3
   ], 
   [
    65.2, 
    25.4, 
    0, 
    87.7, 
    136.2, 
    97.1, 
    251.1, 
    137.4, 
    74, 
    154.7
   ], 
   [
    45.6, 
    62.3, 
    87.7, 
    0, 
    91.9, 
    43.3, 
    197.3, 
    86.4, 
    73.5, 
    67
   ], 
   [
    137.5, 
    110.8, 
    136.2, 
    91.9, 
    0, 
    135.2, 
    268.3, 
    70.2, 
    62.2, 
    127.3
   ], 
   [
    31.9, 
    105.6, 
    97.1, 
    43.3, 
    135.2, 
    0, 
    154, 
    129.7, 
    116.8, 
    80.1
   ], 
   [
    185.9, 
    259.6, 
    251.1, 
    197.3, 
    268.3, 
    154, 
    0, 
    198.1, 
    270.8, 
    141
   ], 
   [
    132, 
    112, 
    137.4, 
    86.4, 
    70.2, 
    129.7, 
    198.1, 
    0, 
    96.2, 
    57.1
   ], 
   [
    119.1, 
    48.6, 
    74, 
    73.5, 
    62.2, 
    116.8, 
    270.8, 
    96.2, 
    0, 
    140.5
   ], 
   [
    90.2, 
    129.3, 
    154.7, 
    67, 
    127.3, 
    80.1, 
    141, 
    57.1, 
    140.5, 
    0
   ]
  ], 
  "weight_matrix": [
   [
    0, 
    3, 
    3, 
    3, 
    3, 
    3, 
    3, 
    3, 
    3, 
    3
   ], 
   [
    3, 
    0, 
    3, 
    3, 
    3, 
    3, 
    3, 
    3, 
    3, 
    3
   ], 
   [
    3, 
    3, 
    0, 
    3, 
    3, 
    3, 
    3, 
    3, 
    3, 
    3
   ], 
   [
    3, 
    3, 
    3, 
    0, 
    3, 
    3, 
    3, 
    3, 
    3, 
    3
   ], 
   [
    3, 
    3, 
    3, 
    3, 
    0, 
    3, 
    3, 
    3, 
    3, 
    3
   ], 
   [
    3, 
    3, 
    3, 
    3, 
    3, 
    0, 
    3, 
    3, 
    3, 
    3
   ], 
   [
    3, 
    3, 
    3, 
    3, 
    3, 
    3, 
    0, 
    3, 
    3, 
    3
   ], 
   [
    3, 
    3, 
    3, 
    3, 
    3, 
    3, 
    3, 
    0, 
    3, 
    3
   ], 
   [
    3, 
    3, 
    3, 
    3, 
    3, 
    3, 
    3, 
    3, 
    0, 
    3
   ], 
   [
    3, 
    3, 
    3, 
    3, 
    3, 
    3, 
    3, 
    3, 
    3, 
    0
   ]
  ], 
  "city_names": [
   "Amsterdam", 
   "Rotterdam", 
   "Den Haag", 
   "Utrecht", 
   "Eindhoven", 
   "Almere", 
   "Groningen", 
   "Nijmegen", 
   "Breda", 
   "Apeldoorn"
  ], 
  "reward_matrix": [
   [
    0, 
    73456, 
    83796, 
    91775, 
    54364, 
    97352, 
    34661, 
    56603, 
    61855, 
    73619
   ], 
   [
    73456, 
    0, 
    99999, 
    84977, 
    65233, 
    67350, 
    4659, 
    64745, 
    90554, 
    57702
   ], 
   [
    83796, 
    99999, 
    0, 
    74637, 
    54893, 
    70810, 
    8119, 
    54405, 
    80214, 
    47362
   ], 
   [
    91775, 
    84977, 
    74637, 
    0, 
    72927, 
    92712, 
    30020, 
    75166, 
    80418, 
    83064
   ], 
   [
    54364, 
    65233, 
    54893, 
    72927, 
    0, 
    55300, 
    1117, 
    81761, 
    85018, 
    58516
   ], 
   [
    97352, 
    67350, 
    70810, 
    92712, 
    55300, 
    0, 
    47647, 
    57539, 
    62791, 
    77731
   ], 
   [
    34661, 
    4659, 
    8119, 
    30020, 
    1117, 
    47647, 
    0, 
    29695, 
    100, 
    52939
   ], 
   [
    56603, 
    64745, 
    54405, 
    75166, 
    81761, 
    57539, 
    29695, 
    0, 
    71177, 
    87094
   ], 
   [
    61855, 
    90554, 
    80214, 
    80418, 
    85018, 
    62791, 
    100, 
    71177, 
    0, 
    53143
   ], 
   [
    73619, 
    57702, 
    47362, 
    83064, 
    58516, 
    77731, 
    52939, 
    87094, 
    53143, 
    0
   ]
  ], 
  "probability_matrix": [
   [
    0, 
    0.08898079204512713, 
    0.17709260673912366, 
    0.03086145621257139, 
    0.17106504989638327, 
    0.07579084430420241, 
    0.09447354123672858, 
    0.04554984950104629, 
    0.17667362825011235, 
    0.13951223181470487
   ], 
   [
    0.12707472167555722, 
    0, 
    0.056159968262468614, 
    0.08031624772399518, 
    0.18522974138907064, 
    0.2545345589680484, 
    0.24690801475344804, 
    0.02116083806905744, 
    0.025707480167611405, 
    0.0029084289907429055
   ], 
   [
    0.09256076183867655, 
    0.13019687558547857, 
    0, 
    0.13418899601432885, 
    0.15269986764405946, 
    0.14820990017696228, 
    0.04118226468155079, 
    0.021540570364077843, 
    0.07484574892311398, 
    0.2045750147717517
   ], 
   [
    0.04763390814982032, 
    0.22739750685711446, 
    0.04809528109753102, 
    0, 
    0.17816203258899999, 
    0.017307966992339503, 
    0.0739383073539284, 
    0.1242316856052938, 
    0.11064158745083662, 
    0.1725917239041358
   ], 
   [
    0.13522091133412104, 
    0.013595634578500382, 
    0.0039673861750616855, 
    0.05085001791809646, 
    0, 
    0.14509325994261132, 
    0.15707013989172441, 
    0.0376527046927932, 
    0.16076403570904996, 
    0.2957859097580415
   ], 
   [
    0.05219230448631252, 
    0.159130419648359, 
    0.11690549834500731, 
    0.2761910098293835, 
    0.023492887845580537, 
    0, 
    0.07604682982781814, 
    0.06721890061098008, 
    0.20615881438337047, 
    0.022663335023188427
   ], 
   [
    0.16563592787319795, 
    0.17500609120144592, 
    0.04557668120728645, 
    0.19398438029775034, 
    0.02528200148759828, 
    0.08380325532951984, 
    0, 
    0.200006407147238, 
    0.10045486194906036, 
    0.010250393506902893
   ], 
   [
    0.15109550998327695, 
    0.0604377856049587, 
    0.046580810597710263, 
    0.16721984743033955, 
    0.11130743270105772, 
    0.05613233714937117, 
    0.1500013911263626, 
    0, 
    0.1658916323867486, 
    0.09133325302017437
   ], 
   [
    0.11630853206598814, 
    0.09474527542941906, 
    0.037778627160672214, 
    0.02882516571701154, 
    0.1892719270748081, 
    0.04294145629741022, 
    0.12690926378436287, 
    0.19618353789233803, 
    0, 
    0.16703621457798992
   ], 
   [
    0.10872417867833933, 
    0.009522118781695052, 
    0.14628608464973336, 
    0.09981435929160198, 
    0.1672338515254861, 
    0.045773363040358825, 
    0.17460826423738798, 
    0.1867898517306656, 
    0.06124792806473159, 
    0
   ]
  ]
 }, 
 "vehicle_capacities": [
  15, 
  15, 
  15, 
  5, 
  20, 
  30, 
  30, 
  30, 
  30, 
  30
 ]
}