{
 "vehicle_cost_per_km": [
  5, 
  5, 
  5, 
  5, 
  5
 ], 
 "runs": [
  {
   "avg_task_cost_vs_number_of_task": [
    660, 
    404, 
    326.3333333333333, 
    629.75, 
    591.7, 
    530.1666666666666, 
    507.2857142857142, 
    443.87499999999994, 
    440.72222222222223, 
    391.59999999999997, 
    407.09090909090907, 
    380.6666666666667, 
    369, 
    468.14285714285705, 
    466.8333333333333, 
    450.15624999999994, 
    438.02941176470586, 
    420.75, 
    434.9736842105263, 
    429.175, 
    394.57142857142856, 
    401.6136363636364, 
    399.50000000000006, 
    378.7083333333334, 
    403.06, 
    411.36538461538464, 
    401.05555555555554, 
    387.2142857142857, 
    386.9655172413793, 
    384
   ], 
   "number_of_vehicles": 3
  }
 ], 
 "vehicle_starting_positions": [
  "Amsterdam", 
  "Rotterdam", 
  "Den Haag", 
  "Utrecht", 
  "Eindhoven", 
  "Almere", 
  "Groningen", 
  "Nijmegen", 
  "Breda", 
  "Apeldoorn"
 ], 
 "task_distribution": {
  "distance_matrix": [
   [
    0, 
    90.6, 
    65.2, 
    45.6, 
    137.5, 
    31.9, 
    185.9, 
    132, 
    119.1, 
    90.2
   ], 
   [
    90.6, 
    0, 
    25.4, 
    62.3, 
    110.8, 
    105.6, 
    259.6, 
    112, 
    48.6, 
    129.3
   ], 
   [
    65.2, 
    25.4, 
    0, 
    87.7, 
    136.2, 
    97.1, 
    251.1, 
    137.4, 
    74, 
    154.7
   ], 
   [
    45.6, 
    62.3, 
    87.7, 
    0, 
    91.9, 
    43.3, 
    197.3, 
    86.4, 
    73.5, 
    67
   ], 
   [
    137.5, 
    110.8, 
    136.2, 
    91.9, 
    0, 
    135.2, 
    268.3, 
    70.2, 
    62.2, 
    127.3
   ], 
   [
    31.9, 
    105.6, 
    97.1, 
    43.3, 
    135.2, 
    0, 
    154, 
    129.7, 
    116.8, 
    80.1
   ], 
   [
    185.9, 
    259.6, 
    251.1, 
    197.3, 
    268.3, 
    154, 
    0, 
    198.1, 
    270.8, 
    141
   ], 
   [
    132, 
    112, 
    137.4, 
    86.4, 
    70.2, 
    129.7, 
    198.1, 
    0, 
    96.2, 
    57.1
   ], 
   [
    119.1, 
    48.6, 
    74, 
    73.5, 
    62.2, 
    116.8, 
    270.8, 
    96.2, 
    0, 
    140.5
   ], 
   [
    90.2, 
    129.3, 
    154.7, 
    67, 
    127.3, 
    80.1, 
    141, 
    57.1, 
    140.5, 
    0
   ]
  ], 
  "weight_matrix": [
   [
    0, 
    3, 
    3, 
    3, 
    3, 
    3, 
    3, 
    3, 
    3, 
    3
   ], 
   [
    3, 
    0, 
    3, 
    3, 
    3, 
    3, 
    3, 
    3, 
    3, 
    3
   ], 
   [
    3, 
    3, 
    0, 
    3, 
    3, 
    3, 
    3, 
    3, 
    3, 
    3
   ], 
   [
    3, 
    3, 
    3, 
    0, 
    3, 
    3, 
    3, 
    3, 
    3, 
    3
   ], 
   [
    3, 
    3, 
    3, 
    3, 
    0, 
    3, 
    3, 
    3, 
    3, 
    3
   ], 
   [
    3, 
    3, 
    3, 
    3, 
    3, 
    0, 
    3, 
    3, 
    3, 
    3
   ], 
   [
    3, 
    3, 
    3, 
    3, 
    3, 
    3, 
    0, 
    3, 
    3, 
    3
   ], 
   [
    3, 
    3, 
    3, 
    3, 
    3, 
    3, 
    3, 
    0, 
    3, 
    3
   ], 
   [
    3, 
    3, 
    3, 
    3, 
    3, 
    3, 
    3, 
    3, 
    0, 
    3
   ], 
   [
    3, 
    3, 
    3, 
    3, 
    3, 
    3, 
    3, 
    3, 
    3, 
    0
   ]
  ], 
  "city_names": [
   "Amsterdam", 
   "Rotterdam", 
   "Den Haag", 
   "Utrecht", 
   "Eindhoven", 
   "Almere", 
   "Groningen", 
   "Nijmegen", 
   "Breda", 
   "Apeldoorn"
  ], 
  "reward_matrix": [
   [
    0, 
    73456, 
    83796, 
    91775, 
    54364, 
    97352, 
    34661, 
    56603, 
    61855, 
    73619
   ], 
   [
    73456, 
    0, 
    99999, 
    84977, 
    65233, 
    67350, 
    4659, 
    64745, 
    90554, 
    57702
   ], 
   [
    83796, 
    99999, 
    0, 
    74637, 
    54893, 
    70810, 
    8119, 
    54405, 
    80214, 
    47362
   ], 
   [
    91775, 
    84977, 
    74637, 
    0, 
    72927, 
    92712, 
    30020, 
    75166, 
    80418, 
    83064
   ], 
   [
    54364, 
    65233, 
    54893, 
    72927, 
    0, 
    55300, 
    1117, 
    81761, 
    85018, 
    58516
   ], 
   [
    97352, 
    67350, 
    70810, 
    92712, 
    55300, 
    0, 
    47647, 
    57539, 
    62791, 
    77731
   ], 
   [
    34661, 
    4659, 
    8119, 
    30020, 
    1117, 
    47647, 
    0, 
    29695, 
    100, 
    52939
   ], 
   [
    56603, 
    64745, 
    54405, 
    75166, 
    81761, 
    57539, 
    29695, 
    0, 
    71177, 
    87094
   ], 
   [
    61855, 
    90554, 
    80214, 
    80418, 
    85018, 
    62791, 
    100, 
    71177, 
    0, 
    53143
   ], 
   [
    73619, 
    57702, 
    47362, 
    83064, 
    58516, 
    77731, 
    52939, 
    87094, 
    53143, 
    0
   ]
  ], 
  "probability_matrix": [
   [
    0, 
    0.05682321077195547, 
    0.25567951290130625, 
    0.22853812251623215, 
    0.012121674407867896, 
    0.030057836372594206, 
    0.0039014081597461333, 
    0.01926149839967735, 
    0.19447930080199294, 
    0.19913743566862763
   ], 
   [
    0.029553949188158065, 
    0, 
    0.11955944442729353, 
    0.1748046778952519, 
    0.09245525922601415, 
    0.22327452805072462, 
    0.1422223377024362, 
    0.08880812723868359, 
    0.11621573833474974, 
    0.013105937936688237
   ], 
   [
    0.1572632538637113, 
    0.0883828721900026, 
    0, 
    0.1537186672719256, 
    0.15714579201823017, 
    0.042952777523558215, 
    0.18065355657369522, 
    0.16576696715911743, 
    0.0324435813850254, 
    0.02167253201473418
   ], 
   [
    0.11933842068079482, 
    0.10594096011466463, 
    0.20930914338630163, 
    0, 
    0.10594618036211931, 
    0.04286916156633327, 
    0.0038828942151165023, 
    0.10407127287958384, 
    0.1982247968271033, 
    0.11041716996798263
   ], 
   [
    0.14886339954436606, 
    0.09664728033454274, 
    0.13687711886935167, 
    0.12728567552032488, 
    0, 
    0.09224447183257081, 
    0.12920114726461113, 
    0.14924893276923315, 
    0.042497761127237715, 
    0.07713421273776198
   ], 
   [
    0.16099365204210483, 
    0.14970024178953412, 
    0.13043450251364247, 
    0.1250928027105679, 
    0.1336987289285798, 
    0, 
    0.08528474314747311, 
    0.04166217058229736, 
    0.025672453952233307, 
    0.14746070433356706
   ], 
   [
    0.1453354543792551, 
    0.05162433053874349, 
    0.16714026290870945, 
    0.05939353932736501, 
    0.20333870466187168, 
    0.2360457571684041, 
    0, 
    0.02116508742080291, 
    0.037342488744012435, 
    0.07861437485083586
   ], 
   [
    0.23639021727390067, 
    0.09505687192463858, 
    0.16606063250049327, 
    0.16642934568616818, 
    0.16599785942230397, 
    0.005775128207614331, 
    0.006758825789020125, 
    0, 
    0.1489441396164082, 
    0.00858697957945275
   ], 
   [
    0.11203891982503032, 
    0.17196781984751577, 
    0.13430245589052914, 
    0.14248254472347552, 
    0.037696054401612084, 
    0.22712626739233188, 
    0.12182154728041149, 
    0.008191030154278203, 
    0, 
    0.04437336048481547
   ], 
   [
    0.19460806088130742, 
    0.04763257015421001, 
    0.17810190751993926, 
    0.07765921504944946, 
    0.04093687820092054, 
    0.1023113601448054, 
    0.1033341906665583, 
    0.1258330829472131, 
    0.12958273443559648, 
    0
   ]
  ]
 }, 
 "vehicle_capacities": [
  10, 
  10, 
  10, 
  5, 
  20, 
  30, 
  30, 
  30, 
  30, 
  30
 ]
}