{
 "vehicle_cost_per_km": [
  5, 
  5, 
  5, 
  5, 
  5
 ], 
 "runs": [
  {
   "avg_task_cost_vs_number_of_task": [
    326, 
    980.25, 
    838.1666666666666, 
    700, 
    642.0000000000001, 
    535.0000000000001, 
    503.35714285714283, 
    459.125, 
    424.5555555555555, 
    412.7, 
    375.6818181818182, 
    347.5, 
    363.4230769230769, 
    332.3214285714286, 
    338.2, 
    377.40625, 
    281, 
    293.2222222222223, 
    277.94736842105266, 
    264.95000000000005, 
    280.8095238095238, 
    239.36363636363637, 
    257.9782608695652, 
    233.5625, 
    254.22, 
    272.92307692307685, 
    233.01851851851856, 
    280.71428571428567, 
    246.31034482758625, 
    226.28333333333333
   ], 
   "number_of_vehicles": 5
  }
 ], 
 "vehicle_starting_positions": [
  "Amsterdam", 
  "Rotterdam", 
  "Den Haag", 
  "Utrecht", 
  "Eindhoven", 
  "Almere", 
  "Groningen", 
  "Nijmegen", 
  "Breda", 
  "Apeldoorn"
 ], 
 "task_distribution": {
  "distance_matrix": [
   [
    0, 
    90.6, 
    65.2, 
    45.6, 
    137.5, 
    31.9, 
    185.9, 
    132, 
    119.1, 
    90.2
   ], 
   [
    90.6, 
    0, 
    25.4, 
    62.3, 
    110.8, 
    105.6, 
    259.6, 
    112, 
    48.6, 
    129.3
   ], 
   [
    65.2, 
    25.4, 
    0, 
    87.7, 
    136.2, 
    97.1, 
    251.1, 
    137.4, 
    74, 
    154.7
   ], 
   [
    45.6, 
    62.3, 
    87.7, 
    0, 
    91.9, 
    43.3, 
    197.3, 
    86.4, 
    73.5, 
    67
   ], 
   [
    137.5, 
    110.8, 
    136.2, 
    91.9, 
    0, 
    135.2, 
    268.3, 
    70.2, 
    62.2, 
    127.3
   ], 
   [
    31.9, 
    105.6, 
    97.1, 
    43.3, 
    135.2, 
    0, 
    154, 
    129.7, 
    116.8, 
    80.1
   ], 
   [
    185.9, 
    259.6, 
    251.1, 
    197.3, 
    268.3, 
    154, 
    0, 
    198.1, 
    270.8, 
    141
   ], 
   [
    132, 
    112, 
    137.4, 
    86.4, 
    70.2, 
    129.7, 
    198.1, 
    0, 
    96.2, 
    57.1
   ], 
   [
    119.1, 
    48.6, 
    74, 
    73.5, 
    62.2, 
    116.8, 
    270.8, 
    96.2, 
    0, 
    140.5
   ], 
   [
    90.2, 
    129.3, 
    154.7, 
    67, 
    127.3, 
    80.1, 
    141, 
    57.1, 
    140.5, 
    0
   ]
  ], 
  "weight_matrix": [
   [
    0, 
    3, 
    3, 
    3, 
    3, 
    3, 
    3, 
    3, 
    3, 
    3
   ], 
   [
    3, 
    0, 
    3, 
    3, 
    3, 
    3, 
    3, 
    3, 
    3, 
    3
   ], 
   [
    3, 
    3, 
    0, 
    3, 
    3, 
    3, 
    3, 
    3, 
    3, 
    3
   ], 
   [
    3, 
    3, 
    3, 
    0, 
    3, 
    3, 
    3, 
    3, 
    3, 
    3
   ], 
   [
    3, 
    3, 
    3, 
    3, 
    0, 
    3, 
    3, 
    3, 
    3, 
    3
   ], 
   [
    3, 
    3, 
    3, 
    3, 
    3, 
    0, 
    3, 
    3, 
    3, 
    3
   ], 
   [
    3, 
    3, 
    3, 
    3, 
    3, 
    3, 
    0, 
    3, 
    3, 
    3
   ], 
   [
    3, 
    3, 
    3, 
    3, 
    3, 
    3, 
    3, 
    0, 
    3, 
    3
   ], 
   [
    3, 
    3, 
    3, 
    3, 
    3, 
    3, 
    3, 
    3, 
    0, 
    3
   ], 
   [
    3, 
    3, 
    3, 
    3, 
    3, 
    3, 
    3, 
    3, 
    3, 
    0
   ]
  ], 
  "city_names": [
   "Amsterdam", 
   "Rotterdam", 
   "Den Haag", 
   "Utrecht", 
   "Eindhoven", 
   "Almere", 
   "Groningen", 
   "Nijmegen", 
   "Breda", 
   "Apeldoorn"
  ], 
  "reward_matrix": [
   [
    0, 
    73456, 
    83796, 
    91775, 
    54364, 
    97352, 
    34661, 
    56603, 
    61855, 
    73619
   ], 
   [
    73456, 
    0, 
    99999, 
    84977, 
    65233, 
    67350, 
    4659, 
    64745, 
    90554, 
    57702
   ], 
   [
    83796, 
    99999, 
    0, 
    74637, 
    54893, 
    70810, 
    8119, 
    54405, 
    80214, 
    47362
   ], 
   [
    91775, 
    84977, 
    74637, 
    0, 
    72927, 
    92712, 
    30020, 
    75166, 
    80418, 
    83064
   ], 
   [
    54364, 
    65233, 
    54893, 
    72927, 
    0, 
    55300, 
    1117, 
    81761, 
    85018, 
    58516
   ], 
   [
    97352, 
    67350, 
    70810, 
    92712, 
    55300, 
    0, 
    47647, 
    57539, 
    62791, 
    77731
   ], 
   [
    34661, 
    4659, 
    8119, 
    30020, 
    1117, 
    47647, 
    0, 
    29695, 
    100, 
    52939
   ], 
   [
    56603, 
    64745, 
    54405, 
    75166, 
    81761, 
    57539, 
    29695, 
    0, 
    71177, 
    87094
   ], 
   [
    61855, 
    90554, 
    80214, 
    80418, 
    85018, 
    62791, 
    100, 
    71177, 
    0, 
    53143
   ], 
   [
    73619, 
    57702, 
    47362, 
    83064, 
    58516, 
    77731, 
    52939, 
    87094, 
    53143, 
    0
   ]
  ], 
  "probability_matrix": [
   [
    0, 
    0.0007175166473534986, 
    0.14417921589269697, 
    0.04591624451210725, 
    0.13040261688550994, 
    0.2101739965332321, 
    0.031601949493957456, 
    0.21969458295389105, 
    0.1772732268024432, 
    0.04004065027880855
   ], 
   [
    0.04994991209747206, 
    0, 
    0.07412330377714098, 
    0.25785015650079185, 
    0.12576707224751493, 
    0.016630976095241324, 
    0.1847711355256468, 
    0.25060750706985135, 
    0.030685590680301616, 
    0.009614346006038922
   ], 
   [
    0.1806241960743678, 
    0.05497906341877819, 
    0, 
    0.1282498184974296, 
    0.13975494818441295, 
    0.20473150763412454, 
    0.008367857900142365, 
    0.1414226421617713, 
    0.032364983703323615, 
    0.10950498242564968
   ], 
   [
    0.0029656312221578514, 
    0.09171259585866304, 
    0.06794362894350045, 
    0, 
    0.027426461338839865, 
    0.2375767615772327, 
    0.2552250025909464, 
    0.030594274649667064, 
    0.20651319785590383, 
    0.08004244596308888
   ], 
   [
    0.12308891647593607, 
    0.04014707579540194, 
    0.1861315468388367, 
    0.14692537249598012, 
    0, 
    0.11202967669125674, 
    0.030404796882893013, 
    0.15791434235879684, 
    0.12965855619205194, 
    0.07369971626884678
   ], 
   [
    0.068160878210874, 
    0.2135444350371259, 
    0.01696278129034507, 
    0.059038650097585896, 
    0.16685549518303674, 
    0, 
    0.1623125668048502, 
    0.16911051468453317, 
    0.128548877561667, 
    0.015465801129981966
   ], 
   [
    0.11605134051345618, 
    0.02334913345470754, 
    0.05522758341821757, 
    0.16888644375674078, 
    0.11246788562572631, 
    0.16760446545467364, 
    0, 
    0.12333496495542282, 
    0.07835366283631463, 
    0.1547245199847404
   ], 
   [
    0.06995026092614229, 
    0.08260547626965387, 
    0.066842611658202, 
    0.24194192700500236, 
    0.017591608340898183, 
    0.28067587865187044, 
    0.06094089152368574, 
    0, 
    0.052011543322842364, 
    0.1274398023017029
   ], 
   [
    0.04432524296357826, 
    0.0036605574831442378, 
    0.0804064221787526, 
    0.05195660610773829, 
    0.18370205120272848, 
    0.22819646521961598, 
    0.1337928049788456, 
    0.19071088413571938, 
    0, 
    0.08324896572987728
   ], 
   [
    0.11208841314806374, 
    0.10249751415823057, 
    0.12777861894433298, 
    0.08946517895030859, 
    0.22882009943528964, 
    0.035310370049524344, 
    0.16118846285800348, 
    0.029276103510658735, 
    0.11357523894558799, 
    0
   ]
  ]
 }, 
 "vehicle_capacities": [
  5, 
  15, 
  25, 
  25, 
  30, 
  30, 
  30, 
  30, 
  30, 
  30
 ]
}