{
 "vehicle_cost_per_km": [
  5, 
  5, 
  5, 
  5, 
  5
 ], 
 "runs": [
  {
   "avg_task_cost_vs_number_of_task": [
    835.5, 
    856.5, 
    1014, 
    798.3749999999999, 
    638.7, 
    560.7500000000001, 
    524.7857142857143, 
    430.6875, 
    373.83333333333337, 
    336.45000000000005, 
    305.86363636363643, 
    419.625, 
    404.07692307692315, 
    323.7857142857143, 
    361.56666666666666, 
    351.625, 
    332.47058823529414, 
    314.05555555555554, 
    316.7105263157895, 
    279.1, 
    275.4761904761904, 
    283.52272727272725, 
    297.69565217391306, 
    298.2291666666667, 
    270.81999999999994, 
    275.51923076923083, 
    271.25925925925924, 
    260.17857142857144, 
    221.44827586206904, 
    267.46666666666664
   ], 
   "number_of_vehicles": 5
  }
 ], 
 "vehicle_starting_positions": [
  "Amsterdam", 
  "Rotterdam", 
  "Den Haag", 
  "Utrecht", 
  "Eindhoven", 
  "Almere", 
  "Groningen", 
  "Nijmegen", 
  "Breda", 
  "Apeldoorn"
 ], 
 "task_distribution": {
  "distance_matrix": [
   [
    0, 
    90.6, 
    65.2, 
    45.6, 
    137.5, 
    31.9, 
    185.9, 
    132, 
    119.1, 
    90.2
   ], 
   [
    90.6, 
    0, 
    25.4, 
    62.3, 
    110.8, 
    105.6, 
    259.6, 
    112, 
    48.6, 
    129.3
   ], 
   [
    65.2, 
    25.4, 
    0, 
    87.7, 
    136.2, 
    97.1, 
    251.1, 
    137.4, 
    74, 
    154.7
   ], 
   [
    45.6, 
    62.3, 
    87.7, 
    0, 
    91.9, 
    43.3, 
    197.3, 
    86.4, 
    73.5, 
    67
   ], 
   [
    137.5, 
    110.8, 
    136.2, 
    91.9, 
    0, 
    135.2, 
    268.3, 
    70.2, 
    62.2, 
    127.3
   ], 
   [
    31.9, 
    105.6, 
    97.1, 
    43.3, 
    135.2, 
    0, 
    154, 
    129.7, 
    116.8, 
    80.1
   ], 
   [
    185.9, 
    259.6, 
    251.1, 
    197.3, 
    268.3, 
    154, 
    0, 
    198.1, 
    270.8, 
    141
   ], 
   [
    132, 
    112, 
    137.4, 
    86.4, 
    70.2, 
    129.7, 
    198.1, 
    0, 
    96.2, 
    57.1
   ], 
   [
    119.1, 
    48.6, 
    74, 
    73.5, 
    62.2, 
    116.8, 
    270.8, 
    96.2, 
    0, 
    140.5
   ], 
   [
    90.2, 
    129.3, 
    154.7, 
    67, 
    127.3, 
    80.1, 
    141, 
    57.1, 
    140.5, 
    0
   ]
  ], 
  "weight_matrix": [
   [
    0, 
    3, 
    3, 
    3, 
    3, 
    3, 
    3, 
    3, 
    3, 
    3
   ], 
   [
    3, 
    0, 
    3, 
    3, 
    3, 
    3, 
    3, 
    3, 
    3, 
    3
   ], 
   [
    3, 
    3, 
    0, 
    3, 
    3, 
    3, 
    3, 
    3, 
    3, 
    3
   ], 
   [
    3, 
    3, 
    3, 
    0, 
    3, 
    3, 
    3, 
    3, 
    3, 
    3
   ], 
   [
    3, 
    3, 
    3, 
    3, 
    0, 
    3, 
    3, 
    3, 
    3, 
    3
   ], 
   [
    3, 
    3, 
    3, 
    3, 
    3, 
    0, 
    3, 
    3, 
    3, 
    3
   ], 
   [
    3, 
    3, 
    3, 
    3, 
    3, 
    3, 
    0, 
    3, 
    3, 
    3
   ], 
   [
    3, 
    3, 
    3, 
    3, 
    3, 
    3, 
    3, 
    0, 
    3, 
    3
   ], 
   [
    3, 
    3, 
    3, 
    3, 
    3, 
    3, 
    3, 
    3, 
    0, 
    3
   ], 
   [
    3, 
    3, 
    3, 
    3, 
    3, 
    3, 
    3, 
    3, 
    3, 
    0
   ]
  ], 
  "city_names": [
   "Amsterdam", 
   "Rotterdam", 
   "Den Haag", 
   "Utrecht", 
   "Eindhoven", 
   "Almere", 
   "Groningen", 
   "Nijmegen", 
   "Breda", 
   "Apeldoorn"
  ], 
  "reward_matrix": [
   [
    0, 
    73456, 
    83796, 
    91775, 
    54364, 
    97352, 
    34661, 
    56603, 
    61855, 
    73619
   ], 
   [
    73456, 
    0, 
    99999, 
    84977, 
    65233, 
    67350, 
    4659, 
    64745, 
    90554, 
    57702
   ], 
   [
    83796, 
    99999, 
    0, 
    74637, 
    54893, 
    70810, 
    8119, 
    54405, 
    80214, 
    47362
   ], 
   [
    91775, 
    84977, 
    74637, 
    0, 
    72927, 
    92712, 
    30020, 
    75166, 
    80418, 
    83064
   ], 
   [
    54364, 
    65233, 
    54893, 
    72927, 
    0, 
    55300, 
    1117, 
    81761, 
    85018, 
    58516
   ], 
   [
    97352, 
    67350, 
    70810, 
    92712, 
    55300, 
    0, 
    47647, 
    57539, 
    62791, 
    77731
   ], 
   [
    34661, 
    4659, 
    8119, 
    30020, 
    1117, 
    47647, 
    0, 
    29695, 
    100, 
    52939
   ], 
   [
    56603, 
    64745, 
    54405, 
    75166, 
    81761, 
    57539, 
    29695, 
    0, 
    71177, 
    87094
   ], 
   [
    61855, 
    90554, 
    80214, 
    80418, 
    85018, 
    62791, 
    100, 
    71177, 
    0, 
    53143
   ], 
   [
    73619, 
    57702, 
    47362, 
    83064, 
    58516, 
    77731, 
    52939, 
    87094, 
    53143, 
    0
   ]
  ], 
  "probability_matrix": [
   [
    0, 
    0.060419812735648636, 
    0.10901996429315321, 
    0.23406280611589247, 
    0.2236115894686264, 
    0.06335730145399408, 
    0.08375506582260744, 
    0.0032247156490683914, 
    0.04116598138947773, 
    0.1813827630715317
   ], 
   [
    0.03920652869496032, 
    0, 
    0.10915929351745463, 
    0.17979963592368206, 
    0.2035668273427101, 
    0.21122797043173694, 
    0.0678864323685034, 
    0.029604975815636723, 
    0.03839054818252158, 
    0.12115778772279409
   ], 
   [
    0.15424357173733164, 
    0.05545166725487689, 
    0, 
    0.13085674113992918, 
    0.009238900132450168, 
    0.07345000227944713, 
    0.20864130621379096, 
    0.05020322234950926, 
    0.2139894250003677, 
    0.10392516389229706
   ], 
   [
    0.16528847353673673, 
    0.10544913347366995, 
    0.11098360999481062, 
    0, 
    0.1003956787235824, 
    0.1293077500071871, 
    0.10437912465883648, 
    0.16577856191386756, 
    0.0682700345255869, 
    0.0501476331657222
   ], 
   [
    0.20720553276645787, 
    0.021267128729133205, 
    0.2671014760556669, 
    0.00499209965838297, 
    0, 
    0.1347329553895524, 
    0.07760922108476692, 
    0.11642303105199221, 
    0.08058776682601534, 
    0.09008078843803216
   ], 
   [
    0.1437419700859977, 
    0.17160413969779917, 
    0.11556845557167869, 
    0.006036887244147457, 
    0.16331630837455136, 
    0, 
    0.033996581541245734, 
    0.17607184290094655, 
    0.08718893179983857, 
    0.10247488278379491
   ], 
   [
    0.08086916627707658, 
    0.029699907661773776, 
    0.10304826072006332, 
    0.19184002060318128, 
    0.004880330624861465, 
    0.25730311576978887, 
    0, 
    0.0075335637025616495, 
    0.12321380709018051, 
    0.20161182755051255
   ], 
   [
    0.10276546960155596, 
    0.17996133849603177, 
    0.13778858268612462, 
    0.10852750278741764, 
    0.14398563190652772, 
    0.01561102734768682, 
    0.10397844683380977, 
    0, 
    0.09922994437698072, 
    0.10815205596386494
   ], 
   [
    0.05762355965214817, 
    0.1635805385758895, 
    0.03213453228727532, 
    0.003909948451847955, 
    0.1822681625231057, 
    0.25623026109171576, 
    0.07581699534883535, 
    0.1747435922908232, 
    0, 
    0.053692409778359006
   ], 
   [
    0.052928895026035726, 
    0.022080109652115373, 
    0.18430538948649383, 
    0.25784139764957337, 
    0.23029060086292064, 
    0.010315187020399862, 
    0.09401711730012219, 
    0.1454332734945992, 
    0.002788029507739675, 
    0
   ]
  ]
 }, 
 "vehicle_capacities": [
  15, 
  15, 
  20, 
  25, 
  30, 
  30, 
  30, 
  30, 
  30, 
  30
 ]
}