{
 "vehicle_cost_per_km": [
  5, 
  5, 
  5, 
  5, 
  5
 ], 
 "runs": [
  {
   "avg_task_cost_vs_number_of_task": [
    319, 
    378.75, 
    333.5, 
    394.125, 
    338.4, 
    388.83333333333326, 
    499.14285714285717, 
    494.18750000000006, 
    388.22222222222223, 
    387.35, 
    359.45454545454544, 
    324.75, 
    337.4230769230769, 
    327.5, 
    308.5, 
    298.21875, 
    288.7058823529412, 
    296.05555555555554, 
    289.0263157894737, 
    251.2, 
    286.5, 
    283.09090909090907, 
    240.19565217391303, 
    246.45833333333334, 
    265.88, 
    262.1923076923077, 
    293.0925925925926, 
    287.17857142857144, 
    261.5862068965518, 
    209.88333333333333
   ], 
   "number_of_vehicles": 5
  }
 ], 
 "vehicle_starting_positions": [
  "Amsterdam", 
  "Rotterdam", 
  "Den Haag", 
  "Utrecht", 
  "Eindhoven", 
  "Almere", 
  "Groningen", 
  "Nijmegen", 
  "Breda", 
  "Apeldoorn"
 ], 
 "task_distribution": {
  "distance_matrix": [
   [
    0, 
    90.6, 
    65.2, 
    45.6, 
    137.5, 
    31.9, 
    185.9, 
    132, 
    119.1, 
    90.2
   ], 
   [
    90.6, 
    0, 
    25.4, 
    62.3, 
    110.8, 
    105.6, 
    259.6, 
    112, 
    48.6, 
    129.3
   ], 
   [
    65.2, 
    25.4, 
    0, 
    87.7, 
    136.2, 
    97.1, 
    251.1, 
    137.4, 
    74, 
    154.7
   ], 
   [
    45.6, 
    62.3, 
    87.7, 
    0, 
    91.9, 
    43.3, 
    197.3, 
    86.4, 
    73.5, 
    67
   ], 
   [
    137.5, 
    110.8, 
    136.2, 
    91.9, 
    0, 
    135.2, 
    268.3, 
    70.2, 
    62.2, 
    127.3
   ], 
   [
    31.9, 
    105.6, 
    97.1, 
    43.3, 
    135.2, 
    0, 
    154, 
    129.7, 
    116.8, 
    80.1
   ], 
   [
    185.9, 
    259.6, 
    251.1, 
    197.3, 
    268.3, 
    154, 
    0, 
    198.1, 
    270.8, 
    141
   ], 
   [
    132, 
    112, 
    137.4, 
    86.4, 
    70.2, 
    129.7, 
    198.1, 
    0, 
    96.2, 
    57.1
   ], 
   [
    119.1, 
    48.6, 
    74, 
    73.5, 
    62.2, 
    116.8, 
    270.8, 
    96.2, 
    0, 
    140.5
   ], 
   [
    90.2, 
    129.3, 
    154.7, 
    67, 
    127.3, 
    80.1, 
    141, 
    57.1, 
    140.5, 
    0
   ]
  ], 
  "weight_matrix": [
   [
    0, 
    3, 
    3, 
    3, 
    3, 
    3, 
    3, 
    3, 
    3, 
    3
   ], 
   [
    3, 
    0, 
    3, 
    3, 
    3, 
    3, 
    3, 
    3, 
    3, 
    3
   ], 
   [
    3, 
    3, 
    0, 
    3, 
    3, 
    3, 
    3, 
    3, 
    3, 
    3
   ], 
   [
    3, 
    3, 
    3, 
    0, 
    3, 
    3, 
    3, 
    3, 
    3, 
    3
   ], 
   [
    3, 
    3, 
    3, 
    3, 
    0, 
    3, 
    3, 
    3, 
    3, 
    3
   ], 
   [
    3, 
    3, 
    3, 
    3, 
    3, 
    0, 
    3, 
    3, 
    3, 
    3
   ], 
   [
    3, 
    3, 
    3, 
    3, 
    3, 
    3, 
    0, 
    3, 
    3, 
    3
   ], 
   [
    3, 
    3, 
    3, 
    3, 
    3, 
    3, 
    3, 
    0, 
    3, 
    3
   ], 
   [
    3, 
    3, 
    3, 
    3, 
    3, 
    3, 
    3, 
    3, 
    0, 
    3
   ], 
   [
    3, 
    3, 
    3, 
    3, 
    3, 
    3, 
    3, 
    3, 
    3, 
    0
   ]
  ], 
  "city_names": [
   "Amsterdam", 
   "Rotterdam", 
   "Den Haag", 
   "Utrecht", 
   "Eindhoven", 
   "Almere", 
   "Groningen", 
   "Nijmegen", 
   "Breda", 
   "Apeldoorn"
  ], 
  "reward_matrix": [
   [
    0, 
    73456, 
    83796, 
    91775, 
    54364, 
    97352, 
    34661, 
    56603, 
    61855, 
    73619
   ], 
   [
    73456, 
    0, 
    99999, 
    84977, 
    65233, 
    67350, 
    4659, 
    64745, 
    90554, 
    57702
   ], 
   [
    83796, 
    99999, 
    0, 
    74637, 
    54893, 
    70810, 
    8119, 
    54405, 
    80214, 
    47362
   ], 
   [
    91775, 
    84977, 
    74637, 
    0, 
    72927, 
    92712, 
    30020, 
    75166, 
    80418, 
    83064
   ], 
   [
    54364, 
    65233, 
    54893, 
    72927, 
    0, 
    55300, 
    1117, 
    81761, 
    85018, 
    58516
   ], 
   [
    97352, 
    67350, 
    70810, 
    92712, 
    55300, 
    0, 
    47647, 
    57539, 
    62791, 
    77731
   ], 
   [
    34661, 
    4659, 
    8119, 
    30020, 
    1117, 
    47647, 
    0, 
    29695, 
    100, 
    52939
   ], 
   [
    56603, 
    64745, 
    54405, 
    75166, 
    81761, 
    57539, 
    29695, 
    0, 
    71177, 
    87094
   ], 
   [
    61855, 
    90554, 
    80214, 
    80418, 
    85018, 
    62791, 
    100, 
    71177, 
    0, 
    53143
   ], 
   [
    73619, 
    57702, 
    47362, 
    83064, 
    58516, 
    77731, 
    52939, 
    87094, 
    53143, 
    0
   ]
  ], 
  "probability_matrix": [
   [
    0, 
    0.3472807882853376, 
    0.02270856312122975, 
    0.007189113609383433, 
    0.015383977735025001, 
    0.10382137769699663, 
    0.2802261442109449, 
    0.0492726572529878, 
    0.09800890156749507, 
    0.07610847652060002
   ], 
   [
    0.06068586167767001, 
    0, 
    0.053626256938222254, 
    0.14879438736264486, 
    0.2373418850537036, 
    0.10216408697412614, 
    0.17784528326350438, 
    0.06426563280822888, 
    0.15110400219977155, 
    0.0041726037221283116
   ], 
   [
    0.09734767803817337, 
    0.009494322619219677, 
    0, 
    0.19186478366339357, 
    0.13676942656807214, 
    0.06718251059019541, 
    0.0979233990864651, 
    0.26567148451196115, 
    0.027408800411055236, 
    0.10633759451146438
   ], 
   [
    0.15177870670022314, 
    0.17779237873983172, 
    0.06316969197935195, 
    0, 
    0.12847206517953128, 
    0.13931381573272975, 
    0.12716582690234607, 
    0.06654440416243378, 
    0.021890969434387238, 
    0.12387214116916521
   ], 
   [
    0.1891431142358303, 
    0.1583819467912558, 
    0.14992192615213557, 
    0.12593625739149492, 
    0, 
    0.15001035609157784, 
    0.010869191905095202, 
    0.03402488233951244, 
    0.09126218905159343, 
    0.09045013604150476
   ], 
   [
    0.16995918013683167, 
    0.06580768950061489, 
    0.058652658376211524, 
    0.18391754815755196, 
    0.10383869395458968, 
    0, 
    0.08685086303999603, 
    0.1712366522245263, 
    0.06023516594828559, 
    0.09950154866139238
   ], 
   [
    0.08728198820987834, 
    0.10944920572481234, 
    0.050260226718584676, 
    0.011192030250766361, 
    0.12677037470487387, 
    0.1761874424500737, 
    0, 
    0.17309610760218014, 
    0.12352102425672767, 
    0.14224160008210301
   ], 
   [
    0.06352116097889558, 
    0.0035327781899223585, 
    0.18500951285027606, 
    0.05439549084884861, 
    0.13573057200413505, 
    0.2288575109557798, 
    0.1406865710877995, 
    0, 
    0.15459425524923248, 
    0.033672147835110515
   ], 
   [
    0.016248565606779043, 
    0.2317757764859339, 
    0.07513094352591085, 
    0.01927967834251162, 
    0.12474350056022819, 
    0.13546635987311695, 
    0.22353137940507795, 
    0.05789810551946407, 
    0, 
    0.11592569068097722
   ], 
   [
    0.13982513321948142, 
    0.009424107856139311, 
    0.03656365696046215, 
    0.2696748721991647, 
    0.05486030483540675, 
    0.17356178194647826, 
    0.022794585492052405, 
    0.12975806695247744, 
    0.16353749053833777, 
    0
   ]
  ]
 }, 
 "vehicle_capacities": [
  5, 
  5, 
  15, 
  25, 
  25, 
  30, 
  30, 
  30, 
  30, 
  30
 ]
}