{
 "distance_matrix": [
  [
   0, 
   90.6, 
   65.2, 
   45.6, 
   137.5, 
   31.9, 
   185.9, 
   132, 
   119.1, 
   90.2
  ], 
  [
   90.6, 
   0, 
   25.4, 
   62.3, 
   110.8, 
   105.6, 
   259.6, 
   112, 
   48.6, 
   129.3
  ], 
  [
   65.2, 
   25.4, 
   0, 
   87.7, 
   136.2, 
   97.1, 
   251.1, 
   137.4, 
   74, 
   154.7
  ], 
  [
   45.6, 
   62.3, 
   87.7, 
   0, 
   91.9, 
   43.3, 
   197.3, 
   86.4, 
   73.5, 
   67
  ], 
  [
   137.5, 
   110.8, 
   136.2, 
   91.9, 
   0, 
   135.2, 
   268.3, 
   70.2, 
   62.2, 
   127.3
  ], 
  [
   31.9, 
   105.6, 
   97.1, 
   43.3, 
   135.2, 
   0, 
   154, 
   129.7, 
   116.8, 
   80.1
  ], 
  [
   185.9, 
   259.6, 
   251.1, 
   197.3, 
   268.3, 
   154, 
   0, 
   198.1, 
   270.8, 
   141
  ], 
  [
   132, 
   112, 
   137.4, 
   86.4, 
   70.2, 
   129.7, 
   198.1, 
   0, 
   96.2, 
   57.1
  ], 
  [
   119.1, 
   48.6, 
   74, 
   73.5, 
   62.2, 
   116.8, 
   270.8, 
   96.2, 
   0, 
   140.5
  ], 
  [
   90.2, 
   129.3, 
   154.7, 
   67, 
   127.3, 
   80.1, 
   141, 
   57.1, 
   140.5, 
   0
  ]
 ], 
 "runs": [
  {
   "avg_task_cost_vs_number_of_task": [
    847, 
    583.25, 
    556.1666666666666, 
    463.5, 
    524.8, 
    493.25000000000006, 
    555.5714285714287, 
    499.87500000000006, 
    462.94444444444446, 
    399.90000000000003, 
    390.40909090909093, 
    357.875, 
    334.15384615384613, 
    310.2857142857143, 
    289.6, 
    311.28125000000006, 
    280.6764705882353, 
    307.6666666666667, 
    293.07894736842104, 
    283.85, 
    296.6190476190476, 
    287.97727272727275, 
    275.1304347826087, 
    234.29166666666666, 
    278.2, 
    245.51923076923077, 
    229.2037037037037, 
    249.64285714285714, 
    274.39655172413796, 
    258.0166666666667
   ], 
   "number_of_vehicles": 2
  }, 
  {
   "avg_task_cost_vs_number_of_task": [
    847, 
    583.25, 
    556.1666666666666, 
    463.5, 
    524.8, 
    493.25000000000006, 
    540.7142857142858, 
    529.8125, 
    496.77777777777777, 
    458.65, 
    390.40909090909093, 
    382.2083333333333, 
    368.26923076923083, 
    353.32142857142856, 
    373.9666666666666, 
    335.875, 
    293.7647058823529, 
    273.00000000000006, 
    286.6842105263158, 
    296.95, 
    253.85714285714295, 
    282.95454545454544, 
    233.17391304347825, 
    302.6666666666667, 
    264.46, 
    276.36538461538464, 
    265.57407407407413, 
    248.08928571428572, 
    228.37931034482756, 
    268.93333333333334
   ], 
   "number_of_vehicles": 3
  }, 
  {
   "avg_task_cost_vs_number_of_task": [
    847, 
    583.25, 
    556.1666666666666, 
    463.5, 
    524.8, 
    493.25000000000006, 
    555.5714285714287, 
    499.87500000000006, 
    468.38888888888897, 
    458.65, 
    390.40909090909093, 
    382.2083333333333, 
    356.57692307692315, 
    319.9285714285715, 
    319.1, 
    301.53125000000006, 
    304.8529411764706, 
    281.2777777777778, 
    264.50000000000006, 
    260, 
    280.6904761904762, 
    293.77272727272737, 
    281.0652173913044, 
    262.0416666666666, 
    260.76, 
    287.96153846153845, 
    241.62962962962962, 
    210.80357142857147, 
    213.1034482758621, 
    229.33333333333334
   ], 
   "number_of_vehicles": 4
  }, 
  {
   "avg_task_cost_vs_number_of_task": [
    847, 
    583.25, 
    556.1666666666666, 
    463.5, 
    524.8, 
    493.25000000000006, 
    523.5000000000001, 
    506.12500000000006, 
    427.9444444444445, 
    429.05000000000007, 
    394.90909090909093, 
    357.875, 
    334.15384615384613, 
    355.17857142857144, 
    319.1, 
    317.21875, 
    276.5882352941177, 
    294.5, 
    264.39473684210526, 
    284.725, 
    283.57142857142856, 
    260.77272727272725, 
    256.5, 
    250.25, 
    239.6, 
    258.28846153846155, 
    216.92592592592592, 
    243.82142857142858, 
    224.58620689655174, 
    285.28333333333336
   ], 
   "number_of_vehicles": 5
  }
 ], 
 "vehicle_starting_positions": [
  "Almere", 
  "Groningen", 
  "Breda", 
  "Eindhoven", 
  "Apeldoorn", 
  "Den Haag", 
  "Nijmegen", 
  "Utrecht", 
  "Amsterdam", 
  "Rotterdam"
 ], 
 "task_distribution": {
  "weight_matrix": [
   [
    0, 
    3, 
    3, 
    3, 
    3, 
    3, 
    3, 
    3, 
    3, 
    3
   ], 
   [
    3, 
    0, 
    3, 
    3, 
    3, 
    3, 
    3, 
    3, 
    3, 
    3
   ], 
   [
    3, 
    3, 
    0, 
    3, 
    3, 
    3, 
    3, 
    3, 
    3, 
    3
   ], 
   [
    3, 
    3, 
    3, 
    0, 
    3, 
    3, 
    3, 
    3, 
    3, 
    3
   ], 
   [
    3, 
    3, 
    3, 
    3, 
    0, 
    3, 
    3, 
    3, 
    3, 
    3
   ], 
   [
    3, 
    3, 
    3, 
    3, 
    3, 
    0, 
    3, 
    3, 
    3, 
    3
   ], 
   [
    3, 
    3, 
    3, 
    3, 
    3, 
    3, 
    0, 
    3, 
    3, 
    3
   ], 
   [
    3, 
    3, 
    3, 
    3, 
    3, 
    3, 
    3, 
    0, 
    3, 
    3
   ], 
   [
    3, 
    3, 
    3, 
    3, 
    3, 
    3, 
    3, 
    3, 
    0, 
    3
   ], 
   [
    3, 
    3, 
    3, 
    3, 
    3, 
    3, 
    3, 
    3, 
    3, 
    0
   ]
  ], 
  "city_names": [
   "Amsterdam", 
   "Rotterdam", 
   "Den Haag", 
   "Utrecht", 
   "Eindhoven", 
   "Almere", 
   "Groningen", 
   "Nijmegen", 
   "Breda", 
   "Apeldoorn"
  ], 
  "reward_matrix": [
   [
    0, 
    73456, 
    83796, 
    91775, 
    54364, 
    97352, 
    34661, 
    56603, 
    61855, 
    73619
   ], 
   [
    73456, 
    0, 
    99999, 
    84977, 
    65233, 
    67350, 
    4659, 
    64745, 
    90554, 
    57702
   ], 
   [
    83796, 
    99999, 
    0, 
    74637, 
    54893, 
    70810, 
    8119, 
    54405, 
    80214, 
    47362
   ], 
   [
    91775, 
    84977, 
    74637, 
    0, 
    72927, 
    92712, 
    30020, 
    75166, 
    80418, 
    83064
   ], 
   [
    54364, 
    65233, 
    54893, 
    72927, 
    0, 
    55300, 
    1117, 
    81761, 
    85018, 
    58516
   ], 
   [
    97352, 
    67350, 
    70810, 
    92712, 
    55300, 
    0, 
    47647, 
    57539, 
    62791, 
    77731
   ], 
   [
    34661, 
    4659, 
    8119, 
    30020, 
    1117, 
    47647, 
    0, 
    29695, 
    100, 
    52939
   ], 
   [
    56603, 
    64745, 
    54405, 
    75166, 
    81761, 
    57539, 
    29695, 
    0, 
    71177, 
    87094
   ], 
   [
    61855, 
    90554, 
    80214, 
    80418, 
    85018, 
    62791, 
    100, 
    71177, 
    0, 
    53143
   ], 
   [
    73619, 
    57702, 
    47362, 
    83064, 
    58516, 
    77731, 
    52939, 
    87094, 
    53143, 
    0
   ]
  ],