{
 "vehicle_cost_per_km": [
  5, 
  5, 
  5, 
  5, 
  5
 ], 
 "runs": [
  {
   "avg_task_cost_vs_number_of_task": [
    1920, 
    1123, 
    852.3333333333334, 
    865.25, 
    729.5, 
    813.3333333333334, 
    556.1428571428571, 
    630.1250000000001, 
    585, 
    549.05, 
    529, 
    417.37500000000006, 
    393.50000000000006, 
    468.14285714285717, 
    355.70000000000005, 
    442.4375, 
    335.99999999999994, 
    302.6388888888889, 
    280.2631578947368, 
    269.05, 
    319.07142857142856, 
    384.45454545454544, 
    328.8695652173913, 
    312.99999999999994, 
    280.4000000000001, 
    320.4230769230769, 
    293.33333333333337, 
    299.7142857142858, 
    270.25862068965523, 
    248.08333333333337
   ], 
   "number_of_vehicles": 5
  }
 ], 
 "vehicle_starting_positions": [
  "Amsterdam", 
  "Rotterdam", 
  "Den Haag", 
  "Utrecht", 
  "Eindhoven", 
  "Almere", 
  "Groningen", 
  "Nijmegen", 
  "Breda", 
  "Apeldoorn"
 ], 
 "task_distribution": {
  "distance_matrix": [
   [
    0, 
    90.6, 
    65.2, 
    45.6, 
    137.5, 
    31.9, 
    185.9, 
    132, 
    119.1, 
    90.2
   ], 
   [
    90.6, 
    0, 
    25.4, 
    62.3, 
    110.8, 
    105.6, 
    259.6, 
    112, 
    48.6, 
    129.3
   ], 
   [
    65.2, 
    25.4, 
    0, 
    87.7, 
    136.2, 
    97.1, 
    251.1, 
    137.4, 
    74, 
    154.7
   ], 
   [
    45.6, 
    62.3, 
    87.7, 
    0, 
    91.9, 
    43.3, 
    197.3, 
    86.4, 
    73.5, 
    67
   ], 
   [
    137.5, 
    110.8, 
    136.2, 
    91.9, 
    0, 
    135.2, 
    268.3, 
    70.2, 
    62.2, 
    127.3
   ], 
   [
    31.9, 
    105.6, 
    97.1, 
    43.3, 
    135.2, 
    0, 
    154, 
    129.7, 
    116.8, 
    80.1
   ], 
   [
    185.9, 
    259.6, 
    251.1, 
    197.3, 
    268.3, 
    154, 
    0, 
    198.1, 
    270.8, 
    141
   ], 
   [
    132, 
    112, 
    137.4, 
    86.4, 
    70.2, 
    129.7, 
    198.1, 
    0, 
    96.2, 
    57.1
   ], 
   [
    119.1, 
    48.6, 
    74, 
    73.5, 
    62.2, 
    116.8, 
    270.8, 
    96.2, 
    0, 
    140.5
   ], 
   [
    90.2, 
    129.3, 
    154.7, 
    67, 
    127.3, 
    80.1, 
    141, 
    57.1, 
    140.5, 
    0
   ]
  ], 
  "weight_matrix": [
   [
    0, 
    3, 
    3, 
    3, 
    3, 
    3, 
    3, 
    3, 
    3, 
    3
   ], 
   [
    3, 
    0, 
    3, 
    3, 
    3, 
    3, 
    3, 
    3, 
    3, 
    3
   ], 
   [
    3, 
    3, 
    0, 
    3, 
    3, 
    3, 
    3, 
    3, 
    3, 
    3
   ], 
   [
    3, 
    3, 
    3, 
    0, 
    3, 
    3, 
    3, 
    3, 
    3, 
    3
   ], 
   [
    3, 
    3, 
    3, 
    3, 
    0, 
    3, 
    3, 
    3, 
    3, 
    3
   ], 
   [
    3, 
    3, 
    3, 
    3, 
    3, 
    0, 
    3, 
    3, 
    3, 
    3
   ], 
   [
    3, 
    3, 
    3, 
    3, 
    3, 
    3, 
    0, 
    3, 
    3, 
    3
   ], 
   [
    3, 
    3, 
    3, 
    3, 
    3, 
    3, 
    3, 
    0, 
    3, 
    3
   ], 
   [
    3, 
    3, 
    3, 
    3, 
    3, 
    3, 
    3, 
    3, 
    0, 
    3
   ], 
   [
    3, 
    3, 
    3, 
    3, 
    3, 
    3, 
    3, 
    3, 
    3, 
    0
   ]
  ], 
  "city_names": [
   "Amsterdam", 
   "Rotterdam", 
   "Den Haag", 
   "Utrecht", 
   "Eindhoven", 
   "Almere", 
   "Groningen", 
   "Nijmegen", 
   "Breda", 
   "Apeldoorn"
  ], 
  "reward_matrix": [
   [
    0, 
    73456, 
    83796, 
    91775, 
    54364, 
    97352, 
    34661, 
    56603, 
    61855, 
    73619
   ], 
   [
    73456, 
    0, 
    99999, 
    84977, 
    65233, 
    67350, 
    4659, 
    64745, 
    90554, 
    57702
   ], 
   [
    83796, 
    99999, 
    0, 
    74637, 
    54893, 
    70810, 
    8119, 
    54405, 
    80214, 
    47362
   ], 
   [
    91775, 
    84977, 
    74637, 
    0, 
    72927, 
    92712, 
    30020, 
    75166, 
    80418, 
    83064
   ], 
   [
    54364, 
    65233, 
    54893, 
    72927, 
    0, 
    55300, 
    1117, 
    81761, 
    85018, 
    58516
   ], 
   [
    97352, 
    67350, 
    70810, 
    92712, 
    55300, 
    0, 
    47647, 
    57539, 
    62791, 
    77731
   ], 
   [
    34661, 
    4659, 
    8119, 
    30020, 
    1117, 
    47647, 
    0, 
    29695, 
    100, 
    52939
   ], 
   [
    56603, 
    64745, 
    54405, 
    75166, 
    81761, 
    57539, 
    29695, 
    0, 
    71177, 
    87094
   ], 
   [
    61855, 
    90554, 
    80214, 
    80418, 
    85018, 
    62791, 
    100, 
    71177, 
    0, 
    53143
   ], 
   [
    73619, 
    57702, 
    47362, 
    83064, 
    58516, 
    77731, 
    52939, 
    87094, 
    53143, 
    0
   ]
  ], 
  "probability_matrix": [
   [
    0, 
    0.1700612661264461, 
    0.09194067667556334, 
    0.12187126299582857, 
    0.08949766913392931, 
    0.17228012928447914, 
    0.10438733179850258, 
    0.07973095434240898, 
    0.0004513980183279831, 
    0.16977931162451398
   ], 
   [
    0.050708285780130896, 
    0, 
    0.1420050811661213, 
    0.17402026260706915, 
    0.23459136915011083, 
    0.09293206982207927, 
    0.012837920736603746, 
    0.07494318046038334, 
    0.1591328114875552, 
    0.05882901878994612
   ], 
   [
    0.08289188973483014, 
    0.0644934459178865, 
    0, 
    0.0975293617421039, 
    0.08794651713272435, 
    0.11625616152145496, 
    0.13827237063142575, 
    0.14039654408242033, 
    0.09039084112120908, 
    0.18182286811594503
   ], 
   [
    0.07611458508074856, 
    0.1670854377686975, 
    0.06662888229747709, 
    0, 
    0.11352028371393366, 
    0.05241516100271561, 
    0.07284504653898652, 
    0.08482261157371021, 
    0.1007451914472059, 
    0.2658228005765251
   ], 
   [
    0.10383238104390011, 
    0.025004892574255966, 
    0.004662056376755762, 
    0.061241049412718684, 
    0, 
    0.10358660575084604, 
    0.13524464886387713, 
    0.15300135213840688, 
    0.1853901203159609, 
    0.22803689352327852
   ], 
   [
    0.14002743294992634, 
    0.03277587556920541, 
    0.11849322007379737, 
    0.04646084334540448, 
    0.2044908343913844, 
    0, 
    0.1931680345314331, 
    0.026851757199121945, 
    0.10867569560258394, 
    0.12905630633714307
   ], 
   [
    0.19697628806596, 
    0.2000197130971079, 
    0.1394689948737959, 
    0.16112208523607213, 
    0.034886377937272596, 
    0.021206882935047317, 
    0, 
    0.10722709797930015, 
    0.12203329622839934, 
    0.01705926364704469
   ], 
   [
    0.15728622656978722, 
    0.12141126400164594, 
    0.11449451077219262, 
    0.05408404426290152, 
    0.1612668114530096, 
    0.14921609099547384, 
    0.10209421837400873, 
    0, 
    0.07500416518875447, 
    0.06514266838222608
   ], 
   [
    0.04282457128057141, 
    0.024986286117075825, 
    0.17481521437558994, 
    0.2201401874960661, 
    0.09165404638017469, 
    0.05374167063609503, 
    0.15314015508959541, 
    0.23492774887285026, 
    0, 
    0.0037701197519814295
   ], 
   [
    0.1708951103835412, 
    0.010738245894447647, 
    0.007819987887623706, 
    0.22673922865281462, 
    0.0611591152198663, 
    0.010925893522717575, 
    0.21907790827903303, 
    0.21201013453275505, 
    0.080634375627201, 
    0
   ]
  ]
 }, 
 "vehicle_capacities": [
  5, 
  5, 
  10, 
  10, 
  20, 
  30, 
  30, 
  30, 
  30, 
  30
 ]
}