{
 "vehicle_cost_per_km": [
  5, 
  5, 
  5, 
  5, 
  5
 ], 
 "runs": [
  {
   "avg_task_cost_vs_number_of_task": [
    486, 
    503.5, 
    560.8333333333334, 
    689.25, 
    606.8000000000001, 
    505.66666666666674, 
    490.7857142857143, 
    454.125, 
    378.3333333333333, 
    386.1, 
    351, 
    365.9583333333333, 
    302.5384615384615, 
    313.67857142857144, 
    278.1666666666667, 
    283.34375, 
    280, 
    256.6388888888889, 
    320.0263157894737, 
    236, 
    232.9047619047619, 
    236.45454545454547, 
    238.2608695652174, 
    241.625, 
    229.36000000000004, 
    201.84615384615384, 
    230.70370370370372, 
    262.51785714285717, 
    239.6206896551724, 
    258.5
   ], 
   "number_of_vehicles": 5
  }
 ], 
 "vehicle_starting_positions": [
  "Amsterdam", 
  "Rotterdam", 
  "Den Haag", 
  "Utrecht", 
  "Eindhoven", 
  "Almere", 
  "Groningen", 
  "Nijmegen", 
  "Breda", 
  "Apeldoorn"
 ], 
 "task_distribution": {
  "distance_matrix": [
   [
    0, 
    90.6, 
    65.2, 
    45.6, 
    137.5, 
    31.9, 
    185.9, 
    132, 
    119.1, 
    90.2
   ], 
   [
    90.6, 
    0, 
    25.4, 
    62.3, 
    110.8, 
    105.6, 
    259.6, 
    112, 
    48.6, 
    129.3
   ], 
   [
    65.2, 
    25.4, 
    0, 
    87.7, 
    136.2, 
    97.1, 
    251.1, 
    137.4, 
    74, 
    154.7
   ], 
   [
    45.6, 
    62.3, 
    87.7, 
    0, 
    91.9, 
    43.3, 
    197.3, 
    86.4, 
    73.5, 
    67
   ], 
   [
    137.5, 
    110.8, 
    136.2, 
    91.9, 
    0, 
    135.2, 
    268.3, 
    70.2, 
    62.2, 
    127.3
   ], 
   [
    31.9, 
    105.6, 
    97.1, 
    43.3, 
    135.2, 
    0, 
    154, 
    129.7, 
    116.8, 
    80.1
   ], 
   [
    185.9, 
    259.6, 
    251.1, 
    197.3, 
    268.3, 
    154, 
    0, 
    198.1, 
    270.8, 
    141
   ], 
   [
    132, 
    112, 
    137.4, 
    86.4, 
    70.2, 
    129.7, 
    198.1, 
    0, 
    96.2, 
    57.1
   ], 
   [
    119.1, 
    48.6, 
    74, 
    73.5, 
    62.2, 
    116.8, 
    270.8, 
    96.2, 
    0, 
    140.5
   ], 
   [
    90.2, 
    129.3, 
    154.7, 
    67, 
    127.3, 
    80.1, 
    141, 
    57.1, 
    140.5, 
    0
   ]
  ], 
  "weight_matrix": [
   [
    0, 
    3, 
    3, 
    3, 
    3, 
    3, 
    3, 
    3, 
    3, 
    3
   ], 
   [
    3, 
    0, 
    3, 
    3, 
    3, 
    3, 
    3, 
    3, 
    3, 
    3
   ], 
   [
    3, 
    3, 
    0, 
    3, 
    3, 
    3, 
    3, 
    3, 
    3, 
    3
   ], 
   [
    3, 
    3, 
    3, 
    0, 
    3, 
    3, 
    3, 
    3, 
    3, 
    3
   ], 
   [
    3, 
    3, 
    3, 
    3, 
    0, 
    3, 
    3, 
    3, 
    3, 
    3
   ], 
   [
    3, 
    3, 
    3, 
    3, 
    3, 
    0, 
    3, 
    3, 
    3, 
    3
   ], 
   [
    3, 
    3, 
    3, 
    3, 
    3, 
    3, 
    0, 
    3, 
    3, 
    3
   ], 
   [
    3, 
    3, 
    3, 
    3, 
    3, 
    3, 
    3, 
    0, 
    3, 
    3
   ], 
   [
    3, 
    3, 
    3, 
    3, 
    3, 
    3, 
    3, 
    3, 
    0, 
    3
   ], 
   [
    3, 
    3, 
    3, 
    3, 
    3, 
    3, 
    3, 
    3, 
    3, 
    0
   ]
  ], 
  "city_names": [
   "Amsterdam", 
   "Rotterdam", 
   "Den Haag", 
   "Utrecht", 
   "Eindhoven", 
   "Almere", 
   "Groningen", 
   "Nijmegen", 
   "Breda", 
   "Apeldoorn"
  ], 
  "reward_matrix": [
   [
    0, 
    73456, 
    83796, 
    91775, 
    54364, 
    97352, 
    34661, 
    56603, 
    61855, 
    73619
   ], 
   [
    73456, 
    0, 
    99999, 
    84977, 
    65233, 
    67350, 
    4659, 
    64745, 
    90554, 
    57702
   ], 
   [
    83796, 
    99999, 
    0, 
    74637, 
    54893, 
    70810, 
    8119, 
    54405, 
    80214, 
    47362
   ], 
   [
    91775, 
    84977, 
    74637, 
    0, 
    72927, 
    92712, 
    30020, 
    75166, 
    80418, 
    83064
   ], 
   [
    54364, 
    65233, 
    54893, 
    72927, 
    0, 
    55300, 
    1117, 
    81761, 
    85018, 
    58516
   ], 
   [
    97352, 
    67350, 
    70810, 
    92712, 
    55300, 
    0, 
    47647, 
    57539, 
    62791, 
    77731
   ], 
   [
    34661, 
    4659, 
    8119, 
    30020, 
    1117, 
    47647, 
    0, 
    29695, 
    100, 
    52939
   ], 
   [
    56603, 
    64745, 
    54405, 
    75166, 
    81761, 
    57539, 
    29695, 
    0, 
    71177, 
    87094
   ], 
   [
    61855, 
    90554, 
    80214, 
    80418, 
    85018, 
    62791, 
    100, 
    71177, 
    0, 
    53143
   ], 
   [
    73619, 
    57702, 
    47362, 
    83064, 
    58516, 
    77731, 
    52939, 
    87094, 
    53143, 
    0
   ]
  ], 
  "probability_matrix": [
   [
    0, 
    0.16192527708217527, 
    0.043260151097474296, 
    0.23866044841831272, 
    0.2031488268524329, 
    0.022826871363996755, 
    0.07794693859581947, 
    0.07963535961794653, 
    0.061079966327271897, 
    0.11151616064457018
   ], 
   [
    0.09586218149378187, 
    0, 
    0.08741852938379395, 
    0.016412485077306575, 
    0.20209002307506144, 
    0.10719673920640496, 
    0.20211351461168064, 
    0.17683051514616985, 
    0.11071935816496281, 
    0.0013566538408381046
   ], 
   [
    0.17856847145979599, 
    0.021808647444278764, 
    0, 
    0.06111096765297357, 
    0.1355289543501805, 
    0.1946419940642029, 
    0.1312568356885041, 
    0.166241143298792, 
    0.05062949873406712, 
    0.0602134873072051
   ], 
   [
    0.11674774759573903, 
    0.04333381840077215, 
    0.009809462909302517, 
    0, 
    0.13604875457147828, 
    0.01125570462123821, 
    0.0339563310774297, 
    0.18923675906537774, 
    0.24247011876934377, 
    0.21714130298931855
   ], 
   [
    0.06682542323186447, 
    0.12360798671890544, 
    0.13501590929534518, 
    0.0565975875853702, 
    0, 
    0.13263398609385116, 
    0.1503879275412593, 
    0.13106894144559778, 
    0.07328831754273372, 
    0.13057392054507266
   ], 
   [
    0.05713080716088232, 
    0.06818216814974469, 
    0.22898872431149217, 
    0.10817182858015487, 
    0.06951043394664828, 
    0, 
    0.15728305089508776, 
    0.21125226577042952, 
    0.011926403966931412, 
    0.08755431721862902
   ], 
   [
    0.10843030167107183, 
    0.14316463824569728, 
    0.14018326434513392, 
    0.144387386808254, 
    0.00646907361057092, 
    0.0341318581279515, 
    0, 
    0.060038239676946784, 
    0.2767901620275267, 
    0.08640507548684705
   ], 
   [
    0.03417503699259021, 
    0.003924604975598374, 
    0.17646637936843892, 
    0.2733206186160092, 
    0.17055674886379282, 
    0.1838596649737383, 
    0.046445946954954756, 
    0, 
    0.04005494543896126, 
    0.07119605381591608
   ], 
   [
    0.07112911953708372, 
    0.16827378801813744, 
    0.20794331326539583, 
    0.11559930137895982, 
    0.02737437284113265, 
    0.213090180872531, 
    0.12813888192505454, 
    0.040313893122620535, 
    0, 
    0.028137149039084597
   ], 
   [
    0.11376210160151011, 
    0.1491437863280193, 
    0.07525441221656368, 
    0.07017836357973528, 
    0.06203386127907544, 
    0.21640461591934174, 
    0.017032477231116123, 
    0.12511623372255845, 
    0.17107414812208002, 
    0
   ]
  ]
 }, 
 "vehicle_capacities": [
  5, 
  10, 
  20, 
  20, 
  30, 
  30, 
  30, 
  30, 
  30, 
  30
 ]
}