{
 "vehicle_cost_per_km": [
  5, 
  5, 
  5, 
  5, 
  5
 ], 
 "runs": [
  {
   "avg_task_cost_vs_number_of_task": [
    1920, 
    960, 
    800.3333333333334, 
    706.9999999999999, 
    683.5, 
    569.5833333333334, 
    569.2857142857143, 
    434.31249999999994, 
    437.1111111111111, 
    398.49999999999994, 
    357.6363636363636, 
    338.41666666666663, 
    337.96153846153845, 
    320.5357142857142, 
    314.8, 
    315.5, 
    291.88235294117646, 
    287.69444444444446, 
    327.3947368421053, 
    331.75, 
    307.6666666666667, 
    288.8636363636364, 
    285.2391304347826, 
    320.125, 
    282.12000000000006, 
    309.2307692307692, 
    292.51851851851853, 
    283.01785714285717, 
    292.2068965517241, 
    307.4
   ], 
   "number_of_vehicles": 5
  }
 ], 
 "vehicle_starting_positions": [
  "Amsterdam", 
  "Rotterdam", 
  "Den Haag", 
  "Utrecht", 
  "Eindhoven", 
  "Almere", 
  "Groningen", 
  "Nijmegen", 
  "Breda", 
  "Apeldoorn"
 ], 
 "task_distribution": {
  "distance_matrix": [
   [
    0, 
    90.6, 
    65.2, 
    45.6, 
    137.5, 
    31.9, 
    185.9, 
    132, 
    119.1, 
    90.2
   ], 
   [
    90.6, 
    0, 
    25.4, 
    62.3, 
    110.8, 
    105.6, 
    259.6, 
    112, 
    48.6, 
    129.3
   ], 
   [
    65.2, 
    25.4, 
    0, 
    87.7, 
    136.2, 
    97.1, 
    251.1, 
    137.4, 
    74, 
    154.7
   ], 
   [
    45.6, 
    62.3, 
    87.7, 
    0, 
    91.9, 
    43.3, 
    197.3, 
    86.4, 
    73.5, 
    67
   ], 
   [
    137.5, 
    110.8, 
    136.2, 
    91.9, 
    0, 
    135.2, 
    268.3, 
    70.2, 
    62.2, 
    127.3
   ], 
   [
    31.9, 
    105.6, 
    97.1, 
    43.3, 
    135.2, 
    0, 
    154, 
    129.7, 
    116.8, 
    80.1
   ], 
   [
    185.9, 
    259.6, 
    251.1, 
    197.3, 
    268.3, 
    154, 
    0, 
    198.1, 
    270.8, 
    141
   ], 
   [
    132, 
    112, 
    137.4, 
    86.4, 
    70.2, 
    129.7, 
    198.1, 
    0, 
    96.2, 
    57.1
   ], 
   [
    119.1, 
    48.6, 
    74, 
    73.5, 
    62.2, 
    116.8, 
    270.8, 
    96.2, 
    0, 
    140.5
   ], 
   [
    90.2, 
    129.3, 
    154.7, 
    67, 
    127.3, 
    80.1, 
    141, 
    57.1, 
    140.5, 
    0
   ]
  ], 
  "weight_matrix": [
   [
    0, 
    3, 
    3, 
    3, 
    3, 
    3, 
    3, 
    3, 
    3, 
    3
   ], 
   [
    3, 
    0, 
    3, 
    3, 
    3, 
    3, 
    3, 
    3, 
    3, 
    3
   ], 
   [
    3, 
    3, 
    0, 
    3, 
    3, 
    3, 
    3, 
    3, 
    3, 
    3
   ], 
   [
    3, 
    3, 
    3, 
    0, 
    3, 
    3, 
    3, 
    3, 
    3, 
    3
   ], 
   [
    3, 
    3, 
    3, 
    3, 
    0, 
    3, 
    3, 
    3, 
    3, 
    3
   ], 
   [
    3, 
    3, 
    3, 
    3, 
    3, 
    0, 
    3, 
    3, 
    3, 
    3
   ], 
   [
    3, 
    3, 
    3, 
    3, 
    3, 
    3, 
    0, 
    3, 
    3, 
    3
   ], 
   [
    3, 
    3, 
    3, 
    3, 
    3, 
    3, 
    3, 
    0, 
    3, 
    3
   ], 
   [
    3, 
    3, 
    3, 
    3, 
    3, 
    3, 
    3, 
    3, 
    0, 
    3
   ], 
   [
    3, 
    3, 
    3, 
    3, 
    3, 
    3, 
    3, 
    3, 
    3, 
    0
   ]
  ], 
  "city_names": [
   "Amsterdam", 
   "Rotterdam", 
   "Den Haag", 
   "Utrecht", 
   "Eindhoven", 
   "Almere", 
   "Groningen", 
   "Nijmegen", 
   "Breda", 
   "Apeldoorn"
  ], 
  "reward_matrix": [
   [
    0, 
    73456, 
    83796, 
    91775, 
    54364, 
    97352, 
    34661, 
    56603, 
    61855, 
    73619
   ], 
   [
    73456, 
    0, 
    99999, 
    84977, 
    65233, 
    67350, 
    4659, 
    64745, 
    90554, 
    57702
   ], 
   [
    83796, 
    99999, 
    0, 
    74637, 
    54893, 
    70810, 
    8119, 
    54405, 
    80214, 
    47362
   ], 
   [
    91775, 
    84977, 
    74637, 
    0, 
    72927, 
    92712, 
    30020, 
    75166, 
    80418, 
    83064
   ], 
   [
    54364, 
    65233, 
    54893, 
    72927, 
    0, 
    55300, 
    1117, 
    81761, 
    85018, 
    58516
   ], 
   [
    97352, 
    67350, 
    70810, 
    92712, 
    55300, 
    0, 
    47647, 
    57539, 
    62791, 
    77731
   ], 
   [
    34661, 
    4659, 
    8119, 
    30020, 
    1117, 
    47647, 
    0, 
    29695, 
    100, 
    52939
   ], 
   [
    56603, 
    64745, 
    54405, 
    75166, 
    81761, 
    57539, 
    29695, 
    0, 
    71177, 
    87094
   ], 
   [
    61855, 
    90554, 
    80214, 
    80418, 
    85018, 
    62791, 
    100, 
    71177, 
    0, 
    53143
   ], 
   [
    73619, 
    57702, 
    47362, 
    83064, 
    58516, 
    77731, 
    52939, 
    87094, 
    53143, 
    0
   ]
  ], 
  "probability_matrix": [
   [
    0, 
    0.2478281882502864, 
    0.16990790114217963, 
    0.14956173715022678, 
    0.002443860140527311, 
    0.1334311040336083, 
    0.0009308778704793333, 
    0.0479180288771356, 
    0.19825300585558311, 
    0.04972529667997339
   ], 
   [
    0.13302779193412434, 
    0, 
    0.04296353900124879, 
    0.08596043015996699, 
    0.16141783167117602, 
    0.02564992983391128, 
    0.10579250099304172, 
    0.1136472680352429, 
    0.17026874419026142, 
    0.16127196418102663
   ], 
   [
    0.0018985789254230246, 
    0.1053607485710952, 
    0, 
    0.05437815220925735, 
    0.2221753292756157, 
    0.04640153429152115, 
    0.23934219726159625, 
    0.11012064140449927, 
    0.2110156484112193, 
    0.009307169649772783
   ], 
   [
    0.049637843421253575, 
    0.06205633773058142, 
    0.1495970278406849, 
    0, 
    0.11417226421386481, 
    0.10657478270335927, 
    0.13879186849619385, 
    0.0575066036294479, 
    0.16157801228004273, 
    0.16008525968457166
   ], 
   [
    0.15235569409921218, 
    0.06490918575310646, 
    0.020461733798001352, 
    0.1387445066354717, 
    0, 
    0.1878424812767287, 
    0.11529003541136523, 
    0.09946975518893886, 
    0.1413562067004871, 
    0.07957040113668834
   ], 
   [
    0.27228907837264493, 
    0.022769812218959917, 
    0.033729432070321475, 
    0.0012993898441366796, 
    0.14353600322451013, 
    0, 
    0.06523797684743943, 
    0.056101389885179945, 
    0.21711794290290742, 
    0.18791897463390023
   ], 
   [
    0.0689883696984488, 
    0.11991449315319944, 
    0.050734702688045544, 
    0.158064459955877, 
    0.16522551396642418, 
    0.14576736452683228, 
    0, 
    0.09431544535101628, 
    0.15391283073902745, 
    0.043076819921129036
   ], 
   [
    0.1656796199770747, 
    0.19816311755990967, 
    0.031959765409579906, 
    0.06770879158056088, 
    0.04970189191504267, 
    0.01210063777116147, 
    0.15475253972162645, 
    0, 
    0.13992945744727514, 
    0.18000417861776918
   ], 
   [
    0.16675780652979438, 
    0.03671786808532957, 
    0.13838435099107677, 
    0.03370093874378598, 
    0.1500993998221005, 
    0.16726145715697716, 
    0.06030144027679508, 
    0.14555522431749568, 
    0, 
    0.10122151407664483
   ], 
   [
    0.06357300238667636, 
    0.17269340689176768, 
    0.012531661127837814, 
    0.07874189456454021, 
    0.1457525496503151, 
    0.12091305120760384, 
    0.070690429526866, 
    0.16412661185101987, 
    0.1709773927933731, 
    0
   ]
  ]
 }, 
 "vehicle_capacities": [
  10, 
  15, 
  15, 
  15, 
  15, 
  30, 
  30, 
  30, 
  30, 
  30
 ]
}