{
 "vehicle_cost_per_km": [
  5, 
  5, 
  5, 
  5, 
  5
 ], 
 "runs": [
  {
   "avg_task_cost_vs_number_of_task": [
    687.5, 
    1390.75, 
    941.6666666666666, 
    763.25, 
    681, 
    581.9166666666666, 
    498.7857142857143, 
    436.4375, 
    454.5, 
    409.05, 
    332, 
    368.7916666666667, 
    349.1923076923077, 
    333.64285714285717, 
    313.93333333333334, 
    346.75, 
    340.0882352941176, 
    296.22222222222223, 
    294.55263157894734, 
    280.325, 
    268.76190476190476, 
    317.3636363636364, 
    251.8260869565217, 
    248.85416666666666, 
    319.74, 
    231.48076923076923, 
    257.44444444444446, 
    301.48214285714283, 
    277.3448275862069, 
    241.09999999999997
   ], 
   "number_of_vehicles": 5
  }
 ], 
 "vehicle_starting_positions": [
  "Amsterdam", 
  "Rotterdam", 
  "Den Haag", 
  "Utrecht", 
  "Eindhoven", 
  "Almere", 
  "Groningen", 
  "Nijmegen", 
  "Breda", 
  "Apeldoorn"
 ], 
 "task_distribution": {
  "distance_matrix": [
   [
    0, 
    90.6, 
    65.2, 
    45.6, 
    137.5, 
    31.9, 
    185.9, 
    132, 
    119.1, 
    90.2
   ], 
   [
    90.6, 
    0, 
    25.4, 
    62.3, 
    110.8, 
    105.6, 
    259.6, 
    112, 
    48.6, 
    129.3
   ], 
   [
    65.2, 
    25.4, 
    0, 
    87.7, 
    136.2, 
    97.1, 
    251.1, 
    137.4, 
    74, 
    154.7
   ], 
   [
    45.6, 
    62.3, 
    87.7, 
    0, 
    91.9, 
    43.3, 
    197.3, 
    86.4, 
    73.5, 
    67
   ], 
   [
    137.5, 
    110.8, 
    136.2, 
    91.9, 
    0, 
    135.2, 
    268.3, 
    70.2, 
    62.2, 
    127.3
   ], 
   [
    31.9, 
    105.6, 
    97.1, 
    43.3, 
    135.2, 
    0, 
    154, 
    129.7, 
    116.8, 
    80.1
   ], 
   [
    185.9, 
    259.6, 
    251.1, 
    197.3, 
    268.3, 
    154, 
    0, 
    198.1, 
    270.8, 
    141
   ], 
   [
    132, 
    112, 
    137.4, 
    86.4, 
    70.2, 
    129.7, 
    198.1, 
    0, 
    96.2, 
    57.1
   ], 
   [
    119.1, 
    48.6, 
    74, 
    73.5, 
    62.2, 
    116.8, 
    270.8, 
    96.2, 
    0, 
    140.5
   ], 
   [
    90.2, 
    129.3, 
    154.7, 
    67, 
    127.3, 
    80.1, 
    141, 
    57.1, 
    140.5, 
    0
   ]
  ], 
  "weight_matrix": [
   [
    0, 
    3, 
    3, 
    3, 
    3, 
    3, 
    3, 
    3, 
    3, 
    3
   ], 
   [
    3, 
    0, 
    3, 
    3, 
    3, 
    3, 
    3, 
    3, 
    3, 
    3
   ], 
   [
    3, 
    3, 
    0, 
    3, 
    3, 
    3, 
    3, 
    3, 
    3, 
    3
   ], 
   [
    3, 
    3, 
    3, 
    0, 
    3, 
    3, 
    3, 
    3, 
    3, 
    3
   ], 
   [
    3, 
    3, 
    3, 
    3, 
    0, 
    3, 
    3, 
    3, 
    3, 
    3
   ], 
   [
    3, 
    3, 
    3, 
    3, 
    3, 
    0, 
    3, 
    3, 
    3, 
    3
   ], 
   [
    3, 
    3, 
    3, 
    3, 
    3, 
    3, 
    0, 
    3, 
    3, 
    3
   ], 
   [
    3, 
    3, 
    3, 
    3, 
    3, 
    3, 
    3, 
    0, 
    3, 
    3
   ], 
   [
    3, 
    3, 
    3, 
    3, 
    3, 
    3, 
    3, 
    3, 
    0, 
    3
   ], 
   [
    3, 
    3, 
    3, 
    3, 
    3, 
    3, 
    3, 
    3, 
    3, 
    0
   ]
  ], 
  "city_names": [
   "Amsterdam", 
   "Rotterdam", 
   "Den Haag", 
   "Utrecht", 
   "Eindhoven", 
   "Almere", 
   "Groningen", 
   "Nijmegen", 
   "Breda", 
   "Apeldoorn"
  ], 
  "reward_matrix": [
   [
    0, 
    73456, 
    83796, 
    91775, 
    54364, 
    97352, 
    34661, 
    56603, 
    61855, 
    73619
   ], 
   [
    73456, 
    0, 
    99999, 
    84977, 
    65233, 
    67350, 
    4659, 
    64745, 
    90554, 
    57702
   ], 
   [
    83796, 
    99999, 
    0, 
    74637, 
    54893, 
    70810, 
    8119, 
    54405, 
    80214, 
    47362
   ], 
   [
    91775, 
    84977, 
    74637, 
    0, 
    72927, 
    92712, 
    30020, 
    75166, 
    80418, 
    83064
   ], 
   [
    54364, 
    65233, 
    54893, 
    72927, 
    0, 
    55300, 
    1117, 
    81761, 
    85018, 
    58516
   ], 
   [
    97352, 
    67350, 
    70810, 
    92712, 
    55300, 
    0, 
    47647, 
    57539, 
    62791, 
    77731
   ], 
   [
    34661, 
    4659, 
    8119, 
    30020, 
    1117, 
    47647, 
    0, 
    29695, 
    100, 
    52939
   ], 
   [
    56603, 
    64745, 
    54405, 
    75166, 
    81761, 
    57539, 
    29695, 
    0, 
    71177, 
    87094
   ], 
   [
    61855, 
    90554, 
    80214, 
    80418, 
    85018, 
    62791, 
    100, 
    71177, 
    0, 
    53143
   ], 
   [
    73619, 
    57702, 
    47362, 
    83064, 
    58516, 
    77731, 
    52939, 
    87094, 
    53143, 
    0
   ]
  ], 
  "probability_matrix": [
   [
    0, 
    0.13762137144434086, 
    0.15665113636236222, 
    0.0634824376092185, 
    0.1678391524664571, 
    0.14332473936726275, 
    0.0767926635385792, 
    0.10917008400979367, 
    0.07573206094994948, 
    0.06938635425203624
   ], 
   [
    0.039224596972170574, 
    0, 
    0.09633933811838055, 
    0.16699387775887328, 
    0.01918853787098932, 
    0.1197529587732632, 
    0.20943903053028123, 
    0.06397600663427054, 
    0.07810196437634569, 
    0.2069836889654257
   ], 
   [
    0.11609241706742768, 
    0.025193551038660646, 
    0, 
    0.14302175732403616, 
    0.1433164052924637, 
    0.12260943835460317, 
    0.10865498135907112, 
    0.06692085948259403, 
    0.1368656228833574, 
    0.1373249671977863
   ], 
   [
    0.08816092465878841, 
    0.11672537338774246, 
    0.23438922862048117, 
    0, 
    0.13951914842151705, 
    0.007571400158281781, 
    0.009907287378812399, 
    0.19920112427844966, 
    0.08172233940386614, 
    0.12280317369206097
   ], 
   [
    0.037136164884810745, 
    0.23431917033053334, 
    0.20730593282799073, 
    0.03192424562892543, 
    0, 
    0.10963662568819942, 
    0.1753472154705269, 
    0.0463936030932759, 
    0.09793764342790731, 
    0.059999398647830215
   ], 
   [
    0.12032861163814129, 
    0.05216912915112815, 
    0.053042502680028254, 
    0.03224664739802834, 
    0.17094695233213722, 
    0, 
    0.20025164060623296, 
    0.1670073768261779, 
    0.12901428881593813, 
    0.07499285055218786
   ], 
   [
    0.06971802423878543, 
    0.13775273673984215, 
    0.197397918070596, 
    0.13146784267322348, 
    0.00782731343981584, 
    0.09442488673096289, 
    0, 
    0.18116455073052642, 
    0.022450753202361496, 
    0.15779597417388633
   ], 
   [
    0.1980935344256581, 
    0.0657781550550865, 
    0.031665746671985795, 
    0.10948986903676118, 
    0.18640482459608554, 
    0.09487096952298633, 
    0.1443913230102877, 
    0, 
    0.13230776283054693, 
    0.03699781485060188
   ], 
   [
    0.1727090030939657, 
    0.07406085951443629, 
    0.1382750361634245, 
    0.145003813624503, 
    0.048783095086905155, 
    0.01090833151950308, 
    0.1473406646039565, 
    0.166489978442211, 
    0, 
    0.09642921795109498
   ], 
   [
    0.019796678581118526, 
    0.12115263657477134, 
    0.13745727746897707, 
    0.16553303314178974, 
    0.14366287642443284, 
    0.10651953926148022, 
    0.08107410042212294, 
    0.07819354417239688, 
    0.14661031395291035, 
    0
   ]
  ]
 }, 
 "vehicle_capacities": [
  10, 
  10, 
  20, 
  25, 
  30, 
  30, 
  30, 
  30, 
  30, 
  30
 ]
}