{
 "vehicle_cost_per_km": [
  5, 
  5, 
  5, 
  5, 
  5
 ], 
 "runs": [
  {
   "avg_task_cost_vs_number_of_task": [
    595.5, 
    588.5, 
    487.5, 
    422.625, 
    649.7, 
    593.2500000000001, 
    543.7142857142859, 
    466.31250000000006, 
    432.7222222222223, 
    389.45000000000005, 
    385.8181818181818, 
    353.6666666666667, 
    317.00000000000006, 
    299.9642857142858, 
    311.4333333333334, 
    313.6875, 
    299.97058823529414, 
    309.30555555555554, 
    221.02631578947373, 
    313.2, 
    302.71428571428567, 
    298.00000000000006, 
    240.7826086956522, 
    285.5416666666666, 
    296.32, 
    279.0769230769231, 
    246.22222222222223, 
    280.05357142857144, 
    282.67241379310343, 
    251.9833333333333
   ], 
   "number_of_vehicles": 5
  }
 ], 
 "vehicle_starting_positions": [
  "Amsterdam", 
  "Rotterdam", 
  "Den Haag", 
  "Utrecht", 
  "Eindhoven", 
  "Almere", 
  "Groningen", 
  "Nijmegen", 
  "Breda", 
  "Apeldoorn"
 ], 
 "task_distribution": {
  "distance_matrix": [
   [
    0, 
    90.6, 
    65.2, 
    45.6, 
    137.5, 
    31.9, 
    185.9, 
    132, 
    119.1, 
    90.2
   ], 
   [
    90.6, 
    0, 
    25.4, 
    62.3, 
    110.8, 
    105.6, 
    259.6, 
    112, 
    48.6, 
    129.3
   ], 
   [
    65.2, 
    25.4, 
    0, 
    87.7, 
    136.2, 
    97.1, 
    251.1, 
    137.4, 
    74, 
    154.7
   ], 
   [
    45.6, 
    62.3, 
    87.7, 
    0, 
    91.9, 
    43.3, 
    197.3, 
    86.4, 
    73.5, 
    67
   ], 
   [
    137.5, 
    110.8, 
    136.2, 
    91.9, 
    0, 
    135.2, 
    268.3, 
    70.2, 
    62.2, 
    127.3
   ], 
   [
    31.9, 
    105.6, 
    97.1, 
    43.3, 
    135.2, 
    0, 
    154, 
    129.7, 
    116.8, 
    80.1
   ], 
   [
    185.9, 
    259.6, 
    251.1, 
    197.3, 
    268.3, 
    154, 
    0, 
    198.1, 
    270.8, 
    141
   ], 
   [
    132, 
    112, 
    137.4, 
    86.4, 
    70.2, 
    129.7, 
    198.1, 
    0, 
    96.2, 
    57.1
   ], 
   [
    119.1, 
    48.6, 
    74, 
    73.5, 
    62.2, 
    116.8, 
    270.8, 
    96.2, 
    0, 
    140.5
   ], 
   [
    90.2, 
    129.3, 
    154.7, 
    67, 
    127.3, 
    80.1, 
    141, 
    57.1, 
    140.5, 
    0
   ]
  ], 
  "weight_matrix": [
   [
    0, 
    3, 
    3, 
    3, 
    3, 
    3, 
    3, 
    3, 
    3, 
    3
   ], 
   [
    3, 
    0, 
    3, 
    3, 
    3, 
    3, 
    3, 
    3, 
    3, 
    3
   ], 
   [
    3, 
    3, 
    0, 
    3, 
    3, 
    3, 
    3, 
    3, 
    3, 
    3
   ], 
   [
    3, 
    3, 
    3, 
    0, 
    3, 
    3, 
    3, 
    3, 
    3, 
    3
   ], 
   [
    3, 
    3, 
    3, 
    3, 
    0, 
    3, 
    3, 
    3, 
    3, 
    3
   ], 
   [
    3, 
    3, 
    3, 
    3, 
    3, 
    0, 
    3, 
    3, 
    3, 
    3
   ], 
   [
    3, 
    3, 
    3, 
    3, 
    3, 
    3, 
    0, 
    3, 
    3, 
    3
   ], 
   [
    3, 
    3, 
    3, 
    3, 
    3, 
    3, 
    3, 
    0, 
    3, 
    3
   ], 
   [
    3, 
    3, 
    3, 
    3, 
    3, 
    3, 
    3, 
    3, 
    0, 
    3
   ], 
   [
    3, 
    3, 
    3, 
    3, 
    3, 
    3, 
    3, 
    3, 
    3, 
    0
   ]
  ], 
  "city_names": [
   "Amsterdam", 
   "Rotterdam", 
   "Den Haag", 
   "Utrecht", 
   "Eindhoven", 
   "Almere", 
   "Groningen", 
   "Nijmegen", 
   "Breda", 
   "Apeldoorn"
  ], 
  "reward_matrix": [
   [
    0, 
    73456, 
    83796, 
    91775, 
    54364, 
    97352, 
    34661, 
    56603, 
    61855, 
    73619
   ], 
   [
    73456, 
    0, 
    99999, 
    84977, 
    65233, 
    67350, 
    4659, 
    64745, 
    90554, 
    57702
   ], 
   [
    83796, 
    99999, 
    0, 
    74637, 
    54893, 
    70810, 
    8119, 
    54405, 
    80214, 
    47362
   ], 
   [
    91775, 
    84977, 
    74637, 
    0, 
    72927, 
    92712, 
    30020, 
    75166, 
    80418, 
    83064
   ], 
   [
    54364, 
    65233, 
    54893, 
    72927, 
    0, 
    55300, 
    1117, 
    81761, 
    85018, 
    58516
   ], 
   [
    97352, 
    67350, 
    70810, 
    92712, 
    55300, 
    0, 
    47647, 
    57539, 
    62791, 
    77731
   ], 
   [
    34661, 
    4659, 
    8119, 
    30020, 
    1117, 
    47647, 
    0, 
    29695, 
    100, 
    52939
   ], 
   [
    56603, 
    64745, 
    54405, 
    75166, 
    81761, 
    57539, 
    29695, 
    0, 
    71177, 
    87094
   ], 
   [
    61855, 
    90554, 
    80214, 
    80418, 
    85018, 
    62791, 
    100, 
    71177, 
    0, 
    53143
   ], 
   [
    73619, 
    57702, 
    47362, 
    83064, 
    58516, 
    77731, 
    52939, 
    87094, 
    53143, 
    0
   ]
  ], 
  "probability_matrix": [
   [
    0, 
    0.07552266587021891, 
    0.16465892918932445, 
    0.11634176442140538, 
    0.11245755737649456, 
    0.06577827247593977, 
    0.07942092544582714, 
    0.10785159625154656, 
    0.11228435802908841, 
    0.1656839309401549
   ], 
   [
    0.05970480855502183, 
    0, 
    0.040802813345113445, 
    0.15164158000252864, 
    0.12975778257824863, 
    0.011077988160524795, 
    0.07167262820022217, 
    0.189163838282895, 
    0.16711297544194745, 
    0.1790655854334979
   ], 
   [
    0.06402644739376807, 
    0.04408111327834134, 
    0, 
    0.1733033537242154, 
    0.11141066297034145, 
    0.14462396347518122, 
    0.1291355233214651, 
    0.10485217781909935, 
    0.10733844469886211, 
    0.1212283133187259
   ], 
   [
    0.1546682900773103, 
    0.0004713479946396342, 
    0.20737323846096592, 
    0, 
    0.12093156964500663, 
    0.04085068913550078, 
    0.12199834879437302, 
    0.012200948809477105, 
    0.1489215585993279, 
    0.19258400848339866
   ], 
   [
    0.11555139750480593, 
    0.139029980333487, 
    0.12519516346854936, 
    0.15369794649396734, 
    0, 
    0.05810154032231844, 
    0.052934961054780565, 
    0.12938102984201041, 
    0.07692544986848408, 
    0.14918253111159688
   ], 
   [
    0.026290027135600386, 
    0.1372159447588252, 
    0.10394049688905191, 
    0.011469346556180045, 
    0.022817118660261964, 
    0, 
    0.193098482083543, 
    0.16101296884915647, 
    0.166658915988703, 
    0.17749669907867807
   ], 
   [
    0.17074850529947383, 
    0.09566852371860736, 
    0.15354806878282323, 
    0.0005098242694265695, 
    0.1706059971267748, 
    0.03176383113149726, 
    0, 
    0.14111728591672615, 
    0.09426760457769878, 
    0.14177035917697217
   ], 
   [
    0.08172732747376983, 
    0.16919779640249846, 
    0.17904457610615343, 
    0.040982629297805905, 
    9.103948016536205e-05, 
    0.01665021274674754, 
    0.19193240276035564, 
    0, 
    0.12752510386289773, 
    0.19284891186960612
   ], 
   [
    0.199780029082606, 
    0.16086707235636843, 
    0.14284093755479013, 
    0.17166108365921579, 
    0.021173957426469787, 
    0.013681332221129073, 
    0.10992537033438937, 
    0.10546492981402439, 
    0, 
    0.07460528755100711
   ], 
   [
    0.14734352856024477, 
    0.24784635242139727, 
    0.18773747549615233, 
    0.0035411415154251885, 
    0.0015081411563188842, 
    0.07613622390795713, 
    0.21036780208054287, 
    0.07159908541433942, 
    0.05392024944762194, 
    0
   ]
  ]
 }, 
 "vehicle_capacities": [
  15, 
  15, 
  25, 
  25, 
  30, 
  30, 
  30, 
  30, 
  30, 
  30
 ]
}