{
 "vehicle_cost_per_km": [
  5, 
  5, 
  5, 
  5, 
  5
 ], 
 "runs": [
  {
   "avg_task_cost_vs_number_of_task": [
    375.99999999999994, 
    1117.5, 
    1042.5, 
    781.875, 
    677.3000000000001, 
    626.0833333333334, 
    544.2857142857143, 
    476.25, 
    454.22222222222223, 
    444.0000000000001, 
    403.6363636363636, 
    378.62500000000006, 
    374.7692307692308, 
    363.85714285714283, 
    352.1666666666667, 
    344.84375, 
    340.2352941176471, 
    284.19444444444446, 
    328.05263157894734, 
    343.6, 
    325.9761904761905, 
    321.29545454545456, 
    307.2608695652173, 
    304.3541666666667, 
    291.7799999999999, 
    290.21153846153845, 
    300.9814814814815, 
    297.89285714285717, 
    253.74137931034483, 
    325.8833333333333
   ], 
   "number_of_vehicles": 5
  }
 ], 
 "vehicle_starting_positions": [
  "Amsterdam", 
  "Rotterdam", 
  "Den Haag", 
  "Utrecht", 
  "Eindhoven", 
  "Almere", 
  "Groningen", 
  "Nijmegen", 
  "Breda", 
  "Apeldoorn"
 ], 
 "task_distribution": {
  "distance_matrix": [
   [
    0, 
    90.6, 
    65.2, 
    45.6, 
    137.5, 
    31.9, 
    185.9, 
    132, 
    119.1, 
    90.2
   ], 
   [
    90.6, 
    0, 
    25.4, 
    62.3, 
    110.8, 
    105.6, 
    259.6, 
    112, 
    48.6, 
    129.3
   ], 
   [
    65.2, 
    25.4, 
    0, 
    87.7, 
    136.2, 
    97.1, 
    251.1, 
    137.4, 
    74, 
    154.7
   ], 
   [
    45.6, 
    62.3, 
    87.7, 
    0, 
    91.9, 
    43.3, 
    197.3, 
    86.4, 
    73.5, 
    67
   ], 
   [
    137.5, 
    110.8, 
    136.2, 
    91.9, 
    0, 
    135.2, 
    268.3, 
    70.2, 
    62.2, 
    127.3
   ], 
   [
    31.9, 
    105.6, 
    97.1, 
    43.3, 
    135.2, 
    0, 
    154, 
    129.7, 
    116.8, 
    80.1
   ], 
   [
    185.9, 
    259.6, 
    251.1, 
    197.3, 
    268.3, 
    154, 
    0, 
    198.1, 
    270.8, 
    141
   ], 
   [
    132, 
    112, 
    137.4, 
    86.4, 
    70.2, 
    129.7, 
    198.1, 
    0, 
    96.2, 
    57.1
   ], 
   [
    119.1, 
    48.6, 
    74, 
    73.5, 
    62.2, 
    116.8, 
    270.8, 
    96.2, 
    0, 
    140.5
   ], 
   [
    90.2, 
    129.3, 
    154.7, 
    67, 
    127.3, 
    80.1, 
    141, 
    57.1, 
    140.5, 
    0
   ]
  ], 
  "weight_matrix": [
   [
    0, 
    3, 
    3, 
    3, 
    3, 
    3, 
    3, 
    3, 
    3, 
    3
   ], 
   [
    3, 
    0, 
    3, 
    3, 
    3, 
    3, 
    3, 
    3, 
    3, 
    3
   ], 
   [
    3, 
    3, 
    0, 
    3, 
    3, 
    3, 
    3, 
    3, 
    3, 
    3
   ], 
   [
    3, 
    3, 
    3, 
    0, 
    3, 
    3, 
    3, 
    3, 
    3, 
    3
   ], 
   [
    3, 
    3, 
    3, 
    3, 
    0, 
    3, 
    3, 
    3, 
    3, 
    3
   ], 
   [
    3, 
    3, 
    3, 
    3, 
    3, 
    0, 
    3, 
    3, 
    3, 
    3
   ], 
   [
    3, 
    3, 
    3, 
    3, 
    3, 
    3, 
    0, 
    3, 
    3, 
    3
   ], 
   [
    3, 
    3, 
    3, 
    3, 
    3, 
    3, 
    3, 
    0, 
    3, 
    3
   ], 
   [
    3, 
    3, 
    3, 
    3, 
    3, 
    3, 
    3, 
    3, 
    0, 
    3
   ], 
   [
    3, 
    3, 
    3, 
    3, 
    3, 
    3, 
    3, 
    3, 
    3, 
    0
   ]
  ], 
  "city_names": [
   "Amsterdam", 
   "Rotterdam", 
   "Den Haag", 
   "Utrecht", 
   "Eindhoven", 
   "Almere", 
   "Groningen", 
   "Nijmegen", 
   "Breda", 
   "Apeldoorn"
  ], 
  "reward_matrix": [
   [
    0, 
    73456, 
    83796, 
    91775, 
    54364, 
    97352, 
    34661, 
    56603, 
    61855, 
    73619
   ], 
   [
    73456, 
    0, 
    99999, 
    84977, 
    65233, 
    67350, 
    4659, 
    64745, 
    90554, 
    57702
   ], 
   [
    83796, 
    99999, 
    0, 
    74637, 
    54893, 
    70810, 
    8119, 
    54405, 
    80214, 
    47362
   ], 
   [
    91775, 
    84977, 
    74637, 
    0, 
    72927, 
    92712, 
    30020, 
    75166, 
    80418, 
    83064
   ], 
   [
    54364, 
    65233, 
    54893, 
    72927, 
    0, 
    55300, 
    1117, 
    81761, 
    85018, 
    58516
   ], 
   [
    97352, 
    67350, 
    70810, 
    92712, 
    55300, 
    0, 
    47647, 
    57539, 
    62791, 
    77731
   ], 
   [
    34661, 
    4659, 
    8119, 
    30020, 
    1117, 
    47647, 
    0, 
    29695, 
    100, 
    52939
   ], 
   [
    56603, 
    64745, 
    54405, 
    75166, 
    81761, 
    57539, 
    29695, 
    0, 
    71177, 
    87094
   ], 
   [
    61855, 
    90554, 
    80214, 
    80418, 
    85018, 
    62791, 
    100, 
    71177, 
    0, 
    53143
   ], 
   [
    73619, 
    57702, 
    47362, 
    83064, 
    58516, 
    77731, 
    52939, 
    87094, 
    53143, 
    0
   ]
  ], 
  "probability_matrix": [
   [
    0, 
    0.04987825162355945, 
    0.19442578815403322, 
    0.11829736095573709, 
    0.07000472514484511, 
    0.040782976058357366, 
    0.20620662380715057, 
    0.04721749289897061, 
    0.14948246393023654, 
    0.1237043174271101
   ], 
   [
    0.12449264747092027, 
    0, 
    0.11518989774869497, 
    0.1936954703226587, 
    0.13354517660145726, 
    0.052495404177237755, 
    0.01198906950814748, 
    0.18580432150118356, 
    0.05436894474768355, 
    0.12841906792201657
   ], 
   [
    0.10332202532479486, 
    0.02046529545035506, 
    0, 
    0.07515133361139532, 
    0.03432872242733311, 
    0.1388244362569686, 
    0.015155848952981122, 
    0.08557674792112795, 
    0.2716537937921522, 
    0.2555217962628919
   ], 
   [
    0.14088713174855144, 
    0.02884078116394765, 
    0.07491078946751609, 
    0, 
    0.10419005745475418, 
    0.16454537753335394, 
    0.12218200123102023, 
    0.1469921396364399, 
    0.05356446074465502, 
    0.16388726101976153
   ], 
   [
    0.2019273820490728, 
    0.09928425178262656, 
    0.02752346037086126, 
    0.0480343115971456, 
    0, 
    0.1570962533440667, 
    0.09778886198045418, 
    0.2350014917478615, 
    0.08374143897790413, 
    0.04960254815000757
   ], 
   [
    0.11791145092695772, 
    0.07630520689283586, 
    0.19757714997559572, 
    0.11517302869130332, 
    0.12243547876802012, 
    0, 
    0.14086891158930354, 
    0.1384243105953147, 
    0.07080679853644785, 
    0.02049766402422102
   ], 
   [
    0.13497952472693692, 
    0.05608787479261659, 
    0.09484189598486724, 
    0.1807976088532077, 
    0.10635442369724935, 
    0.02398736587158959, 
    0, 
    0.18456492744645042, 
    0.16054915314902443, 
    0.05783722547805766
   ], 
   [
    0.06928498880813946, 
    0.2371659802346629, 
    0.007587703718673257, 
    0.24693946486055324, 
    0.03468120332050621, 
    0.16436073327088715, 
    0.004319706972196581, 
    0, 
    0.130265420007739, 
    0.10539479880664211
   ], 
   [
    0.16381792222632924, 
    0.025890791056800876, 
    0.1856163790778566, 
    0.09890245361305448, 
    0.11129210041417578, 
    0.16625198286996695, 
    0.03675864360604203, 
    0.13181878181867915, 
    0, 
    0.0796509453170949
   ], 
   [
    0.04501549338121723, 
    0.23808132536802448, 
    0.02419664345359009, 
    0.0743496080668034, 
    0.08355965925460762, 
    0.14217503844793472, 
    0.19686084316427985, 
    0.0695343746012857, 
    0.126227014262257, 
    0
   ]
  ]
 }, 
 "vehicle_capacities": [
  5, 
  5, 
  5, 
  5, 
  15, 
  30, 
  30, 
  30, 
  30, 
  30
 ]
}