{
 "vehicle_cost_per_km": [
  5, 
  5, 
  5, 
  5, 
  5
 ], 
 "runs": [
  {
   "avg_task_cost_vs_number_of_task": [
    911, 
    796, 
    603, 
    754.25, 
    623.4, 
    519.5, 
    466.42857142857144, 
    408.125, 
    383.7222222222222, 
    345.34999999999997, 
    313.95454545454544, 
    344.625, 
    312.6538461538462, 
    309.5, 
    327.8333333333333, 
    307.34375, 
    291.6764705882353, 
    315.33333333333326, 
    235.97368421052633, 
    284.85, 
    276.8333333333333, 
    227.22727272727272, 
    253.41304347826082, 
    223.02083333333334, 
    235.12, 
    245.46153846153845, 
    245.18518518518522, 
    248.28571428571428, 
    232.98275862068965, 
    241.1333333333333
   ], 
   "number_of_vehicles": 3
  }
 ], 
 "vehicle_starting_positions": [
  "Amsterdam", 
  "Rotterdam", 
  "Den Haag", 
  "Utrecht", 
  "Eindhoven", 
  "Almere", 
  "Groningen", 
  "Nijmegen", 
  "Breda", 
  "Apeldoorn"
 ], 
 "task_distribution": {
  "distance_matrix": [
   [
    0, 
    90.6, 
    65.2, 
    45.6, 
    137.5, 
    31.9, 
    185.9, 
    132, 
    119.1, 
    90.2
   ], 
   [
    90.6, 
    0, 
    25.4, 
    62.3, 
    110.8, 
    105.6, 
    259.6, 
    112, 
    48.6, 
    129.3
   ], 
   [
    65.2, 
    25.4, 
    0, 
    87.7, 
    136.2, 
    97.1, 
    251.1, 
    137.4, 
    74, 
    154.7
   ], 
   [
    45.6, 
    62.3, 
    87.7, 
    0, 
    91.9, 
    43.3, 
    197.3, 
    86.4, 
    73.5, 
    67
   ], 
   [
    137.5, 
    110.8, 
    136.2, 
    91.9, 
    0, 
    135.2, 
    268.3, 
    70.2, 
    62.2, 
    127.3
   ], 
   [
    31.9, 
    105.6, 
    97.1, 
    43.3, 
    135.2, 
    0, 
    154, 
    129.7, 
    116.8, 
    80.1
   ], 
   [
    185.9, 
    259.6, 
    251.1, 
    197.3, 
    268.3, 
    154, 
    0, 
    198.1, 
    270.8, 
    141
   ], 
   [
    132, 
    112, 
    137.4, 
    86.4, 
    70.2, 
    129.7, 
    198.1, 
    0, 
    96.2, 
    57.1
   ], 
   [
    119.1, 
    48.6, 
    74, 
    73.5, 
    62.2, 
    116.8, 
    270.8, 
    96.2, 
    0, 
    140.5
   ], 
   [
    90.2, 
    129.3, 
    154.7, 
    67, 
    127.3, 
    80.1, 
    141, 
    57.1, 
    140.5, 
    0
   ]
  ], 
  "weight_matrix": [
   [
    0, 
    3, 
    3, 
    3, 
    3, 
    3, 
    3, 
    3, 
    3, 
    3
   ], 
   [
    3, 
    0, 
    3, 
    3, 
    3, 
    3, 
    3, 
    3, 
    3, 
    3
   ], 
   [
    3, 
    3, 
    0, 
    3, 
    3, 
    3, 
    3, 
    3, 
    3, 
    3
   ], 
   [
    3, 
    3, 
    3, 
    0, 
    3, 
    3, 
    3, 
    3, 
    3, 
    3
   ], 
   [
    3, 
    3, 
    3, 
    3, 
    0, 
    3, 
    3, 
    3, 
    3, 
    3
   ], 
   [
    3, 
    3, 
    3, 
    3, 
    3, 
    0, 
    3, 
    3, 
    3, 
    3
   ], 
   [
    3, 
    3, 
    3, 
    3, 
    3, 
    3, 
    0, 
    3, 
    3, 
    3
   ], 
   [
    3, 
    3, 
    3, 
    3, 
    3, 
    3, 
    3, 
    0, 
    3, 
    3
   ], 
   [
    3, 
    3, 
    3, 
    3, 
    3, 
    3, 
    3, 
    3, 
    0, 
    3
   ], 
   [
    3, 
    3, 
    3, 
    3, 
    3, 
    3, 
    3, 
    3, 
    3, 
    0
   ]
  ], 
  "city_names": [
   "Amsterdam", 
   "Rotterdam", 
   "Den Haag", 
   "Utrecht", 
   "Eindhoven", 
   "Almere", 
   "Groningen", 
   "Nijmegen", 
   "Breda", 
   "Apeldoorn"
  ], 
  "reward_matrix": [
   [
    0, 
    73456, 
    83796, 
    91775, 
    54364, 
    97352, 
    34661, 
    56603, 
    61855, 
    73619
   ], 
   [
    73456, 
    0, 
    99999, 
    84977, 
    65233, 
    67350, 
    4659, 
    64745, 
    90554, 
    57702
   ], 
   [
    83796, 
    99999, 
    0, 
    74637, 
    54893, 
    70810, 
    8119, 
    54405, 
    80214, 
    47362
   ], 
   [
    91775, 
    84977, 
    74637, 
    0, 
    72927, 
    92712, 
    30020, 
    75166, 
    80418, 
    83064
   ], 
   [
    54364, 
    65233, 
    54893, 
    72927, 
    0, 
    55300, 
    1117, 
    81761, 
    85018, 
    58516
   ], 
   [
    97352, 
    67350, 
    70810, 
    92712, 
    55300, 
    0, 
    47647, 
    57539, 
    62791, 
    77731
   ], 
   [
    34661, 
    4659, 
    8119, 
    30020, 
    1117, 
    47647, 
    0, 
    29695, 
    100, 
    52939
   ], 
   [
    56603, 
    64745, 
    54405, 
    75166, 
    81761, 
    57539, 
    29695, 
    0, 
    71177, 
    87094
   ], 
   [
    61855, 
    90554, 
    80214, 
    80418, 
    85018, 
    62791, 
    100, 
    71177, 
    0, 
    53143
   ], 
   [
    73619, 
    57702, 
    47362, 
    83064, 
    58516, 
    77731, 
    52939, 
    87094, 
    53143, 
    0
   ]
  ], 
  "probability_matrix": [
   [
    0, 
    0.019170329995078474, 
    0.08909280617903675, 
    0.19227041452940724, 
    0.10577261772966504, 
    0.008605050114326197, 
    0.22201947049903012, 
    0.18097089048035683, 
    0.12407686835464903, 
    0.058021552118450316
   ], 
   [
    0.15352973414287727, 
    0, 
    0.07118817023414144, 
    0.010546245467778229, 
    0.1304512858552705, 
    0.1570490182267228, 
    0.12292961781156377, 
    0.13308339169192623, 
    0.10047829018880503, 
    0.12074424638091483
   ], 
   [
    0.05061308912196688, 
    0.059722733524023276, 
    0, 
    0.12009989109754846, 
    0.11243034104082635, 
    0.07681413165465643, 
    0.22890558580432413, 
    0.15526945505508694, 
    0.15276981253473346, 
    0.04337496016683413
   ], 
   [
    0.13476572160390882, 
    0.15937401127969347, 
    0.10426655434140328, 
    0, 
    0.07135112785846821, 
    0.13308324459087612, 
    0.05834285048738084, 
    0.1421665099515402, 
    0.09266580112822538, 
    0.10398417875850355
   ], 
   [
    0.09487972440303474, 
    0.17182084294841646, 
    0.08595196540617846, 
    0.20347423684181012, 
    0, 
    0.04409950940263074, 
    0.1564091806963629, 
    0.12631436626877254, 
    0.0891401893907876, 
    0.027909984642006513
   ], 
   [
    0.1390980590930403, 
    0.09525254020203174, 
    0.13731219036291495, 
    0.16449908053309087, 
    0.08750000203958992, 
    0, 
    0.14200309542221043, 
    0.006477300611418895, 
    0.18013168681296912, 
    0.04772604492273358
   ], 
   [
    0.14220581545670125, 
    0.10225749220656802, 
    0.10343586704719182, 
    0.13077124346959357, 
    0.05479196019233246, 
    0.15080235599610556, 
    0, 
    0.057151958283045465, 
    0.1820750463156342, 
    0.07650826103282775
   ], 
   [
    0.0772291985428217, 
    0.10523815824390803, 
    0.175720334988204, 
    0.11363512014962482, 
    0.1328251054652431, 
    0.05233971000374026, 
    0.030079122794963404, 
    0, 
    0.15713528238245308, 
    0.15579796742904153
   ], 
   [
    0.13168679656687446, 
    0.04580947274171079, 
    0.06292238168816862, 
    0.20493348673395276, 
    0.10477054599684589, 
    0.08600024489942917, 
    0.15054107033119424, 
    0.1751201003941146, 
    0, 
    0.03821590064770943
   ], 
   [
    0.004751108281405514, 
    0.0834316664682027, 
    0.112322769555421, 
    0.18150085263784269, 
    0.1959849827088024, 
    0.18978354276560788, 
    0.021129020972751662, 
    0.19727885521853947, 
    0.01381720139142658, 
    0
   ]
  ]
 }, 
 "vehicle_capacities": [
  15, 
  15, 
  15, 
  5, 
  20, 
  30, 
  30, 
  30, 
  30, 
  30
 ]
}