{
 "vehicle_cost_per_km": [
  5, 
  5, 
  5, 
  5, 
  5
 ], 
 "runs": [
  {
   "avg_task_cost_vs_number_of_task": [
    929.5, 
    627.75, 
    564.6666666666666, 
    591, 
    578.2, 
    481.8333333333333, 
    413, 
    403.6875, 
    351.22222222222223, 
    354.6, 
    372.3636363636363, 
    394.6666666666667, 
    370.9230769230769, 
    338.9642857142857, 
    345.6000000000001, 
    332.5625, 
    362.94117647058823, 
    353.25, 
    333.7105263157895, 
    254.52499999999995, 
    266.6904761904762, 
    319.7045454545455, 
    246.58695652173918, 
    223.16666666666666, 
    297.70000000000005, 
    224.71153846153845, 
    277.462962962963, 
    261.24999999999994, 
    277.2068965517241, 
    201.9666666666667
   ], 
   "number_of_vehicles": 5
  }
 ], 
 "vehicle_starting_positions": [
  "Amsterdam", 
  "Rotterdam", 
  "Den Haag", 
  "Utrecht", 
  "Eindhoven", 
  "Almere", 
  "Groningen", 
  "Nijmegen", 
  "Breda", 
  "Apeldoorn"
 ], 
 "task_distribution": {
  "distance_matrix": [
   [
    0, 
    90.6, 
    65.2, 
    45.6, 
    137.5, 
    31.9, 
    185.9, 
    132, 
    119.1, 
    90.2
   ], 
   [
    90.6, 
    0, 
    25.4, 
    62.3, 
    110.8, 
    105.6, 
    259.6, 
    112, 
    48.6, 
    129.3
   ], 
   [
    65.2, 
    25.4, 
    0, 
    87.7, 
    136.2, 
    97.1, 
    251.1, 
    137.4, 
    74, 
    154.7
   ], 
   [
    45.6, 
    62.3, 
    87.7, 
    0, 
    91.9, 
    43.3, 
    197.3, 
    86.4, 
    73.5, 
    67
   ], 
   [
    137.5, 
    110.8, 
    136.2, 
    91.9, 
    0, 
    135.2, 
    268.3, 
    70.2, 
    62.2, 
    127.3
   ], 
   [
    31.9, 
    105.6, 
    97.1, 
    43.3, 
    135.2, 
    0, 
    154, 
    129.7, 
    116.8, 
    80.1
   ], 
   [
    185.9, 
    259.6, 
    251.1, 
    197.3, 
    268.3, 
    154, 
    0, 
    198.1, 
    270.8, 
    141
   ], 
   [
    132, 
    112, 
    137.4, 
    86.4, 
    70.2, 
    129.7, 
    198.1, 
    0, 
    96.2, 
    57.1
   ], 
   [
    119.1, 
    48.6, 
    74, 
    73.5, 
    62.2, 
    116.8, 
    270.8, 
    96.2, 
    0, 
    140.5
   ], 
   [
    90.2, 
    129.3, 
    154.7, 
    67, 
    127.3, 
    80.1, 
    141, 
    57.1, 
    140.5, 
    0
   ]
  ], 
  "weight_matrix": [
   [
    0, 
    3, 
    3, 
    3, 
    3, 
    3, 
    3, 
    3, 
    3, 
    3
   ], 
   [
    3, 
    0, 
    3, 
    3, 
    3, 
    3, 
    3, 
    3, 
    3, 
    3
   ], 
   [
    3, 
    3, 
    0, 
    3, 
    3, 
    3, 
    3, 
    3, 
    3, 
    3
   ], 
   [
    3, 
    3, 
    3, 
    0, 
    3, 
    3, 
    3, 
    3, 
    3, 
    3
   ], 
   [
    3, 
    3, 
    3, 
    3, 
    0, 
    3, 
    3, 
    3, 
    3, 
    3
   ], 
   [
    3, 
    3, 
    3, 
    3, 
    3, 
    0, 
    3, 
    3, 
    3, 
    3
   ], 
   [
    3, 
    3, 
    3, 
    3, 
    3, 
    3, 
    0, 
    3, 
    3, 
    3
   ], 
   [
    3, 
    3, 
    3, 
    3, 
    3, 
    3, 
    3, 
    0, 
    3, 
    3
   ], 
   [
    3, 
    3, 
    3, 
    3, 
    3, 
    3, 
    3, 
    3, 
    0, 
    3
   ], 
   [
    3, 
    3, 
    3, 
    3, 
    3, 
    3, 
    3, 
    3, 
    3, 
    0
   ]
  ], 
  "city_names": [
   "Amsterdam", 
   "Rotterdam", 
   "Den Haag", 
   "Utrecht", 
   "Eindhoven", 
   "Almere", 
   "Groningen", 
   "Nijmegen", 
   "Breda", 
   "Apeldoorn"
  ], 
  "reward_matrix": [
   [
    0, 
    73456, 
    83796, 
    91775, 
    54364, 
    97352, 
    34661, 
    56603, 
    61855, 
    73619
   ], 
   [
    73456, 
    0, 
    99999, 
    84977, 
    65233, 
    67350, 
    4659, 
    64745, 
    90554, 
    57702
   ], 
   [
    83796, 
    99999, 
    0, 
    74637, 
    54893, 
    70810, 
    8119, 
    54405, 
    80214, 
    47362
   ], 
   [
    91775, 
    84977, 
    74637, 
    0, 
    72927, 
    92712, 
    30020, 
    75166, 
    80418, 
    83064
   ], 
   [
    54364, 
    65233, 
    54893, 
    72927, 
    0, 
    55300, 
    1117, 
    81761, 
    85018, 
    58516
   ], 
   [
    97352, 
    67350, 
    70810, 
    92712, 
    55300, 
    0, 
    47647, 
    57539, 
    62791, 
    77731
   ], 
   [
    34661, 
    4659, 
    8119, 
    30020, 
    1117, 
    47647, 
    0, 
    29695, 
    100, 
    52939
   ], 
   [
    56603, 
    64745, 
    54405, 
    75166, 
    81761, 
    57539, 
    29695, 
    0, 
    71177, 
    87094
   ], 
   [
    61855, 
    90554, 
    80214, 
    80418, 
    85018, 
    62791, 
    100, 
    71177, 
    0, 
    53143
   ], 
   [
    73619, 
    57702, 
    47362, 
    83064, 
    58516, 
    77731, 
    52939, 
    87094, 
    53143, 
    0
   ]
  ], 
  "probability_matrix": [
   [
    0, 
    0.17076467268056664, 
    0.14874126308840532, 
    0.16789936417928766, 
    0.10881327469352801, 
    0.08383519764858706, 
    0.06032414356664267, 
    0.005524677805332289, 
    0.11464631833835229, 
    0.13945108799929812
   ], 
   [
    0.10137447429038987, 
    0, 
    0.034276858646798726, 
    0.21334261483003494, 
    0.22923777431732095, 
    0.04055424782729941, 
    0.051587490087497946, 
    0.05945562721543066, 
    0.019326331025627794, 
    0.25084458175959967
   ], 
   [
    0.13347113230983249, 
    0.1300441204491077, 
    0, 
    0.08757996684040704, 
    0.1744531059424915, 
    0.00373536941300724, 
    0.17717187110268368, 
    0.046432812160967715, 
    0.16179639744737281, 
    0.08531522433412976
   ], 
   [
    0.06594752915486081, 
    0.012974675045699983, 
    0.19279990482768655, 
    0, 
    0.2315276810152455, 
    0.06819103230299567, 
    0.16350085101568015, 
    0.013721929182547657, 
    0.044414778761942504, 
    0.2069216186933413
   ], 
   [
    0.028145069773917404, 
    0.11942897829367362, 
    0.16684555180949132, 
    0.16536022379939636, 
    0, 
    0.1890827878765735, 
    0.10802561104075302, 
    0.018248837105215143, 
    0.1874586264394518, 
    0.017404313861527975
   ], 
   [
    0.1329559645109559, 
    0.15083404649839177, 
    0.11484723814762232, 
    0.13682069309484793, 
    0.07735334960237257, 
    0, 
    0.14274105810150706, 
    0.02703164877347898, 
    0.11606586581126112, 
    0.10135013545956248
   ], 
   [
    0.1698157677371212, 
    0.10962541001753578, 
    0.05424634496852662, 
    0.017649545473823604, 
    0.001073304766165939, 
    0.1704742823607572, 
    0, 
    0.09286307773515305, 
    0.12655873478325885, 
    0.25769353215765783
   ], 
   [
    0.143330182149217, 
    0.07645934960662149, 
    0.07061483852347082, 
    0.03300727693775394, 
    0.13710554597575794, 
    0.08074665761086595, 
    0.15710367919153403, 
    0, 
    0.17774434370140565, 
    0.12388812630337317
   ], 
   [
    0.1154705288330381, 
    0.10765544922272251, 
    0.21628034383554207, 
    0.08361132013130657, 
    0.22007650230804643, 
    0.09874680621458248, 
    0.03951892812058385, 
    0.08648829966151601, 
    0, 
    0.03215182167266233
   ], 
   [
    0.12598628151542987, 
    0.14799151245489298, 
    0.030156966495436532, 
    0.05204609736263276, 
    0.11845546776617906, 
    0.28712950639771134, 
    0.05449348106130998, 
    0.06065825890875636, 
    0.12308242803765104, 
    0
   ]
  ]
 }, 
 "vehicle_capacities": [
  5, 
  5, 
  5, 
  15, 
  30, 
  30, 
  30, 
  30, 
  30, 
  30
 ]
}