{
 "distance_matrix": [
  [
   0, 
   90.6, 
   65.2, 
   45.6, 
   137.5, 
   31.9, 
   185.9, 
   132, 
   119.1, 
   90.2
  ], 
  [
   90.6, 
   0, 
   25.4, 
   62.3, 
   110.8, 
   105.6, 
   259.6, 
   112, 
   48.6, 
   129.3
  ], 
  [
   65.2, 
   25.4, 
   0, 
   87.7, 
   136.2, 
   97.1, 
   251.1, 
   137.4, 
   74, 
   154.7
  ], 
  [
   45.6, 
   62.3, 
   87.7, 
   0, 
   91.9, 
   43.3, 
   197.3, 
   86.4, 
   73.5, 
   67
  ], 
  [
   137.5, 
   110.8, 
   136.2, 
   91.9, 
   0, 
   135.2, 
   268.3, 
   70.2, 
   62.2, 
   127.3
  ], 
  [
   31.9, 
   105.6, 
   97.1, 
   43.3, 
   135.2, 
   0, 
   154, 
   129.7, 
   116.8, 
   80.1
  ], 
  [
   185.9, 
   259.6, 
   251.1, 
   197.3, 
   268.3, 
   154, 
   0, 
   198.1, 
   270.8, 
   141
  ], 
  [
   132, 
   112, 
   137.4, 
   86.4, 
   70.2, 
   129.7, 
   198.1, 
   0, 
   96.2, 
   57.1
  ], 
  [
   119.1, 
   48.6, 
   74, 
   73.5, 
   62.2, 
   116.8, 
   270.8, 
   96.2, 
   0, 
   140.5
  ], 
  [
   90.2, 
   129.3, 
   154.7, 
   67, 
   127.3, 
   80.1, 
   141, 
   57.1, 
   140.5, 
   0
  ]
 ], 
 "runs": [
  {
   "avg_task_cost_vs_number_of_task": [
    1065, 
    947.25, 
    635.3333333333334, 
    476.5, 
    381.2, 
    317.6666666666667, 
    387.64285714285717, 
    394.3125, 
    350.5, 
    330.55, 
    316.04545454545456, 
    297.6666666666667, 
    325.34615384615387, 
    313.5, 
    285.66666666666663, 
    267.81249999999994, 
    301.47058823529414, 
    292.6111111111111, 
    274.1842105263158, 
    251.725, 
    239.73809523809524, 
    242.02272727272728, 
    241.17391304347822, 
    253.41666666666666, 
    229.39999999999998, 
    237.11538461538458, 
    213.87037037037038, 
    232.82142857142858, 
    211.72413793103448, 
    209.73333333333332
   ], 
   "number_of_vehicles": 2
  }, 
  {
   "avg_task_cost_vs_number_of_task": [
    1065, 
    947.25, 
    635.3333333333334, 
    476.5, 
    381.2, 
    317.6666666666667, 
    373, 
    394.3125, 
    350.5, 
    330.55, 
    316.04545454545456, 
    297.6666666666667, 
    339.46153846153845, 
    315.2142857142857, 
    304.66666666666674, 
    267.81249999999994, 
    286.6176470588235, 
    284.72222222222223, 
    271.2631578947368, 
    264.82500000000005, 
    219.047619047619, 
    289.84090909090907, 
    262.3478260869565, 
    240.27083333333334, 
    208.2, 
    243.32692307692312, 
    265.3888888888889, 
    239.125, 
    234.44827586206895, 
    208.28333333333333
   ], 
   "number_of_vehicles": 3
  }, 
  {
   "avg_task_cost_vs_number_of_task": [
    962, 
    895.75, 
    635.3333333333334, 
    476.5, 
    381.2, 
    317.6666666666667, 
    373, 
    394.3125, 
    350.5, 
    330.55, 
    316.04545454545456, 
    297.6666666666667, 
    355.19230769230774, 
    308.92857142857144, 
    303.0333333333334, 
    286.5, 
    301.20588235294116, 
    267.3333333333333, 
    269.7631578947368, 
    257.25, 
    241.42857142857142, 
    269.7272727272728, 
    266.86956521739137, 
    240.75000000000003, 
    252.74, 
    245.6153846153847, 
    209.83333333333326, 
    255.60714285714286, 
    205.77586206896552, 
    237.53333333333333
   ], 
   "number_of_vehicles": 4
  }, 
  {
   "avg_task_cost_vs_number_of_task": [
    851, 
    840.2499999999999, 
    635.3333333333334, 
    476.5, 
    381.2, 
    317.6666666666667, 
    373, 
    379.9375, 
    337.72222222222223, 
    319.05, 
    316.04545454545456, 
    307, 
    346.3076923076923, 
    323.57142857142856, 
    310.1666666666667, 
    301.1875, 
    283.47058823529414, 
    301.5833333333333, 
    282.1578947368421, 
    269.925, 
    280.64285714285717, 
    263.8636363636364, 
    215.02173913043478, 
    251.77083333333337, 
    216.88, 
    260.5576923076923, 
    248.75925925925927, 
    218.91071428571425, 
    224.81034482758622, 
    232.1
   ], 
   "number_of_vehicles": 5
  }
 ], 
 "vehicle_starting_positions": [
  "Amsterdam", 
  "Almere", 
  "Apeldoorn", 
  "Nijmegen", 
  "Den Haag", 
  "Rotterdam", 
  "Utrecht", 
  "Groningen", 
  "Breda", 
  "Eindhoven"
 ], 
 "task_distribution": {
  "weight_matrix": [
   [
    0, 
    3, 
    3, 
    3, 
    3, 
    3, 
    3, 
    3, 
    3, 
    3
   ], 
   [
    3, 
    0, 
    3, 
    3, 
    3, 
    3, 
    3, 
    3, 
    3, 
    3
   ], 
   [
    3, 
    3, 
    0, 
    3, 
    3, 
    3, 
    3, 
    3, 
    3, 
    3
   ], 
   [
    3, 
    3, 
    3, 
    0, 
    3, 
    3, 
    3, 
    3, 
    3, 
    3
   ], 
   [
    3, 
    3, 
    3, 
    3, 
    0, 
    3, 
    3, 
    3, 
    3, 
    3
   ], 
   [
    3, 
    3, 
    3, 
    3, 
    3, 
    0, 
    3, 
    3, 
    3, 
    3
   ], 
   [
    3, 
    3, 
    3, 
    3, 
    3, 
    3, 
    0, 
    3, 
    3, 
    3
   ], 
   [
    3, 
    3, 
    3, 
    3, 
    3, 
    3, 
    3, 
    0, 
    3, 
    3
   ], 
   [
    3, 
    3, 
    3, 
    3, 
    3, 
    3, 
    3, 
    3, 
    0, 
    3
   ], 
   [
    3, 
    3, 
    3, 
    3, 
    3, 
    3, 
    3, 
    3, 
    3, 
    0
   ]
  ], 
  "city_names": [
   "Amsterdam", 
   "Rotterdam", 
   "Den Haag", 
   "Utrecht", 
   "Eindhoven", 
   "Almere", 
   "Groningen", 
   "Nijmegen", 
   "Breda", 
   "Apeldoorn"
  ], 
  "reward_matrix": [
   [
    0, 
    73456, 
    83796, 
    91775, 
    54364, 
    97352, 
    34661, 
    56603, 
    61855, 
    73619
   ], 
   [
    73456, 
    0, 
    99999, 
    84977, 
    65233, 
    67350, 
    4659, 
    64745, 
    90554, 
    57702
   ], 
   [
    83796, 
    99999, 
    0, 
    74637, 
    54893, 
    70810, 
    8119, 
    54405, 
    80214, 
    47362
   ], 
   [
    91775, 
    84977, 
    74637, 
    0, 
    72927, 
    92712, 
    30020, 
    75166, 
    80418, 
    83064
   ], 
   [
    54364, 
    65233, 
    54893, 
    72927, 
    0, 
    55300, 
    1117, 
    81761, 
    85018, 
    58516
   ], 
   [
    97352, 
    67350, 
    70810, 
    92712, 
    55300, 
    0, 
    47647, 
    57539, 
    62791, 
    77731
   ], 
   [
    34661, 
    4659, 
    8119, 
    30020, 
    1117, 
    47647, 
    0, 
    29695, 
    100, 
    52939
   ], 
   [
    56603, 
    64745, 
    54405, 
    75166, 
    81761, 
    57539, 
    29695, 
    0, 
    71177, 
    87094
   ], 
   [
    61855, 
    90554, 
    80214, 
    80418, 
    85018, 
    62791, 
    100, 
    71177, 
    0, 
    53143
   ], 
   [
    73619, 
    57702, 
    47362, 
    83064, 
    58516, 
    77731, 
    52939, 
    87094, 
    53143, 
    0
   ]
  ],