{
 "vehicle_cost_per_km": [
  5, 
  5, 
  5, 
  5, 
  5
 ], 
 "runs": [
  {
   "avg_task_cost_vs_number_of_task": [
    228, 
    569.5, 
    432.8333333333333, 
    417.125, 
    404.8, 
    389.1666666666667, 
    389.2857142857143, 
    340.625, 
    402.3888888888889, 
    370.8, 
    342.90909090909093, 
    338.08333333333337, 
    315.5, 
    314.0357142857143, 
    297.8666666666667, 
    281.125, 
    280.44117647058823, 
    248.61111111111111, 
    281.2368421052632, 
    233.275, 
    234.78571428571428, 
    242.52272727272728, 
    229.6304347826087, 
    227.625, 
    234.54, 
    246.26923076923077, 
    251.83333333333334, 
    228.92857142857142, 
    231.53448275862067, 
    230.33333333333334
   ], 
   "number_of_vehicles": 5
  }
 ], 
 "vehicle_starting_positions": [
  "Amsterdam", 
  "Rotterdam", 
  "Den Haag", 
  "Utrecht", 
  "Eindhoven", 
  "Almere", 
  "Groningen", 
  "Nijmegen", 
  "Breda", 
  "Apeldoorn"
 ], 
 "task_distribution": {
  "distance_matrix": [
   [
    0, 
    90.6, 
    65.2, 
    45.6, 
    137.5, 
    31.9, 
    185.9, 
    132, 
    119.1, 
    90.2
   ], 
   [
    90.6, 
    0, 
    25.4, 
    62.3, 
    110.8, 
    105.6, 
    259.6, 
    112, 
    48.6, 
    129.3
   ], 
   [
    65.2, 
    25.4, 
    0, 
    87.7, 
    136.2, 
    97.1, 
    251.1, 
    137.4, 
    74, 
    154.7
   ], 
   [
    45.6, 
    62.3, 
    87.7, 
    0, 
    91.9, 
    43.3, 
    197.3, 
    86.4, 
    73.5, 
    67
   ], 
   [
    137.5, 
    110.8, 
    136.2, 
    91.9, 
    0, 
    135.2, 
    268.3, 
    70.2, 
    62.2, 
    127.3
   ], 
   [
    31.9, 
    105.6, 
    97.1, 
    43.3, 
    135.2, 
    0, 
    154, 
    129.7, 
    116.8, 
    80.1
   ], 
   [
    185.9, 
    259.6, 
    251.1, 
    197.3, 
    268.3, 
    154, 
    0, 
    198.1, 
    270.8, 
    141
   ], 
   [
    132, 
    112, 
    137.4, 
    86.4, 
    70.2, 
    129.7, 
    198.1, 
    0, 
    96.2, 
    57.1
   ], 
   [
    119.1, 
    48.6, 
    74, 
    73.5, 
    62.2, 
    116.8, 
    270.8, 
    96.2, 
    0, 
    140.5
   ], 
   [
    90.2, 
    129.3, 
    154.7, 
    67, 
    127.3, 
    80.1, 
    141, 
    57.1, 
    140.5, 
    0
   ]
  ], 
  "weight_matrix": [
   [
    0, 
    3, 
    3, 
    3, 
    3, 
    3, 
    3, 
    3, 
    3, 
    3
   ], 
   [
    3, 
    0, 
    3, 
    3, 
    3, 
    3, 
    3, 
    3, 
    3, 
    3
   ], 
   [
    3, 
    3, 
    0, 
    3, 
    3, 
    3, 
    3, 
    3, 
    3, 
    3
   ], 
   [
    3, 
    3, 
    3, 
    0, 
    3, 
    3, 
    3, 
    3, 
    3, 
    3
   ], 
   [
    3, 
    3, 
    3, 
    3, 
    0, 
    3, 
    3, 
    3, 
    3, 
    3
   ], 
   [
    3, 
    3, 
    3, 
    3, 
    3, 
    0, 
    3, 
    3, 
    3, 
    3
   ], 
   [
    3, 
    3, 
    3, 
    3, 
    3, 
    3, 
    0, 
    3, 
    3, 
    3
   ], 
   [
    3, 
    3, 
    3, 
    3, 
    3, 
    3, 
    3, 
    0, 
    3, 
    3
   ], 
   [
    3, 
    3, 
    3, 
    3, 
    3, 
    3, 
    3, 
    3, 
    0, 
    3
   ], 
   [
    3, 
    3, 
    3, 
    3, 
    3, 
    3, 
    3, 
    3, 
    3, 
    0
   ]
  ], 
  "city_names": [
   "Amsterdam", 
   "Rotterdam", 
   "Den Haag", 
   "Utrecht", 
   "Eindhoven", 
   "Almere", 
   "Groningen", 
   "Nijmegen", 
   "Breda", 
   "Apeldoorn"
  ], 
  "reward_matrix": [
   [
    0, 
    73456, 
    83796, 
    91775, 
    54364, 
    97352, 
    34661, 
    56603, 
    61855, 
    73619
   ], 
   [
    73456, 
    0, 
    99999, 
    84977, 
    65233, 
    67350, 
    4659, 
    64745, 
    90554, 
    57702
   ], 
   [
    83796, 
    99999, 
    0, 
    74637, 
    54893, 
    70810, 
    8119, 
    54405, 
    80214, 
    47362
   ], 
   [
    91775, 
    84977, 
    74637, 
    0, 
    72927, 
    92712, 
    30020, 
    75166, 
    80418, 
    83064
   ], 
   [
    54364, 
    65233, 
    54893, 
    72927, 
    0, 
    55300, 
    1117, 
    81761, 
    85018, 
    58516
   ], 
   [
    97352, 
    67350, 
    70810, 
    92712, 
    55300, 
    0, 
    47647, 
    57539, 
    62791, 
    77731
   ], 
   [
    34661, 
    4659, 
    8119, 
    30020, 
    1117, 
    47647, 
    0, 
    29695, 
    100, 
    52939
   ], 
   [
    56603, 
    64745, 
    54405, 
    75166, 
    81761, 
    57539, 
    29695, 
    0, 
    71177, 
    87094
   ], 
   [
    61855, 
    90554, 
    80214, 
    80418, 
    85018, 
    62791, 
    100, 
    71177, 
    0, 
    53143
   ], 
   [
    73619, 
    57702, 
    47362, 
    83064, 
    58516, 
    77731, 
    52939, 
    87094, 
    53143, 
    0
   ]
  ], 
  "probability_matrix": [
   [
    0, 
    0.07510637854406306, 
    0.06091503231353442, 
    0.13156879148510783, 
    0.11005588964679221, 
    0.14483627371087135, 
    0.1609666236932575, 
    0.10070548703305657, 
    0.08576178642489038, 
    0.13008373714842658
   ], 
   [
    0.08512761414937334, 
    0, 
    0.19008874561078185, 
    0.031613952785293054, 
    0.19876686840715957, 
    0.0752159754278882, 
    0.08693038037632989, 
    0.1203052137033247, 
    0.09728202658872433, 
    0.1146692229511251
   ], 
   [
    0.1284294448307518, 
    0.009941570336334504, 
    0, 
    0.09798102329755702, 
    0.13200332834629425, 
    0.06074675084245206, 
    0.05656141914287241, 
    0.06263367894718226, 
    0.23049393040632005, 
    0.22120885385023584
   ], 
   [
    0.20482672753166886, 
    0.184348351596816, 
    0.018360434398467122, 
    0, 
    0.14306401455248616, 
    0.15113118149277424, 
    0.018152195353893154, 
    0.07338880529022242, 
    0.016458216716656916, 
    0.19027007306701518
   ], 
   [
    0.16819218595357807, 
    0.1416945221488058, 
    0.023211266401342596, 
    0.16848037535684293, 
    0, 
    0.08367017650583235, 
    0.14805656656357125, 
    0.05209333910783398, 
    0.06919952925004973, 
    0.14540203871214324
   ], 
   [
    0.08175053127899977, 
    0.11395805037099056, 
    0.08917235343374072, 
    0.13077900889743121, 
    0.16555640595150617, 
    0, 
    0.018958459287449637, 
    0.05443734849054574, 
    0.12198411475858441, 
    0.22340372753075158
   ], 
   [
    0.16534713267051027, 
    0.13116459135383718, 
    0.06287475064359101, 
    0.1722924796472445, 
    0.024468504847387808, 
    0.14728726632668934, 
    0, 
    0.17035581662867857, 
    0.01950202266970705, 
    0.10670743521235425
   ], 
   [
    0.09554815638917569, 
    0.1123041714913531, 
    0.02826627731863056, 
    0.042406495129191236, 
    0.02636336180455351, 
    0.06977361713492472, 
    0.07642026480264558, 
    0, 
    0.21641045242394172, 
    0.3325072035055839
   ], 
   [
    0.19225225373271343, 
    0.01900160068916678, 
    0.0989107795359879, 
    0.17889678571837017, 
    0.10560980280864687, 
    0.1472008835423099, 
    0.15827682076352131, 
    0.09344453117049552, 
    0, 
    0.006406542038788113
   ], 
   [
    0.16626014635430675, 
    0.0037641319132886183, 
    0.12243417733563504, 
    0.06800142492152113, 
    0.07402570092034955, 
    0.17841443867591264, 
    0.1534012284208578, 
    0.12453716830902589, 
    0.1091615831491026, 
    0
   ]
  ]
 }, 
 "vehicle_capacities": [
  5, 
  5, 
  20, 
  20, 
  25, 
  30, 
  30, 
  30, 
  30, 
  30
 ]
}