{
 "vehicle_cost_per_km": [
  5, 
  5, 
  5, 
  5, 
  5
 ], 
 "runs": [
  {
   "avg_task_cost_vs_number_of_task": [
    771, 
    628, 
    515.8333333333334, 
    495.87500000000006, 
    472.9, 
    394.0833333333333, 
    428.7142857142857, 
    390.6875, 
    364.05555555555554, 
    327.65, 
    297.8636363636364, 
    273.0416666666667, 
    252.03846153846155, 
    339, 
    280.03333333333336, 
    299.8125, 
    266.3529411764706, 
    290.47222222222223, 
    246.21052631578948, 
    251.17499999999995, 
    272.23809523809524, 
    299.72727272727275, 
    255.2391304347826, 
    253.2916666666666, 
    224.66, 
    253.94230769230774, 
    231.20370370370367, 
    252.60714285714292, 
    227.48275862068965, 
    233.94999999999996
   ], 
   "number_of_vehicles": 2
  }, 
  {
   "avg_task_cost_vs_number_of_task": [
    771, 
    628, 
    515.8333333333334, 
    436.50000000000006, 
    472.9, 
    394.0833333333333, 
    428.7142857142857, 
    390.6875, 
    364.05555555555554, 
    327.65, 
    297.8636363636364, 
    323.49999999999994, 
    252.03846153846155, 
    312.92857142857144, 
    320.93333333333334, 
    299.8125, 
    295.94117647058823, 
    271.3888888888889, 
    281.97368421052636, 
    316.09999999999997, 
    255.35714285714286, 
    281.1363636363637, 
    232.304347826087, 
    305.3958333333333, 
    282.2, 
    230.76923076923075, 
    225.61111111111111, 
    208.69642857142864, 
    230.6551724137931, 
    199.56666666666666
   ], 
   "number_of_vehicles": 3
  }, 
  {
   "avg_task_cost_vs_number_of_task": [
    655, 
    570, 
    477.1666666666666, 
    436.50000000000006, 
    472.9, 
    394.0833333333333, 
    428.7142857142857, 
    390.6875, 
    364.05555555555554, 
    327.65, 
    297.8636363636364, 
    273.0416666666667, 
    252.03846153846155, 
    320.32142857142856, 
    320.76666666666665, 
    264.37500000000006, 
    259.61764705882354, 
    294.6111111111111, 
    257.3421052631579, 
    252.95, 
    289.38095238095235, 
    253.36363636363637, 
    278.7826086956521, 
    221.375, 
    239.46, 
    227.5961538461538, 
    282.6666666666667, 
    246.6607142857143, 
    210.86206896551718, 
    218.93333333333337
   ], 
   "number_of_vehicles": 4
  }, 
  {
   "avg_task_cost_vs_number_of_task": [
    528, 
    506.5, 
    434.8333333333333, 
    436.50000000000006, 
    472.9, 
    394.0833333333333, 
    428.7142857142857, 
    390.6875, 
    364.05555555555554, 
    327.65, 
    297.8636363636364, 
    416.1666666666667, 
    252.03846153846155, 
    343.67857142857144, 
    298.96666666666664, 
    319.78125, 
    258.7058823529412, 
    255.55555555555554, 
    262.9473684210526, 
    284.45, 
    305.047619047619, 
    229.8181818181818, 
    239.39130434782604, 
    232.72916666666666, 
    259.66, 
    285.57692307692304, 
    269.31481481481484, 
    209.21428571428575, 
    218.2931034482758, 
    226.7166666666667
   ], 
   "number_of_vehicles": 5
  }
 ], 
 "vehicle_starting_positions": [
  "Groningen", 
  "Breda", 
  "Almere", 
  "Den Haag", 
  "Rotterdam", 
  "Nijmegen", 
  "Eindhoven", 
  "Amsterdam", 
  "Apeldoorn", 
  "Utrecht"
 ], 
 "task_distribution": {
  "distance_matrix": [
   [
    0, 
    90.6, 
    65.2, 
    45.6, 
    137.5, 
    31.9, 
    185.9, 
    132, 
    119.1, 
    90.2
   ], 
   [
    90.6, 
    0, 
    25.4, 
    62.3, 
    110.8, 
    105.6, 
    259.6, 
    112, 
    48.6, 
    129.3
   ], 
   [
    65.2, 
    25.4, 
    0, 
    87.7, 
    136.2, 
    97.1, 
    251.1, 
    137.4, 
    74, 
    154.7
   ], 
   [
    45.6, 
    62.3, 
    87.7, 
    0, 
    91.9, 
    43.3, 
    197.3, 
    86.4, 
    73.5, 
    67
   ], 
   [
    137.5, 
    110.8, 
    136.2, 
    91.9, 
    0, 
    135.2, 
    268.3, 
    70.2, 
    62.2, 
    127.3
   ], 
   [
    31.9, 
    105.6, 
    97.1, 
    43.3, 
    135.2, 
    0, 
    154, 
    129.7, 
    116.8, 
    80.1
   ], 
   [
    185.9, 
    259.6, 
    251.1, 
    197.3, 
    268.3, 
    154, 
    0, 
    198.1, 
    270.8, 
    141
   ], 
   [
    132, 
    112, 
    137.4, 
    86.4, 
    70.2, 
    129.7, 
    198.1, 
    0, 
    96.2, 
    57.1
   ], 
   [
    119.1, 
    48.6, 
    74, 
    73.5, 
    62.2, 
    116.8, 
    270.8, 
    96.2, 
    0, 
    140.5
   ], 
   [
    90.2, 
    129.3, 
    154.7, 
    67, 
    127.3, 
    80.1, 
    141, 
    57.1, 
    140.5, 
    0
   ]
  ], 
  "weight_matrix": [
   [
    0, 
    3, 
    3, 
    3, 
    3, 
    3, 
    3, 
    3, 
    3, 
    3
   ], 
   [
    3, 
    0, 
    3, 
    3, 
    3, 
    3, 
    3, 
    3, 
    3, 
    3
   ], 
   [
    3, 
    3, 
    0, 
    3, 
    3, 
    3, 
    3, 
    3, 
    3, 
    3
   ], 
   [
    3, 
    3, 
    3, 
    0, 
    3, 
    3, 
    3, 
    3, 
    3, 
    3
   ], 
   [
    3, 
    3, 
    3, 
    3, 
    0, 
    3, 
    3, 
    3, 
    3, 
    3
   ], 
   [
    3, 
    3, 
    3, 
    3, 
    3, 
    0, 
    3, 
    3, 
    3, 
    3
   ], 
   [
    3, 
    3, 
    3, 
    3, 
    3, 
    3, 
    0, 
    3, 
    3, 
    3
   ], 
   [
    3, 
    3, 
    3, 
    3, 
    3, 
    3, 
    3, 
    0, 
    3, 
    3
   ], 
   [
    3, 
    3, 
    3, 
    3, 
    3, 
    3, 
    3, 
    3, 
    0, 
    3
   ], 
   [
    3, 
    3, 
    3, 
    3, 
    3, 
    3, 
    3, 
    3, 
    3, 
    0
   ]
  ], 
  "city_names": [
   "Amsterdam", 
   "Rotterdam", 
   "Den Haag", 
   "Utrecht", 
   "Eindhoven", 
   "Almere", 
   "Groningen", 
   "Nijmegen", 
   "Breda", 
   "Apeldoorn"
  ], 
  "reward_matrix": [
   [
    0, 
    73456, 
    83796, 
    91775, 
    54364, 
    97352, 
    34661, 
    56603, 
    61855, 
    73619
   ], 
   [
    73456, 
    0, 
    99999, 
    84977, 
    65233, 
    67350, 
    4659, 
    64745, 
    90554, 
    57702
   ], 
   [
    83796, 
    99999, 
    0, 
    74637, 
    54893, 
    70810, 
    8119, 
    54405, 
    80214, 
    47362
   ], 
   [
    91775, 
    84977, 
    74637, 
    0, 
    72927, 
    92712, 
    30020, 
    75166, 
    80418, 
    83064
   ], 
   [
    54364, 
    65233, 
    54893, 
    72927, 
    0, 
    55300, 
    1117, 
    81761, 
    85018, 
    58516
   ], 
   [
    97352, 
    67350, 
    70810, 
    92712, 
    55300, 
    0, 
    47647, 
    57539, 
    62791, 
    77731
   ], 
   [
    34661, 
    4659, 
    8119, 
    30020, 
    1117, 
    47647, 
    0, 
    29695, 
    100, 
    52939
   ], 
   [
    56603, 
    64745, 
    54405, 
    75166, 
    81761, 
    57539, 
    29695, 
    0, 
    71177, 
    87094
   ], 
   [
    61855, 
    90554, 
    80214, 
    80418, 
    85018, 
    62791, 
    100, 
    71177, 
    0, 
    53143
   ], 
   [
    73619, 
    57702, 
    47362, 
    83064, 
    58516, 
    77731, 
    52939, 
    87094, 
    53143, 
    0
   ]
  ],