{
 "vehicle_cost_per_km": [
  5, 
  5, 
  5, 
  5, 
  5
 ], 
 "runs": [
  {
   "avg_task_cost_vs_number_of_task": [
    810.5000000000001, 
    570.25, 
    452.3333333333333, 
    471.25, 
    476.1, 
    434.5833333333333, 
    405.28571428571433, 
    441.875, 
    400.66666666666663, 
    360.59999999999997, 
    334.90909090909093, 
    302.625, 
    290.53846153846155, 
    257.57142857142856, 
    251.8, 
    250.46875, 
    233.73529411764707, 
    223.1388888888889, 
    209.78947368421052, 
    231.55, 
    207.88095238095238, 
    221.38636363636363, 
    216.56521739130434, 
    235.54166666666666, 
    230.06, 
    221.2307692307692, 
    251.48148148148144, 
    235.2857142857143, 
    228.17241379310343, 
    226.1
   ], 
   "number_of_vehicles": 2
  }, 
  {
   "avg_task_cost_vs_number_of_task": [
    810.5000000000001, 
    506.75, 
    410, 
    439.5, 
    474.8, 
    437.25, 
    387.14285714285717, 
    450.74999999999994, 
    386.5555555555556, 
    355.70000000000005, 
    327.81818181818176, 
    307.00000000000006, 
    293.7307692307692, 
    280.57142857142856, 
    264.73333333333335, 
    228.21875000000003, 
    239.2941176470588, 
    218.94444444444443, 
    218.44736842105263, 
    215, 
    219.33333333333334, 
    212.9318181818182, 
    217.54347826086953, 
    235.47916666666666, 
    233.42, 
    204.01923076923075, 
    227.6851851851852, 
    222.28571428571422, 
    220.93103448275863, 
    232.93333333333337
   ], 
   "number_of_vehicles": 3
  }, 
  {
   "avg_task_cost_vs_number_of_task": [
    810.5000000000001, 
    506.75, 
    410, 
    439.5, 
    450.69999999999993, 
    434.5833333333333, 
    405.14285714285705, 
    441.875, 
    395.2222222222223, 
    355.70000000000005, 
    334.90909090909093, 
    307.00000000000006, 
    269.5769230769231, 
    272.39285714285717, 
    242.1, 
    236.0625, 
    242.20588235294113, 
    218.2222222222222, 
    215.81578947368422, 
    253.225, 
    223.16666666666666, 
    223.4090909090909, 
    242.6304347826087, 
    223.47916666666666, 
    241.38, 
    213.73076923076923, 
    267.4259259259259, 
    240.9107142857143, 
    225.6551724137931, 
    227.33333333333334
   ], 
   "number_of_vehicles": 4
  }, 
  {
   "avg_task_cost_vs_number_of_task": [
    810.5000000000001, 
    506.75, 
    410, 
    439.5, 
    450.69999999999993, 
    437.25, 
    387.00000000000006, 
    460.50000000000006, 
    395.2222222222223, 
    355.70000000000005, 
    318.59090909090907, 
    307.00000000000006, 
    269.5769230769231, 
    269.7857142857143, 
    251.8, 
    247.53125, 
    233.73529411764707, 
    236.88888888888889, 
    216.6578947368421, 
    224.05, 
    225.47619047619048, 
    212.9545454545454, 
    222.30434782608697, 
    224.64583333333334, 
    236.82000000000005, 
    230.15384615384616, 
    228.0185185185185, 
    258.3392857142857, 
    227.5, 
    254.5
   ], 
   "number_of_vehicles": 5
  }
 ], 
 "vehicle_starting_positions": [
  "Den Haag", 
  "Nijmegen", 
  "Rotterdam", 
  "Groningen", 
  "Apeldoorn", 
  "Amsterdam", 
  "Almere", 
  "Eindhoven", 
  "Utrecht", 
  "Breda"
 ], 
 "task_distribution": {
  "distance_matrix": [
   [
    0, 
    90.6, 
    65.2, 
    45.6, 
    137.5, 
    31.9, 
    185.9, 
    132, 
    119.1, 
    90.2
   ], 
   [
    90.6, 
    0, 
    25.4, 
    62.3, 
    110.8, 
    105.6, 
    259.6, 
    112, 
    48.6, 
    129.3
   ], 
   [
    65.2, 
    25.4, 
    0, 
    87.7, 
    136.2, 
    97.1, 
    251.1, 
    137.4, 
    74, 
    154.7
   ], 
   [
    45.6, 
    62.3, 
    87.7, 
    0, 
    91.9, 
    43.3, 
    197.3, 
    86.4, 
    73.5, 
    67
   ], 
   [
    137.5, 
    110.8, 
    136.2, 
    91.9, 
    0, 
    135.2, 
    268.3, 
    70.2, 
    62.2, 
    127.3
   ], 
   [
    31.9, 
    105.6, 
    97.1, 
    43.3, 
    135.2, 
    0, 
    154, 
    129.7, 
    116.8, 
    80.1
   ], 
   [
    185.9, 
    259.6, 
    251.1, 
    197.3, 
    268.3, 
    154, 
    0, 
    198.1, 
    270.8, 
    141
   ], 
   [
    132, 
    112, 
    137.4, 
    86.4, 
    70.2, 
    129.7, 
    198.1, 
    0, 
    96.2, 
    57.1
   ], 
   [
    119.1, 
    48.6, 
    74, 
    73.5, 
    62.2, 
    116.8, 
    270.8, 
    96.2, 
    0, 
    140.5
   ], 
   [
    90.2, 
    129.3, 
    154.7, 
    67, 
    127.3, 
    80.1, 
    141, 
    57.1, 
    140.5, 
    0
   ]
  ], 
  "weight_matrix": [
   [
    0, 
    3, 
    3, 
    3, 
    3, 
    3, 
    3, 
    3, 
    3, 
    3
   ], 
   [
    3, 
    0, 
    3, 
    3, 
    3, 
    3, 
    3, 
    3, 
    3, 
    3
   ], 
   [
    3, 
    3, 
    0, 
    3, 
    3, 
    3, 
    3, 
    3, 
    3, 
    3
   ], 
   [
    3, 
    3, 
    3, 
    0, 
    3, 
    3, 
    3, 
    3, 
    3, 
    3
   ], 
   [
    3, 
    3, 
    3, 
    3, 
    0, 
    3, 
    3, 
    3, 
    3, 
    3
   ], 
   [
    3, 
    3, 
    3, 
    3, 
    3, 
    0, 
    3, 
    3, 
    3, 
    3
   ], 
   [
    3, 
    3, 
    3, 
    3, 
    3, 
    3, 
    0, 
    3, 
    3, 
    3
   ], 
   [
    3, 
    3, 
    3, 
    3, 
    3, 
    3, 
    3, 
    0, 
    3, 
    3
   ], 
   [
    3, 
    3, 
    3, 
    3, 
    3, 
    3, 
    3, 
    3, 
    0, 
    3
   ], 
   [
    3, 
    3, 
    3, 
    3, 
    3, 
    3, 
    3, 
    3, 
    3, 
    0
   ]
  ], 
  "city_names": [
   "Amsterdam", 
   "Rotterdam", 
   "Den Haag", 
   "Utrecht", 
   "Eindhoven", 
   "Almere", 
   "Groningen", 
   "Nijmegen", 
   "Breda", 
   "Apeldoorn"
  ], 
  "reward_matrix": [
   [
    0, 
    73456, 
    83796, 
    91775, 
    54364, 
    97352, 
    34661, 
    56603, 
    61855, 
    73619
   ], 
   [
    73456, 
    0, 
    99999, 
    84977, 
    65233, 
    67350, 
    4659, 
    64745, 
    90554, 
    57702
   ], 
   [
    83796, 
    99999, 
    0, 
    74637, 
    54893, 
    70810, 
    8119, 
    54405, 
    80214, 
    47362
   ], 
   [
    91775, 
    84977, 
    74637, 
    0, 
    72927, 
    92712, 
    30020, 
    75166, 
    80418, 
    83064
   ], 
   [
    54364, 
    65233, 
    54893, 
    72927, 
    0, 
    55300, 
    1117, 
    81761, 
    85018, 
    58516
   ], 
   [
    97352, 
    67350, 
    70810, 
    92712, 
    55300, 
    0, 
    47647, 
    57539, 
    62791, 
    77731
   ], 
   [
    34661, 
    4659, 
    8119, 
    30020, 
    1117, 
    47647, 
    0, 
    29695, 
    100, 
    52939
   ], 
   [
    56603, 
    64745, 
    54405, 
    75166, 
    81761, 
    57539, 
    29695, 
    0, 
    71177, 
    87094
   ], 
   [
    61855, 
    90554, 
    80214, 
    80418, 
    85018, 
    62791, 
    100, 
    71177, 
    0, 
    53143
   ], 
   [
    73619, 
    57702, 
    47362, 
    83064, 
    58516, 
    77731, 
    52939, 
    87094, 
    53143, 
    0
   ]
  ],