{
 "vehicle_cost_per_km": [
  10, 
  10, 
  5, 
  5, 
  5, 
  5, 
  5, 
  5, 
  5, 
  5
 ], 
 "runs": [
  {
   "avg_task_cost_vs_number_of_task": [
    1255.5, 
    1134.75, 
    839, 
    657.25, 
    689.5, 
    574.5833333333333, 
    554.0714285714287, 
    514.1250000000001, 
    459.8888888888889, 
    456.6, 
    499.00000000000006, 
    539.8333333333334, 
    529.2307692307693, 
    471.67857142857144, 
    452.79999999999995, 
    516.84375, 
    500.97058823529414, 
    449.0833333333333, 
    469.8157894736842, 
    446.2, 
    440.95238095238096, 
    494.09090909090907, 
    486.6304347826087, 
    484.4791666666666, 
    485.62, 
    494.8269230769231, 
    461.4259259259259, 
    431.16071428571433, 
    424.44827586206895, 
    493.85
   ], 
   "number_of_vehicles": 3
  }
 ], 
 "vehicle_starting_positions": [
  "Amsterdam", 
  "Rotterdam", 
  "Den Haag", 
  "Utrecht", 
  "Eindhoven", 
  "Almere", 
  "Groningen", 
  "Nijmegen", 
  "Breda", 
  "Apeldoorn"
 ], 
 "task_distribution": {
  "distance_matrix": [
   [
    0, 
    90.6, 
    65.2, 
    45.6, 
    137.5, 
    31.9, 
    185.9, 
    132, 
    119.1, 
    90.2
   ], 
   [
    90.6, 
    0, 
    25.4, 
    62.3, 
    110.8, 
    105.6, 
    259.6, 
    112, 
    48.6, 
    129.3
   ], 
   [
    65.2, 
    25.4, 
    0, 
    87.7, 
    136.2, 
    97.1, 
    251.1, 
    137.4, 
    74, 
    154.7
   ], 
   [
    45.6, 
    62.3, 
    87.7, 
    0, 
    91.9, 
    43.3, 
    197.3, 
    86.4, 
    73.5, 
    67
   ], 
   [
    137.5, 
    110.8, 
    136.2, 
    91.9, 
    0, 
    135.2, 
    268.3, 
    70.2, 
    62.2, 
    127.3
   ], 
   [
    31.9, 
    105.6, 
    97.1, 
    43.3, 
    135.2, 
    0, 
    154, 
    129.7, 
    116.8, 
    80.1
   ], 
   [
    185.9, 
    259.6, 
    251.1, 
    197.3, 
    268.3, 
    154, 
    0, 
    198.1, 
    270.8, 
    141
   ], 
   [
    132, 
    112, 
    137.4, 
    86.4, 
    70.2, 
    129.7, 
    198.1, 
    0, 
    96.2, 
    57.1
   ], 
   [
    119.1, 
    48.6, 
    74, 
    73.5, 
    62.2, 
    116.8, 
    270.8, 
    96.2, 
    0, 
    140.5
   ], 
   [
    90.2, 
    129.3, 
    154.7, 
    67, 
    127.3, 
    80.1, 
    141, 
    57.1, 
    140.5, 
    0
   ]
  ], 
  "weight_matrix": [
   [
    0, 
    3, 
    3, 
    3, 
    3, 
    3, 
    3, 
    3, 
    3, 
    3
   ], 
   [
    3, 
    0, 
    3, 
    3, 
    3, 
    3, 
    3, 
    3, 
    3, 
    3
   ], 
   [
    3, 
    3, 
    0, 
    3, 
    3, 
    3, 
    3, 
    3, 
    3, 
    3
   ], 
   [
    3, 
    3, 
    3, 
    0, 
    3, 
    3, 
    3, 
    3, 
    3, 
    3
   ], 
   [
    3, 
    3, 
    3, 
    3, 
    0, 
    3, 
    3, 
    3, 
    3, 
    3
   ], 
   [
    3, 
    3, 
    3, 
    3, 
    3, 
    0, 
    3, 
    3, 
    3, 
    3
   ], 
   [
    3, 
    3, 
    3, 
    3, 
    3, 
    3, 
    0, 
    3, 
    3, 
    3
   ], 
   [
    3, 
    3, 
    3, 
    3, 
    3, 
    3, 
    3, 
    0, 
    3, 
    3
   ], 
   [
    3, 
    3, 
    3, 
    3, 
    3, 
    3, 
    3, 
    3, 
    0, 
    3
   ], 
   [
    3, 
    3, 
    3, 
    3, 
    3, 
    3, 
    3, 
    3, 
    3, 
    0
   ]
  ], 
  "city_names": [
   "Amsterdam", 
   "Rotterdam", 
   "Den Haag", 
   "Utrecht", 
   "Eindhoven", 
   "Almere", 
   "Groningen", 
   "Nijmegen", 
   "Breda", 
   "Apeldoorn"
  ], 
  "reward_matrix": [
   [
    0, 
    73456, 
    83796, 
    91775, 
    54364, 
    97352, 
    34661, 
    56603, 
    61855, 
    73619
   ], 
   [
    73456, 
    0, 
    99999, 
    84977, 
    65233, 
    67350, 
    4659, 
    64745, 
    90554, 
    57702
   ], 
   [
    83796, 
    99999, 
    0, 
    74637, 
    54893, 
    70810, 
    8119, 
    54405, 
    80214, 
    47362
   ], 
   [
    91775, 
    84977, 
    74637, 
    0, 
    72927, 
    92712, 
    30020, 
    75166, 
    80418, 
    83064
   ], 
   [
    54364, 
    65233, 
    54893, 
    72927, 
    0, 
    55300, 
    1117, 
    81761, 
    85018, 
    58516
   ], 
   [
    97352, 
    67350, 
    70810, 
    92712, 
    55300, 
    0, 
    47647, 
    57539, 
    62791, 
    77731
   ], 
   [
    34661, 
    4659, 
    8119, 
    30020, 
    1117, 
    47647, 
    0, 
    29695, 
    100, 
    52939
   ], 
   [
    56603, 
    64745, 
    54405, 
    75166, 
    81761, 
    57539, 
    29695, 
    0, 
    71177, 
    87094
   ], 
   [
    61855, 
    90554, 
    80214, 
    80418, 
    85018, 
    62791, 
    100, 
    71177, 
    0, 
    53143
   ], 
   [
    73619, 
    57702, 
    47362, 
    83064, 
    58516, 
    77731, 
    52939, 
    87094, 
    53143, 
    0
   ]
  ], 
  "probability_matrix": [
   [
    0, 
    0.057946099328578186, 
    0.0656202194994262, 
    0.23910237813675547, 
    0.04867051964324392, 
    0.23852088821005207, 
    0.03805860845208568, 
    0.226577320999763, 
    0.06331997833217687, 
    0.022183987397918506
   ], 
   [
    0.07896623744531524, 
    0, 
    0.13882572442989852, 
    0.1703145521221504, 
    0.07889598141537357, 
    0.12403270046553443, 
    0.14584771597434643, 
    0.13217662744222758, 
    0.0598730286547389, 
    0.07106743205041484
   ], 
   [
    0.2094008147556239, 
    0.14570542941770737, 
    0, 
    0.04928584750732405, 
    0.0844035735758588, 
    0.09318772568390475, 
    0.0820884797269653, 
    0.02660477996028612, 
    0.16850937713228056, 
    0.1408139722400491
   ], 
   [
    0.011724120735648822, 
    0.1186964060084018, 
    0.21112285575246786, 
    0, 
    0.025577868190261553, 
    0.08323463390820264, 
    0.19931624562719102, 
    0.14798842774961493, 
    0.008139693300453915, 
    0.1941997487277574
   ], 
   [
    0.09581137595773508, 
    0.21765586646142016, 
    0.12756063436056253, 
    0.06966883158341937, 
    0, 
    0.02356189667683745, 
    0.16685968163763787, 
    0.0720570774873348, 
    0.19034983239687478, 
    0.03647480343817794
   ], 
   [
    0.0899198967835653, 
    0.2603119565239779, 
    0.013023561187032351, 
    0.08584762303110033, 
    0.025807364484358237, 
    0, 
    0.11646111871423326, 
    0.12278901273852345, 
    0.2052546070018674, 
    0.08058485953534168
   ], 
   [
    0.06506308656654182, 
    0.02551901656945373, 
    0.11460572446119234, 
    0.15793398616088095, 
    0.13187060187904004, 
    0.18687067965074444, 
    0, 
    0.15929552149045692, 
    0.007361931909756123, 
    0.15147945131193377
   ], 
   [
    0.14579539854576792, 
    0.015259052148712683, 
    0.030828705588600815, 
    0.167189474417607, 
    0.052382157790046124, 
    0.15534447767490628, 
    0.16166031671787112, 
    0, 
    0.03074335102720324, 
    0.24079706608928483
   ], 
   [
    0.10727509092701712, 
    0.22144401527501195, 
    0.006233942729690796, 
    0.023483227827733495, 
    0.07546390730431823, 
    0.23176738991652532, 
    0.0168735307038324, 
    0.11815750175141682, 
    0, 
    0.19930139356445378
   ], 
   [
    0.13171762439529708, 
    0.07947890382739266, 
    0.047018554784243, 
    0.22101337910941013, 
    0.16453593417582982, 
    0.06404719265628107, 
    0.04453042244637635, 
    0.143379656346765, 
    0.10427833225840505, 
    0
   ]
  ]
 }, 
 "vehicle_capacities": [
  10, 
  10, 
  10, 
  5, 
  20, 
  30, 
  30, 
  30, 
  30, 
  30
 ]
}