{
 "distance_matrix": [
  [
   0, 
   90.6, 
   65.2, 
   45.6, 
   137.5, 
   31.9, 
   185.9, 
   132, 
   119.1, 
   90.2
  ], 
  [
   90.6, 
   0, 
   25.4, 
   62.3, 
   110.8, 
   105.6, 
   259.6, 
   112, 
   48.6, 
   129.3
  ], 
  [
   65.2, 
   25.4, 
   0, 
   87.7, 
   136.2, 
   97.1, 
   251.1, 
   137.4, 
   74, 
   154.7
  ], 
  [
   45.6, 
   62.3, 
   87.7, 
   0, 
   91.9, 
   43.3, 
   197.3, 
   86.4, 
   73.5, 
   67
  ], 
  [
   137.5, 
   110.8, 
   136.2, 
   91.9, 
   0, 
   135.2, 
   268.3, 
   70.2, 
   62.2, 
   127.3
  ], 
  [
   31.9, 
   105.6, 
   97.1, 
   43.3, 
   135.2, 
   0, 
   154, 
   129.7, 
   116.8, 
   80.1
  ], 
  [
   185.9, 
   259.6, 
   251.1, 
   197.3, 
   268.3, 
   154, 
   0, 
   198.1, 
   270.8, 
   141
  ], 
  [
   132, 
   112, 
   137.4, 
   86.4, 
   70.2, 
   129.7, 
   198.1, 
   0, 
   96.2, 
   57.1
  ], 
  [
   119.1, 
   48.6, 
   74, 
   73.5, 
   62.2, 
   116.8, 
   270.8, 
   96.2, 
   0, 
   140.5
  ], 
  [
   90.2, 
   129.3, 
   154.7, 
   67, 
   127.3, 
   80.1, 
   141, 
   57.1, 
   140.5, 
   0
  ]
 ], 
 "runs": [
  {
   "avg_task_cost_vs_number_of_task": [
    764.5, 
    541.75, 
    514.3333333333334, 
    770.7499999999999, 
    628.8, 
    609, 
    566.5, 
    456.75, 
    406, 
    365.4, 
    358.09090909090907, 
    328.25, 
    355.7692307692308, 
    281.35714285714283, 
    262.6, 
    246.1875, 
    241.97058823529412, 
    292, 
    236.97368421052633, 
    221.62499999999994, 
    256.1190476190476, 
    231.13636363636368, 
    280.5869565217391, 
    191.47916666666666, 
    200.62, 
    195.34615384615384, 
    230.0185185185185, 
    228.5535714285714, 
    220.93103448275863, 
    166.58333333333331
   ], 
   "number_of_vehicles": 2
  }, 
  {
   "avg_task_cost_vs_number_of_task": [
    438.5, 
    378.75, 
    444.1666666666667, 
    718.125, 
    609.2, 
    576.4166666666666, 
    519.9285714285714, 
    456.75, 
    406, 
    365.4, 
    379.6363636363636, 
    328.25, 
    303, 
    322.42857142857144, 
    308.76666666666665, 
    261, 
    265.38235294117646, 
    278.3888888888889, 
    243.76315789473685, 
    253.4, 
    208.85714285714286, 
    236.11363636363637, 
    239.54347826086956, 
    203.08333333333334, 
    263.54, 
    183.01923076923077, 
    215.2962962962963, 
    196.67857142857142, 
    240.75862068965515, 
    219.53333333333333
   ], 
   "number_of_vehicles": 3
  }, 
  {
   "avg_task_cost_vs_number_of_task": [
    438.5, 
    378.75, 
    444.1666666666667, 
    718.125, 
    609.2, 
    576.4166666666666, 
    522, 
    514.1875, 
    406, 
    365.4, 
    362.95454545454544, 
    309.25, 
    322.53846153846155, 
    281.35714285714283, 
    276.6333333333333, 
    289.0625, 
    278.7647058823529, 
    232, 
    267.42105263157896, 
    225.52500000000003, 
    234.69047619047623, 
    231.5681818181818, 
    214.3913043478261, 
    240.20833333333334, 
    183.82, 
    221.42307692307693, 
    213.07407407407408, 
    213.89285714285717, 
    200.89655172413794, 
    208.36666666666667
   ], 
   "number_of_vehicles": 4
  }, 
  {
   "avg_task_cost_vs_number_of_task": [
    438.5, 
    378.75, 
    444.1666666666667, 
    718.125, 
    609.2, 
    576.4166666666666, 
    522, 
    456.75, 
    411.94444444444446, 
    404.90000000000003, 
    395.09090909090907, 
    328.25, 
    337.46153846153845, 
    265.07142857142856, 
    274.23333333333335, 
    246.1875, 
    281.7352941176471, 
    271.1666666666667, 
    249.47368421052636, 
    208.8, 
    257.2619047619048, 
    208.88636363636363, 
    257.8478260869565, 
    205.45833333333334, 
    183.82, 
    198.80769230769232, 
    227.12962962962962, 
    221.0357142857143, 
    203.51724137931035, 
    228.1833333333334
   ], 
   "number_of_vehicles": 5
  }
 ], 
 "vehicle_starting_positions": [
  "Amsterdam", 
  "Nijmegen", 
  "Den Haag", 
  "Utrecht", 
  "Rotterdam", 
  "Breda", 
  "Eindhoven", 
  "Groningen", 
  "Apeldoorn", 
  "Almere"
 ], 
 "task_distribution": {
  "weight_matrix": [
   [
    0, 
    3, 
    3, 
    3, 
    3, 
    3, 
    3, 
    3, 
    3, 
    3
   ], 
   [
    3, 
    0, 
    3, 
    3, 
    3, 
    3, 
    3, 
    3, 
    3, 
    3
   ], 
   [
    3, 
    3, 
    0, 
    3, 
    3, 
    3, 
    3, 
    3, 
    3, 
    3
   ], 
   [
    3, 
    3, 
    3, 
    0, 
    3, 
    3, 
    3, 
    3, 
    3, 
    3
   ], 
   [
    3, 
    3, 
    3, 
    3, 
    0, 
    3, 
    3, 
    3, 
    3, 
    3
   ], 
   [
    3, 
    3, 
    3, 
    3, 
    3, 
    0, 
    3, 
    3, 
    3, 
    3
   ], 
   [
    3, 
    3, 
    3, 
    3, 
    3, 
    3, 
    0, 
    3, 
    3, 
    3
   ], 
   [
    3, 
    3, 
    3, 
    3, 
    3, 
    3, 
    3, 
    0, 
    3, 
    3
   ], 
   [
    3, 
    3, 
    3, 
    3, 
    3, 
    3, 
    3, 
    3, 
    0, 
    3
   ], 
   [
    3, 
    3, 
    3, 
    3, 
    3, 
    3, 
    3, 
    3, 
    3, 
    0
   ]
  ], 
  "city_names": [
   "Amsterdam", 
   "Rotterdam", 
   "Den Haag", 
   "Utrecht", 
   "Eindhoven", 
   "Almere", 
   "Groningen", 
   "Nijmegen", 
   "Breda", 
   "Apeldoorn"
  ], 
  "reward_matrix": [
   [
    0, 
    73456, 
    83796, 
    91775, 
    54364, 
    97352, 
    34661, 
    56603, 
    61855, 
    73619
   ], 
   [
    73456, 
    0, 
    99999, 
    84977, 
    65233, 
    67350, 
    4659, 
    64745, 
    90554, 
    57702
   ], 
   [
    83796, 
    99999, 
    0, 
    74637, 
    54893, 
    70810, 
    8119, 
    54405, 
    80214, 
    47362
   ], 
   [
    91775, 
    84977, 
    74637, 
    0, 
    72927, 
    92712, 
    30020, 
    75166, 
    80418, 
    83064
   ], 
   [
    54364, 
    65233, 
    54893, 
    72927, 
    0, 
    55300, 
    1117, 
    81761, 
    85018, 
    58516
   ], 
   [
    97352, 
    67350, 
    70810, 
    92712, 
    55300, 
    0, 
    47647, 
    57539, 
    62791, 
    77731
   ], 
   [
    34661, 
    4659, 
    8119, 
    30020, 
    1117, 
    47647, 
    0, 
    29695, 
    100, 
    52939
   ], 
   [
    56603, 
    64745, 
    54405, 
    75166, 
    81761, 
    57539, 
    29695, 
    0, 
    71177, 
    87094
   ], 
   [
    61855, 
    90554, 
    80214, 
    80418, 
    85018, 
    62791, 
    100, 
    71177, 
    0, 
    53143
   ], 
   [
    73619, 
    57702, 
    47362, 
    83064, 
    58516, 
    77731, 
    52939, 
    87094, 
    53143, 
    0
   ]
  ],