{
    "vehicle_starting_positions": ["Liverpool","Norwich","London","Sheffield","Newcastle","Cardiff","Portsmouth","Leeds","Plymouth","Birmingham","Manchester"],
    "task_distribution": {
        "weight_matrix": [
            [0,3,3,3,3,3,3,3,3,3,3],
            [3,0,3,3,3,3,3,3,3,3,3],
            [3,3,0,3,3,3,3,3,3,3,3],
            [3,3,3,0,3,3,3,3,3,3,3],
            [3,3,3,3,0,3,3,3,3,3,3],
            [3,3,3,3,3,0,3,3,3,3,3],
            [3,3,3,3,3,3,0,3,3,3,3],
            [3,3,3,3,3,3,3,0,3,3,3],
            [3,3,3,3,3,3,3,3,0,3,3],
            [3,3,3,3,3,3,3,3,3,0,3],
            [3,3,3,3,3,3,3,3,3,3,0]
        ],
        "probability_matrix": [
            [0,0.026656688471465573,0.10520467757301225,0.008663014974149017,0.06548261022591227,0.1608576294664203,0.1098896322278903,0.05205784941336692,0.16410731706721962,0.09911159483416512,0.20796898574639852],
            [0.13346581650921446,0,0.14805931703915123,0.06757623474087225,0.14617980622531102,0.09527775546655769,0.05979864629587209,0.10556130549932935,0.08331235169553167,0.04318314647873225,0.1175856200494282],
            [0.13711390647622462,0.1018650398709127,0,0.12225280306585473,0.12926299134519392,0.07844495951134971,0.14214414558242427,0.012137032471601087,0.11584326703004313,0.07400634106759356,0.0869295135788023],
            [0.029358887250272622,0.13113412167410227,0.11234660563483664,0,0.08901025180462295,0.16609840909016735,0.0037536811467331443,0.012298806720400393,0.16861036883313782,0.2596102931390029,0.02777857470672396],
            [0.23925167446427645,0.0724466157451776,0.03697675683168874,0.045759563450447224,0,0.04173292929509314,0.07513972415194967,0.22931067632041144,0.04433813927444929,0.021118675234005763,0.19392524523250068],
            [0.1170212168939342,0.10787025335131536,0.14894056528794636,0.07783924014364071,0.08946811899672227,0,0.10805702612946438,0.14528417372515567,0.013511603629045235,0.12864054811145553,0.06336725373132022],
            [0.023624276858240426,0.15362021926787028,0.15203373447947877,0.07420154657180628,0.10662741925365815,0.13952896896876177,0,0.16114676277844087,0.11085055868661782,0.0419684765396829,0.036398036595442836],
            [0.12912162512211012,0.034619705262826234,0.15800740362187138,0.16887324734701367,0.053905182688642625,0.022672804357315328,0.1424011453244116,0,0.1211439469914355,0.1300418958096828,0.0392130434746906],
            [0.11049773231132944,0.09585835134496182,0.08665100554081438,0.1879298036334201,0.00658624358590431,0.20328610681986953,0.017985317302751633,0.02204066797418855,0,0.045457099397939814,0.22370767208882056],
            [0.018337770097013362,0.07947261636971044,0.20437497051070935,0.09157026962933038,0.053690333104107965,0.19550547454084383,0.09820614789554716,0.07533911475444144,0.08653040631655039,0,0.09697289678174571],
            [0.17759328058277576,0.09837750719546144,0.13775381037202541,0.025755659918888306,0.11087330134993284,0.1667355389768022,0.08623700452329315,0.1242844312695021,0.012742669866926978,0.05964679594439188,0]
        ],
        "city_names": ["Cardiff","Newcastle","Plymouth","Norwich","Manchester","London","Leeds","Sheffield","Birmingham","Liverpool","Portsmouth"],
        "reward_matrix": [
            [0,44455,20684,43918,68638,64503,62087,69479,85625,62427,51114],
            [44455,0,100,23333,69390,43918,88578,81186,65040,75601,30529],
            [20684,100,0,41806,24282,62391,17731,25123,41269,18071,75780],
            [43918,23333,41806,0,47516,85625,40965,48357,64503,41305,72236],
            [68638,69390,24282,47516,0,68101,87021,79628,89223,99999,54712],
            [64503,43918,62391,85625,68101,0,61550,68942,85088,61890,92821],
            [62087,88578,17731,40965,87021,61550,0,98817,82671,93232,48161],
            [69479,81186,25123,48357,79628,68942,98817,0,90064,85840,55553],
            [85625,65040,41269,64503,89223,85088,82671,90064,0,83012,71699],
            [62427,75601,18071,41305,99999,61890,93232,85840,83012,0,48501],
            [51114,30529,75780,72236,54712,92821,48161,55553,71699,48501,0]
        ]
    },
    "runs": [
        {
            "number_of_vehicles": 2,
            "avg_task_cost_vs_number_of_task": [3598,2316.5,1988.3333333333333,1778.75,1423,1254.6666666666667,1206.4285714285713,1055.625,938.3333333333334,844.5,767.7272727272727,703.75,649.6153846153846,603.2142857142857,660.7333333333333,527.8125,583,469.1666666666667,521.6315789473684,478.85,447.3333333333333,515.4545454545455,483.04347826086956,472.5,482.88,515.0384615384617,496.3703703703703,473.1785714285714,545.7931034482759,532.6333333333333]
        },
        {
            "number_of_vehicles": 3,
            "avg_task_cost_vs_number_of_task": [3023,2316.5,1988.3333333333333,1778.75,1423,1254.6666666666667,1206.4285714285713,1055.625,938.3333333333334,844.5,767.7272727272727,703.75,649.6153846153846,673.5714285714286,563,583.5,563.7647058823529,533.2777777777778,612.578947368421,533.85,447.3333333333333,512.8181818181819,408.4347826086956,502.5833333333333,483.5200000000001,558.7692307692308,458.4444444444445,459.2142857142858,496.3448275862069,511.08333333333337]
        },
        {
            "number_of_vehicles": 4,
            "avg_task_cost_vs_number_of_task": [3023,2032,1755.3333333333333,1604,1283.2,1138.1666666666665,1126,999.25,875.7777777777778,788.2,716.5454545454545,656.8333333333334,652.1538461538462,628.4285714285714,640.6333333333333,527.8125,517.5294117647059,578.5555555555555,486.5263157894737,439.9,487.6666666666667,505.13636363636374,479.95652173913044,377.5416666666667,492.88,487.6153846153847,493.5925925925926,456.05357142857144,528,473.85000000000014]
        },
        {
            "number_of_vehicles": 5,
            "avg_task_cost_vs_number_of_task": [3023,2032,1755.3333333333333,1604,1283.2,1138.1666666666665,1142,985.25,875.7777777777778,788.2,716.5454545454545,782.7083333333334,638.0769230769231,628.4285714285714,553,518.4375,531.9411764705883,488.77777777777777,476.89473684210526,462.2,431.4761904761905,411.8636363636364,408.4347826086956,452.0833333333333,515.64,504.8461538461539,374.037037037037,462.05357142857144,450.58620689655174,459.93333333333334]
        }
    ]
}