{
    "vehicle_starting_positions": ["Paris","Lyon","Le Havre","Monaco","Genève","Strasbourg","Bordeaux","Brest","Marseille"],
    "task_distribution": {
        "weight_matrix": [
            [0,3,3,3,3,3,3,3,3],
            [3,0,3,3,3,3,3,3,3],
            [3,3,0,3,3,3,3,3,3],
            [3,3,3,0,3,3,3,3,3],
            [3,3,3,3,0,3,3,3,3],
            [3,3,3,3,3,0,3,3,3],
            [3,3,3,3,3,3,0,3,3],
            [3,3,3,3,3,3,3,0,3],
            [3,3,3,3,3,3,3,3,0]
        ],
        "probability_matrix": [
            [0,0.17772819352152014,0.0974689865051919,0.13113812497260796,0.15524992501683418,0.048285617993844926,0.30641034757158525,3.2173244551678094E-4,0.08339707197289893],
            [0.11555956357367661,0,0.09030043074647998,0.14995114862256317,0.12618461739069234,0.025849828264617295,0.06158666740069265,0.26606368200681324,0.16450406199446474],
            [0.09238433519534624,0.18182239253899898,0,0.1625892802915299,0.08544335635778309,0.13768212912522154,0.17099856708009,0.1614113017757002,0.00766863763533029],
            [0.02014573331642351,0.22026524466184239,0.08098104511285123,0,0.1427470467945877,0.156652610321024,0.11652448838374237,0.13969923892962383,0.12298459247990504],
            [0.1540838453466682,0.18507402034675538,0.05888322707995904,0.1726503399201925,0,0.005593565879716281,0.21248262009540922,0.19560057309575563,0.015631808235543564],
            [0.1213465589725,0.13356056605704678,0.1741849750107851,0.1747668739010183,0.10344284929611315,0,0.04763753022974174,0.15674169801489876,0.08831894851789608],
            [0.08131418102012172,0.15668710839295874,0.16370576551172197,0.006605449619333066,0.11008670260404932,0.19598580190801518,0,0.10089412118951595,0.18472086975428387],
            [0.1499671825912657,0.07582368071106532,0.13997014002074532,0.13554998866650314,0.1977269365459049,0.04236883263321323,0.2117016271664476,0,0.046891611664854865],
            [0.17553183244397338,0.13196445503873308,0.14029655689541937,0.09004992631512881,0.1476250114549171,0.15525136164629993,0.02693253977333232,0.132348316432196,0]
        ],
        "city_names": ["Brest","Paris","Marseille","Genève","Monaco","Le Havre","Bordeaux","Lyon","Strasbourg"],
        "reward_matrix": [
            [0,69526,15612,27125,100,56013,29263,37398,35950],
            [69526,0,56357,67871,40845,96758,70008,78143,76696],
            [15612,56357,0,78212,94759,42844,65734,88485,51393],
            [27125,67871,78212,0,74352,54358,59460,99999,83452],
            [100,40845,94759,74352,0,27332,50221,72973,47533],
            [56013,96758,42844,54358,27332,0,56495,64631,63183],
            [29263,70008,65734,59460,50221,56495,0,69732,36433],
            [37398,78143,88485,99999,72973,64631,69732,0,73180],
            [35950,76696,51393,83452,47533,63183,36433,73180,0]
        ]
    },
    "runs": [
        {
            "number_of_vehicles": 2,
            "avg_task_cost_vs_number_of_task": [6150,6997.5,5643.333333333333,5300,4632,3860,3382.8571428571427,3497.5,3108.8888888888887,3015,2623.181818181818,2525.8333333333335,2152.3076923076924,2165,1865.3333333333333,1988.125,1782.9411764705883,1683.888888888889,1472.6315789473683,1515.5,1630,1648.8636363636363,1439.7826086956522,1409.1666666666667,1534.8,1596.7307692307693,1565.3703703703704,1402.142857142857,1484.8275862068965,1265]
        },
        {
            "number_of_vehicles": 3,
            "avg_task_cost_vs_number_of_task": [6150,6997.5,5643.333333333333,5300,4436,3696.6666666666665,3242.8571428571427,3497.5,3108.8888888888887,2930.5,2543.6363636363635,2525.8333333333335,2152.3076923076924,2165,2020.6666666666667,1894.375,1645.8823529411766,1855.2777777777778,1543.6842105263158,1441.25,1448.3333333333333,1605.4545454545455,1301.7391304347825,1750.625,1336.6,1363.4615384615386,1390.9259259259259,1309.107142857143,1494.655172413793,1333.8333333333333]
        },
        {
            "number_of_vehicles": 4,
            "avg_task_cost_vs_number_of_task": [6150,6997.5,5643.333333333333,5300,4436,3696.6666666666665,3242.8571428571427,3381.875,3006.1111111111113,2612,2502.2727272727275,2525.8333333333335,2331.5384615384614,2026.4285714285713,2020.6666666666667,1773.125,1870.5882352941176,1730.8333333333333,1472.6315789473683,1557.75,1567.857142857143,1354.7727272727273,1606.304347826087,1437.5,1451.4,1428.076923076923,1336.111111111111,1255,1432.9310344827586,1286.8333333333333]
        },
        {
            "number_of_vehicles": 5,
            "avg_task_cost_vs_number_of_task": [6150,6742.5,5480,5177.5,4436,3696.6666666666665,3382.8571428571427,3504.375,3115,2798,2502.2727272727275,2512.5,2331.5384615384614,2165,2215,1894.375,1773.5294117647059,1683.888888888889,1665.2631578947369,1515.5,1516.904761904762,1354.7727272727273,1376.0869565217392,1488.3333333333333,1339.6,1334.8076923076924,1430.5555555555557,1385.5357142857142,1276.551724137931,1364]
        }
    ]
}