{
    "vehicle_starting_positions": ["Strasbourg","Le Havre","Genève","Bordeaux","Paris","Lyon","Brest","Marseille","Monaco"],
    "task_distribution": {
        "weight_matrix": [
            [0,3,3,3,3,3,3,3,3],
            [3,0,3,3,3,3,3,3,3],
            [3,3,0,3,3,3,3,3,3],
            [3,3,3,0,3,3,3,3,3],
            [3,3,3,3,0,3,3,3,3],
            [3,3,3,3,3,0,3,3,3],
            [3,3,3,3,3,3,0,3,3],
            [3,3,3,3,3,3,3,0,3],
            [3,3,3,3,3,3,3,3,0]
        ],
        "probability_matrix": [
            [0,0.19167476396990857,0.05215411336474254,0.03477381785830777,0.19033494499052908,0.2029451017608924,0.1426556132111354,0.011215918227076155,0.17424572661740828],
            [0.14017893860885747,0,0.13165323204750373,0.14308147459625342,0.17133969157066947,0.09580003713445172,0.06214691098950113,0.09758649903703934,0.15821321601572383],
            [0.07866011908818607,0.13206509142944184,0,0.07875687208810672,0.16804290205032768,0.16441312261391663,0.17853519300101434,0.07140338079528455,0.12812331893372234],
            [0.03465139872306044,0.024632203961280557,0.21622714773180135,0,0.128915617730232,0.20449266809572153,0.1949953674622921,0.13637973183481086,0.05970586446080112],
            [0.053622578375581965,0.05648771954348337,0.20985129892618082,0.13402817186010438,0,0.09614810038961158,0.11630997136794625,0.21938408692237693,0.11416807261471473],
            [0.06921863871901038,0.0435421587923504,0.14515005234717182,0.22792561238556525,0.004406691244700116,0,0.18540599934250693,0.15548574200784596,0.16886510516084924],
            [0.16540682070756416,0.0536896892407633,0.10630343523858193,0.09087228353826629,0.12855226533555583,0.18977449598349572,0,0.1848797229684659,0.08052128698730689],
            [0.1346403562438839,0.13144943474597778,0.18940861819214838,0.07986567408029772,0.10859102033853998,0.12373132265632948,0.09826649018514577,0,0.13404708355767692],
            [0.1905033850803361,0.016501011440779853,0.2036160829293149,0.13821578400163617,0.044962478076864335,0.13254089926218354,0.12478173886375211,0.14887862034513308,0]
        ],
        "city_names": ["Brest","Paris","Marseille","Genève","Monaco","Le Havre","Bordeaux","Lyon","Strasbourg"],
        "reward_matrix": [
            [0,69526,15612,27125,100,56013,29263,37398,35950],
            [69526,0,56357,67871,40845,96758,70008,78143,76696],
            [15612,56357,0,78212,94759,42844,65734,88485,51393],
            [27125,67871,78212,0,74352,54358,59460,99999,83452],
            [100,40845,94759,74352,0,27332,50221,72973,47533],
            [56013,96758,42844,54358,27332,0,56495,64631,63183],
            [29263,70008,65734,59460,50221,56495,0,69732,36433],
            [37398,78143,88485,99999,72973,64631,69732,0,73180],
            [35950,76696,51393,83452,47533,63183,36433,73180,0]
        ]
    },
    "runs": [
        {
            "number_of_vehicles": 2,
            "avg_task_cost_vs_number_of_task": [6000,4765,3880,2910,3899,3560.8333333333335,2958.5714285714284,2764.375,2457.222222222222,2553,2244.5454545454545,1842.9166666666667,1963.8461538461538,1579.642857142857,1702,1504.6875,1558.235294117647,1616.388888888889,1548.9473684210527,1562.25,1626.1904761904761,1445.909090909091,1493.4782608695652,1423.9583333333333,1243.6,1428.076923076923,1343.5185185185185,1376.25,1295.344827586207,1187.6666666666667]
        },
        {
            "number_of_vehicles": 3,
            "avg_task_cost_vs_number_of_task": [4055,3792.5,3808.3333333333335,2910,3510,3236.6666666666665,2774.285714285714,2603.125,2457.222222222222,2211.5,2111.3636363636365,2067.0833333333335,1978.076923076923,1579.642857142857,1702,1595.625,1567.3529411764705,1744.7222222222222,1548.9473684210527,1451.5,1616.6666666666667,1453.6363636363637,1436.0869565217392,1412.5,1316.6,1338.2692307692307,1388.5185185185185,1294.2857142857142,1440.8620689655172,1255.8333333333333]
        },
        {
            "number_of_vehicles": 4,
            "avg_task_cost_vs_number_of_task": [4055,3792.5,2580,2762.5,3392,3090,2774.285714285714,2679.375,2580.5555555555557,2143.5,2259.090909090909,1842.9166666666667,1963.8461538461538,1869.2857142857142,1801.3333333333333,1504.6875,1709.4117647058824,1614.4444444444443,1452.8947368421052,1567.75,1592.142857142857,1532.5,1613.0434782608695,1324.1666666666667,1510,1402.3076923076924,1367.5925925925926,1495,1377.4137931034484,1307.8333333333333]
        },
        {
            "number_of_vehicles": 5,
            "avg_task_cost_vs_number_of_task": [4055,3792.5,2580,2762.5,3392,3090,2861.4285714285716,2660,2457.222222222222,2322.5,2037.7272727272727,2194.5833333333335,1963.8461538461538,1649.642857142857,1702,1536.5625,1530.2941176470588,1635,1529.4736842105262,1562.25,1551.6666666666667,1504.5454545454545,1306.0869565217392,1324.1666666666667,1425.2,1360.3846153846155,1249.6296296296296,1320.1785714285713,1368.448275862069,1225.6666666666667]
        }
    ]
}