{
    "vehicle_starting_positions": ["Bordeaux","Le Havre","Marseille","Paris","Lyon","Brest","Genève","Strasbourg","Monaco"],
    "task_distribution": {
        "weight_matrix": [
            [0,3,3,3,3,3,3,3,3],
            [3,0,3,3,3,3,3,3,3],
            [3,3,0,3,3,3,3,3,3],
            [3,3,3,0,3,3,3,3,3],
            [3,3,3,3,0,3,3,3,3],
            [3,3,3,3,3,0,3,3,3],
            [3,3,3,3,3,3,0,3,3],
            [3,3,3,3,3,3,3,0,3],
            [3,3,3,3,3,3,3,3,0]
        ],
        "probability_matrix": [
            [0,0.0635488578915702,0.11522172612812534,0.11847820131706228,0.221907226075238,0.20656750104055843,0.05456083604100794,0.21128206502459143,0.008433586481846278],
            [0.08129069359027463,0,0.18797869424425073,0.06440713748313875,0.08445080694498897,0.10621751565041558,0.18691765707338429,0.07820742193323177,0.2105300730803154],
            [0.17274974707476357,0.11379981192890476,0,0.14534562581624638,0.14771210781092015,0.14696054225671148,0.07749635988369423,0.04531771626176739,0.15061808896699191],
            [0.08741125998772059,0.180208801590233,0.2266872361430502,0,0.03335516063073908,0.17804618421663745,0.1578946235736454,0.06641675644269042,0.06997997741528375],
            [0.1852371439118393,0.02398720597520397,0.18514564381126616,0.2006273294299924,0,0.03922625959676562,0.20070287055794067,0.05618594521704852,0.10888760149994349],
            [0.00911682194319517,0.08217398060371864,0.24176594340239563,0.18860158198871332,0.12145890940102773,0,0.1695324757181997,0.18507478080666942,0.002275506136080469],
            [0.18466102533846454,0.1796290475415572,0.058760740742175216,0.11254977210690449,0.14005076511117479,0.030981524474434835,0,0.14880040320766874,0.14456672147762012],
            [0.15395514074321773,0.1671641344459711,0.1654767579398529,0.12897793004682995,0.09300922062901855,0.13054711987159184,0.018728497856243583,0,0.14214119846727455],
            [0.07615552889556106,0.07918445581960953,0.1579954952241619,0.23654387292482393,0.19574901995910093,0.05340655901785645,0.177978497140629,0.022986571018257265,0]
        ],
        "city_names": ["Brest","Paris","Marseille","Genève","Monaco","Le Havre","Bordeaux","Lyon","Strasbourg"],
        "reward_matrix": [
            [0,69526,15612,27125,100,56013,29263,37398,35950],
            [69526,0,56357,67871,40845,96758,70008,78143,76696],
            [15612,56357,0,78212,94759,42844,65734,88485,51393],
            [27125,67871,78212,0,74352,54358,59460,99999,83452],
            [100,40845,94759,74352,0,27332,50221,72973,47533],
            [56013,96758,42844,54358,27332,0,56495,64631,63183],
            [29263,70008,65734,59460,50221,56495,0,69732,36433],
            [37398,78143,88485,99999,72973,64631,69732,0,73180],
            [35950,76696,51393,83452,47533,63183,36433,73180,0]
        ]
    },
    "runs": [
        {
            "number_of_vehicles": 2,
            "avg_task_cost_vs_number_of_task": [7060,5335,3838.3333333333335,4356.25,4147,3779.1666666666665,3331.4285714285716,2915,2983.3333333333335,2685,2478.181818181818,2271.6666666666665,2096.923076923077,1947.142857142857,1817.3333333333333,1756.5625,1691.1764705882354,1597.2222222222222,1611.578947368421,1716.5,1785,1562.7272727272727,1457.391304347826,1483.3333333333333,1483.4,1835.7692307692307,1409.0740740740741,1620.357142857143,1505.8620689655172,1532.3333333333333]
        },
        {
            "number_of_vehicles": 3,
            "avg_task_cost_vs_number_of_task": [3830,4972.5,3690,4356.25,4147,3779.1666666666665,3331.4285714285716,2915,2983.3333333333335,2685,2478.181818181818,2403.75,2246.153846153846,2053.5714285714284,1873.6666666666667,1796.875,1691.1764705882354,1813.888888888889,1611.578947368421,1813,1836.6666666666667,1473.409090909091,1768.9130434782608,1650.8333333333333,1806,1850.7692307692307,1562.5925925925926,1673.2142857142858,1599.4827586206898,1543.1666666666667]
        },
        {
            "number_of_vehicles": 4,
            "avg_task_cost_vs_number_of_task": [3830,4845,3511.6666666666665,4111.25,3951,3779.1666666666665,3331.4285714285716,2915,3190,2685,2443.6363636363635,2395.8333333333335,2096.923076923077,2007.5,1923,1703.75,1691.1764705882354,1777.5,1742.3684210526317,2027.25,1615.4761904761904,1742.2727272727273,1666.5217391304348,1639.5833333333333,1458.8,1748.6538461538462,2004.0740740740741,1803.5714285714287,1344.1379310344828,1553.1666666666667]
        },
        {
            "number_of_vehicles": 5,
            "avg_task_cost_vs_number_of_task": [3830,4845,3315,4111.25,3951,3779.1666666666665,3331.4285714285716,2915,2983.3333333333335,2685,2478.181818181818,2271.6666666666665,2211.5384615384614,2053.5714285714284,1916.6666666666667,1796.875,1691.1764705882354,2000.2777777777778,1840.5263157894738,1969.75,1620.2380952380952,1730.6818181818182,1462.608695652174,1623.125,1450.8,1642.8846153846155,1927.2222222222222,1527.5,1536.551724137931,1397.3333333333333]
        }
    ]
}