{
    "vehicle_starting_positions": ["Nijmegen","Den Haag","Rotterdam","Almere","Amsterdam","Eindhoven","Breda","Utrecht","Apeldoorn","Groningen"],
    "task_distribution": {
        "weight_matrix": [
            [0,3,3,3,3,3,3,3,3,3],
            [3,0,3,3,3,3,3,3,3,3],
            [3,3,0,3,3,3,3,3,3,3],
            [3,3,3,0,3,3,3,3,3,3],
            [3,3,3,3,0,3,3,3,3,3],
            [3,3,3,3,3,0,3,3,3,3],
            [3,3,3,3,3,3,0,3,3,3],
            [3,3,3,3,3,3,3,0,3,3],
            [3,3,3,3,3,3,3,3,0,3],
            [3,3,3,3,3,3,3,3,3,0]
        ],
        "probability_matrix": [
            [0,0.14611456136817216,0.11830884973067297,0.20292121538291807,0.150755146779654,0.02611913402112625,0.1579322542933084,0.12959476799884753,0.030284298114412238,0.0379697723108886],
            [0.055043299087289076,0,0.2161703489629643,0.22113818636390045,0.05181242757649059,0.006322354396015852,0.027866489876357786,0.177470250659144,0.22776372089422572,0.016412922183612164],
            [0.044691402509512514,0.180727583482415,0,0.004039254741282421,0.18436609333840123,0.21852879807569311,0.026183133618633118,0.19758899704938512,0.04375110647705249,0.10012363070762499],
            [0.012821342500394416,0.14522498827703018,0.004245656359540566,0,0.08724182620302455,0.21307049828067176,0.08889570527455919,0.061771370454482354,0.19404799826963082,0.1926806143806662],
            [0.22561363100044748,0.001682472199155115,0.022574831073195824,0.19945052566205712,0,0.0034296784724323808,0.1496740478414799,0.22995606275767333,0.15490691488606226,0.012711836107496582],
            [0.04519464826191743,0.10640717093117968,0.08875565730396022,0.06986454373720348,0.15491651588661182,0,0.15425925283736305,0.10370829781680456,0.10412409415193995,0.17276981907301975],
            [0.03633304431555808,0.03310450136996851,0.18130536247624102,0.10575786294184793,0.1772541254432463,0.168036423136515,0,0.1629870762556278,0.011127189086649563,0.12409441497434583],
            [0.16820330872173647,0.046139911727305895,0.11169937319258305,0.020254788049537033,0.02151937637246284,0.14813195313544528,0.23266178766811776,0,0.21412190134000986,0.0372675997928016],
            [0.02620456234076893,0.04917644657926453,0.15553417121895702,0.06579861482644424,0.19077712875915565,0.04162382784925443,0.12768505003243755,0.16390389380230586,0,0.17929630459141171],
            [0.08054944879626458,0.07514845025419696,0.12612426249664077,0.1460621922626805,0.09663501610731463,0.15616503331010048,0.07358769718050438,0.1307501980795153,0.11497770151278246,0]
        ],
        "city_names": ["Amsterdam","Rotterdam","Den Haag","Utrecht","Eindhoven","Almere","Groningen","Nijmegen","Breda","Apeldoorn"],
        "reward_matrix": [
            [0,73456,83796,91775,54364,97352,34661,56603,61855,73619],
            [73456,0,99999,84977,65233,67350,4659,64745,90554,57702],
            [83796,99999,0,74637,54893,70810,8119,54405,80214,47362],
            [91775,84977,74637,0,72927,92712,30020,75166,80418,83064],
            [54364,65233,54893,72927,0,55300,1117,81761,85018,58516],
            [97352,67350,70810,92712,55300,0,47647,57539,62791,77731],
            [34661,4659,8119,30020,1117,47647,0,29695,100,52939],
            [56603,64745,54405,75166,81761,57539,29695,0,71177,87094],
            [61855,90554,80214,80418,85018,62791,100,71177,0,53143],
            [73619,57702,47362,83064,58516,77731,52939,87094,53143,0]
        ]
    },
    "runs": [
        {
            "number_of_vehicles": 2,
            "avg_task_cost_vs_number_of_task": [1692.5,1172.25,891.5,775.625,620.5,517.0833333333334,443.2142857142857,429.75,382,399.59999999999997,367.40909090909093,362.5416666666667,353.88461538461536,344.89285714285717,335.8,316.15625,284.02941176470586,285.55555555555554,290.42105263157896,273.5,247.9761904761905,253.81818181818187,256.0652173913044,255.5,248.32000000000005,233.1346153846154,258.7777777777778,251.42857142857147,255.48275862068968,275.6333333333334]
        },
        {
            "number_of_vehicles": 3,
            "avg_task_cost_vs_number_of_task": [1692.5,1172.25,891.5,758.9999999999999,620.5,517.0833333333334,443.2142857142857,476.0625,396.1111111111111,412.3,378.95454545454544,396.5833333333333,365.2692307692308,346.4642857142858,310.6,328.90625,294.5588235294118,283.4722222222223,270.10526315789474,323.025,282.90476190476187,259.43181818181824,255.3695652173913,317.56250000000006,273.92,247.03846153846155,243.61111111111114,235.35714285714286,214.1206896551724,211.2333333333333]
        },
        {
            "number_of_vehicles": 4,
            "avg_task_cost_vs_number_of_task": [1692.5,1089,836,734,620.5,517.0833333333334,461.35714285714283,429.75,394.22222222222223,438,371.86363636363643,361.125,371.61538461538464,330.10714285714283,323.76666666666665,275.75,272.05882352941177,296.44444444444446,281.44736842105266,271.375,278.1904761904762,286.70454545454544,299.9782608695652,281.5625,226.72000000000003,224.09615384615384,264.0740740740741,240.9107142857143,241.67241379310346,220.41666666666666]
        },
        {
            "number_of_vehicles": 5,
            "avg_task_cost_vs_number_of_task": [1692.5,1009.25,782.8333333333331,694.125,589.5,491.25,439.2142857142857,426.25000000000006,386.9444444444445,422.05,333.22727272727275,336.0833333333333,351.88461538461536,320.71428571428567,342.3,296.78125,302.02941176470586,259.3333333333333,261.50000000000006,253.9,302.30952380952374,286.3636363636363,245.1739130434783,276.1875,263.36,265.8269230769231,289.68518518518516,274.7142857142857,262.3448275862069,265.2833333333334]
        }
    ]
}