{
    "vehicle_starting_positions": ["Amsterdam","Rotterdam","Breda","Almere","Nijmegen","Apeldoorn","Utrecht","Eindhoven","Groningen","Den Haag"],
    "task_distribution": {
        "weight_matrix": [
            [0,3,3,3,3,3,3,3,3,3],
            [3,0,3,3,3,3,3,3,3,3],
            [3,3,0,3,3,3,3,3,3,3],
            [3,3,3,0,3,3,3,3,3,3],
            [3,3,3,3,0,3,3,3,3,3],
            [3,3,3,3,3,0,3,3,3,3],
            [3,3,3,3,3,3,0,3,3,3],
            [3,3,3,3,3,3,3,0,3,3],
            [3,3,3,3,3,3,3,3,0,3],
            [3,3,3,3,3,3,3,3,3,0]
        ],
        "probability_matrix": [
            [0,0.053695622167672374,0.1350739337450014,0.14607317305640888,0.07482347157131554,0.1473645888283388,0.0983266733511079,0.15497889495600883,0.1658301807452613,0.02383346157888501],
            [0.03377575580576724,0,0.16332234686363314,0.03086503416090286,0.03876990449310312,0.11189655381547159,0.20775523979836283,0.19095027496391367,0.1051171108769839,0.1175477792218617],
            [0.09958544237951886,0.1338210012869798,0,0.14392080488120365,0.13055076241465993,0.025704201099482984,0.10509747228174478,0.129881770834997,0.1348557072414523,0.09658283757996074],
            [0.14926360349186713,0.06749866061055636,0.16495331267022123,0,0.13894098425743326,0.10395404287854378,0.15987544592973935,0.05978886241495463,0.1333854184199645,0.022339669326719824],
            [0.09835034289517548,0.03033519818083434,0.06679297678437637,0.08297153271825256,0,0.22979316455307913,0.16303058523401398,0.12092436253920139,0.10980360518981393,0.09799823190525277],
            [0.14710400039831392,0.15235364710346863,0.12891786216596315,0.07414950036711236,0.052200914943265765,0,0.10024732527510974,0.12376247165139265,0.09311548880735408,0.12814878928801998],
            [0.08543024205176562,0.015529497634923924,0.05618788130381319,0.041007600046134345,0.18134601762272717,0.14442755510294872,0,0.167494425165508,0.09497257605180313,0.213604205020376],
            [0.056499617331414745,0.16560995465597092,0.10211724059759908,0.0017958112509932555,0.2095301795695927,0.018320630657927002,0.0851747504488845,0,0.20152792182734813,0.15942389366026966],
            [0.0053512065792523595,0.09493287639777402,0.17239998483778227,0.16583002149454132,0.02153069948642421,0.20927997796133402,0.07180489521076977,0.19474643250934626,0,0.06412390552277572],
            [0.08342536197795151,0.09597023876607055,0.0709331669427491,0.08516688971648234,0.11067040052801541,0.13071991034643343,0.1462611329975365,0.15205461502232498,0.12479828370243633,0]
        ],
        "city_names": ["Amsterdam","Rotterdam","Den Haag","Utrecht","Eindhoven","Almere","Groningen","Nijmegen","Breda","Apeldoorn"],
        "reward_matrix": [
            [0,73456,83796,91775,54364,97352,34661,56603,61855,73619],
            [73456,0,99999,84977,65233,67350,4659,64745,90554,57702],
            [83796,99999,0,74637,54893,70810,8119,54405,80214,47362],
            [91775,84977,74637,0,72927,92712,30020,75166,80418,83064],
            [54364,65233,54893,72927,0,55300,1117,81761,85018,58516],
            [97352,67350,70810,92712,55300,0,47647,57539,62791,77731],
            [34661,4659,8119,30020,1117,47647,0,29695,100,52939],
            [56603,64745,54405,75166,81761,57539,29695,0,71177,87094],
            [61855,90554,80214,80418,85018,62791,100,71177,0,53143],
            [73619,57702,47362,83064,58516,77731,52939,87094,53143,0]
        ]
    },
    "runs": [
        {
            "number_of_vehicles": 2,
            "avg_task_cost_vs_number_of_task": [808,646.9999999999999,526.3333333333334,683.75,572.4,554.5833333333334,496.21428571428567,505.18750000000006,468.55555555555554,421.7,383.3636363636364,352.5833333333333,337.88461538461536,312.7142857142857,282.06666666666666,300.875,289.47058823529414,275.83333333333326,261.1578947368421,250.875,234.02380952380958,229.38636363636363,229.2173913043478,206.20833333333334,194.42000000000004,252.80769230769232,215.537037037037,234.55357142857142,206.98275862068965,260.75000000000006]
        },
        {
            "number_of_vehicles": 3,
            "avg_task_cost_vs_number_of_task": [808,525.5,495.6666666666667,660.75,528.6,518.0833333333334,474.07142857142856,474.8125000000001,456.66666666666674,411.0000000000001,335.90909090909093,342.50000000000006,343.15384615384613,302.2142857142857,282.06666666666666,291.28125000000006,285.44117647058823,293.6666666666667,290.94736842105266,261.35,248.57142857142858,245.63636363636363,229.8260869565218,219.8125,214.46,212,244.3703703703704,202.0714285714286,239.56896551724134,211.81666666666666]
        },
        {
            "number_of_vehicles": 4,
            "avg_task_cost_vs_number_of_task": [808,525.5,495.6666666666667,648.125,539.2,509.6666666666667,466.85714285714283,473.37500000000006,456.66666666666674,411.0000000000001,373.63636363636374,362.0416666666667,310.69230769230774,293.5714285714286,330.1,291.59375000000006,281.61764705882354,292.3055555555556,258.2894736842105,270.275,223.8571428571429,254.0909090909091,209.06521739130434,215.66666666666666,211.90000000000003,267.11538461538464,250.35185185185188,215.23214285714286,253.13793103448276,214.2666666666667]
        },
        {
            "number_of_vehicles": 5,
            "avg_task_cost_vs_number_of_task": [808,525.5,495.6666666666667,619.375,495.5,490.5,463.57142857142856,475.7500000000001,451.8888888888889,411.7500000000001,374.3181818181819,354.625,328.53846153846155,312.7142857142857,296.36666666666673,274.71875000000006,272.67647058823536,263.9722222222223,267.05263157894734,274.15,254.45238095238096,256.70454545454544,225.06521739130434,229.87499999999997,207.62,205.48076923076923,219.33333333333337,219.01785714285714,219.44827586206895,196.16666666666666]
        }
    ]
}