{
    "vehicle_starting_positions": ["Breda","Rotterdam","Almere","Amsterdam","Eindhoven","Groningen","Den Haag","Nijmegen","Utrecht","Apeldoorn"],
    "task_distribution": {
        "weight_matrix": [
            [0,3,3,3,3,3,3,3,3,3],
            [3,0,3,3,3,3,3,3,3,3],
            [3,3,0,3,3,3,3,3,3,3],
            [3,3,3,0,3,3,3,3,3,3],
            [3,3,3,3,0,3,3,3,3,3],
            [3,3,3,3,3,0,3,3,3,3],
            [3,3,3,3,3,3,0,3,3,3],
            [3,3,3,3,3,3,3,0,3,3],
            [3,3,3,3,3,3,3,3,0,3],
            [3,3,3,3,3,3,3,3,3,0]
        ],
        "probability_matrix": [
            [0,0.11155891231239329,0.213573240358646,0.14557502981667217,0.1449076439960504,0.05748489943201272,0.2520243082356602,0.013081734232992956,0.05756445296581846,0.004229778649753755],
            [0.004295462901661133,0,0.12675117377084613,0.17979092068322858,0.13809715218197227,0.05292807223718546,0.09002056329062497,0.11895012150059595,0.25669416963371117,0.03247236380017437],
            [0.0408032990259245,0.027880496668434306,0,0.13613795137860646,0.05547513097109865,0.13158380456169752,0.18444616443553036,0.13840656096683226,0.19874404343960225,0.08652254855227376],
            [0.015762196962691235,0.09774303483821455,0.020088932385880692,0,0.10727666245507014,0.2159556563762514,0.03228055724419998,0.015655133140129753,0.2670500926889507,0.22818773390861152],
            [0.06875309531458808,0.1770878153591518,0.1256409695221685,0.1469457955081976,0,0.07514330489173765,0.002443898966752742,0.2295613312892574,0.007807930192085011,0.1666158589560611],
            [0.13936457226711127,0.14862915446770614,0.11703053340638361,0.17506340087616715,0.048592634672291905,0,0.04291092995477479,0.1521585746357237,0.1527515616418121,0.023498638078029512],
            [0.12775904026555823,0.15144615724264732,0.02071707380390194,0.05356122517250018,0.07124219037933471,0.1800491999906998,0,0.1963862682026401,0.12981997479212717,0.06901887015059054],
            [0.1716956129511909,0.03240382037781723,0.2003145252105425,0.1209634527433457,0.06341424935912855,0.05345380458515876,0.0324390992522608,0,0.05818704230889872,0.2671283932116569],
            [0.1297533058299887,0.006337562161555875,0.15557124634055425,0.14964036140239248,0.10711827179845634,0.05707286180843356,0.07408183658857531,0.1422499034080587,0,0.17817465066198476],
            [0.1974898558106282,0.002773042924722159,0.13996260588442175,0.06257324035237295,0.035652979328653044,0.10074672703666336,0.11701022668212255,0.1324068457835245,0.21138447619689152,0]
        ],
        "city_names": ["Amsterdam","Rotterdam","Den Haag","Utrecht","Eindhoven","Almere","Groningen","Nijmegen","Breda","Apeldoorn"],
        "reward_matrix": [
            [0,73456,83796,91775,54364,97352,34661,56603,61855,73619],
            [73456,0,99999,84977,65233,67350,4659,64745,90554,57702],
            [83796,99999,0,74637,54893,70810,8119,54405,80214,47362],
            [91775,84977,74637,0,72927,92712,30020,75166,80418,83064],
            [54364,65233,54893,72927,0,55300,1117,81761,85018,58516],
            [97352,67350,70810,92712,55300,0,47647,57539,62791,77731],
            [34661,4659,8119,30020,1117,47647,0,29695,100,52939],
            [56603,64745,54405,75166,81761,57539,29695,0,71177,87094],
            [61855,90554,80214,80418,85018,62791,100,71177,0,53143],
            [73619,57702,47362,83064,58516,77731,52939,87094,53143,0]
        ]
    },
    "runs": [
        {
            "number_of_vehicles": 2,
            "avg_task_cost_vs_number_of_task": [2003,1384.7500000000002,941,790.2499999999999,632.1999999999999,526.8333333333333,477.42857142857144,478.00000000000006,448.38888888888886,427.7,366.8636363636363,336.4583333333333,310.5769230769231,290.9285714285715,285.1333333333333,277.1875,287.7352941176471,255.63888888888889,260.7105263157895,247.05,309.85714285714283,253.45454545454547,250.69565217391303,248.70833333333337,245.92,239.48076923076923,231.64814814814812,220.33928571428572,196.9655172413793,226.0333333333333]
        },
        {
            "number_of_vehicles": 3,
            "avg_task_cost_vs_number_of_task": [1475,1120.75,859.0000000000001,682,619.1,454.6666666666667,468.07142857142856,478.00000000000006,449.6666666666667,427.85,389.1363636363636,359.66666666666674,320.7692307692308,290.9285714285715,293.6666666666667,326.9375,290.1764705882353,376.8333333333333,277.2368421052632,261.05,260.97619047619054,255.22727272727272,241.34782608695653,291.33333333333337,269.92,244.09615384615387,239.037037037037,233.5535714285714,228.98275862068965,206.48333333333332]
        },
        {
            "number_of_vehicles": 4,
            "avg_task_cost_vs_number_of_task": [1475,1120.75,859.0000000000001,682,619.1,454.6666666666667,468.07142857142856,478.00000000000006,475.6111111111111,427.7,389.1363636363636,336.4583333333333,329.2692307692308,310.2142857142857,361.2666666666667,266.03125,316.4117647058824,292.5,269.2368421052632,278.79999999999995,232.02380952380952,360.97727272727275,266.91304347826093,240.1458333333334,246.80000000000004,220.4038461538462,220.16666666666663,284.30357142857144,222.9655172413793,269.99999999999994]
        },
        {
            "number_of_vehicles": 5,
            "avg_task_cost_vs_number_of_task": [1475,1120.75,859.0000000000001,682,568.8,515.9166666666666,468.07142857142856,478.00000000000006,475.22222222222223,427.7,389.1363636363636,355.2083333333333,334.0769230769231,310.2142857142857,301.3333333333333,292.84375000000006,263.05882352941177,275.6666666666667,279.2368421052632,271.62499999999994,271.4761904761905,332.3409090909091,256.04347826086956,309.0625,242.02000000000004,284.59615384615387,257.6481481481481,261.30357142857144,231.29310344827584,221.60000000000002]
        }
    ]
}