{
    "vehicle_starting_positions": ["Amsterdam","Rotterdam","Den Haag","Utrecht","Eindhoven","Almere","Groningen","Nijmegen","Breda","Apeldoorn"],
    "task_distribution": {
        "distance_matrix": [
            [0,90.6,65.2,45.6,137.5,31.9,185.9,132,119.1,90.2],
            [90.6,0,25.4,62.3,110.8,105.6,259.6,112,48.6,129.3],
            [65.2,25.4,0,87.7,136.2,97.1,251.1,137.4,74,154.7],
            [45.6,62.3,87.7,0,91.9,43.3,197.3,86.4,73.5,67],
            [137.5,110.8,136.2,91.9,0,135.2,268.3,70.2,62.2,127.3],
            [31.9,105.6,97.1,43.3,135.2,0,154,129.7,116.8,80.1],
            [185.9,259.6,251.1,197.3,268.3,154,0,198.1,270.8,141],
            [132,112,137.4,86.4,70.2,129.7,198.1,0,96.2,57.1],
            [119.1,48.6,74,73.5,62.2,116.8,270.8,96.2,0,140.5],
            [90.2,129.3,154.7,67,127.3,80.1,141,57.1,140.5,0]
        ],
        "weight_matrix": [
            [0,3,3,3,3,3,3,3,3,3],
            [3,0,3,3,3,3,3,3,3,3],
            [3,3,0,3,3,3,3,3,3,3],
            [3,3,3,0,3,3,3,3,3,3],
            [3,3,3,3,0,3,3,3,3,3],
            [3,3,3,3,3,0,3,3,3,3],
            [3,3,3,3,3,3,0,3,3,3],
            [3,3,3,3,3,3,3,0,3,3],
            [3,3,3,3,3,3,3,3,0,3],
            [3,3,3,3,3,3,3,3,3,0]
        ],
        "probability_matrix": [
            [0,0.07926803631120874,0.17500770868806748,0.039451661398355084,0.20851357799966724,0.013116119912706763,0.09965918921673111,0.15134881964423363,0.0836384106968422,0.1499964761321878],
            [0.004518209441761683,0,0.1833362223958432,0.03466096255640467,0.153228867570938,0.17049253693622443,0.19541384692260957,0.0067768729117487665,0.04580009887578486,0.20577238238868464],
            [0.1915503991951036,0.10236397693852303,0,0.15000362883315033,0.060167311465886296,0.20352640364526878,0.14606723469576383,0.11270784213499158,0.01980750872325646,0.01380569436805613],
            [0.10226131602882794,0.14161354503410187,0.2555172698739334,0,0.008783852857224151,0.01489145414537262,0.21081523606009203,0.014551487768180976,0.07460381897327478,0.17696201925899208],
            [0.14335956847110504,0.11876774892899505,0.2076899452463557,0.06395651239930406,0,0.024554336408943972,0.14751986081044194,0.10553303349597525,0.1567519975610006,0.03186699667787839],
            [0.05383432100426159,0.008919842773482362,0.1257063445647892,0.14547938421941725,0.06763287964532114,0,0.1984133023546396,0.13711894144595993,0.13122976951256818,0.13166521447956064],
            [0.13361562199985316,0.06263450362330335,0.10852601118759553,0.059412837970115935,0.2029290311168896,0.09640036750101166,0,0.0896369894045103,0.1985131539122746,0.04833148328444613],
            [0.13948894673718498,0.07777897347810543,0.14605666846605944,0.1625405713894279,0.08119214777197853,0.08622807402822094,0.1055543641244418,0,0.052839980790094,0.14832027321448715],
            [0.13585835190110215,0.19599772750548883,0.19082872141867377,0.025312827935055904,0.18767979692188877,0.05676132897316864,0.042382477650118475,0.1490128149792808,0,0.016165952715222687],
            [0.12906939614372268,0.029434291567275093,0.069121431331423,0.07230938914080648,0.11906695950440314,0.054052484826747876,0.14584835192798593,0.14229228476914718,0.23880541078848855,0]
        ],
        "city_names": ["Amsterdam","Rotterdam","Den Haag","Utrecht","Eindhoven","Almere","Groningen","Nijmegen","Breda","Apeldoorn"],
        "reward_matrix": [
            [0,73456,83796,91775,54364,97352,34661,56603,61855,73619],
            [73456,0,99999,84977,65233,67350,4659,64745,90554,57702],
            [83796,99999,0,74637,54893,70810,8119,54405,80214,47362],
            [91775,84977,74637,0,72927,92712,30020,75166,80418,83064],
            [54364,65233,54893,72927,0,55300,1117,81761,85018,58516],
            [97352,67350,70810,92712,55300,0,47647,57539,62791,77731],
            [34661,4659,8119,30020,1117,47647,0,29695,100,52939],
            [56603,64745,54405,75166,81761,57539,29695,0,71177,87094],
            [61855,90554,80214,80418,85018,62791,100,71177,0,53143],
            [73619,57702,47362,83064,58516,77731,52939,87094,53143,0]
        ]
    },
    "vehicle_capacities": [5,20,20,20,20,30,30,30,30,30],
    "runs": [{
        "number_of_vehicles": 5,
        "avg_task_cost_vs_number_of_task": [2271,1488.25,1003,867.125,629.9000000000001,543.5833333333334,465.9285714285715,441.3125000000001,411.11111111111114,474.2,398.2272727272728,365.04166666666674,370.26923076923083,351.2857142857143,337.43333333333334,338.03125,321.29411764705884,388.9166666666667,301.42105263157896,348.425,332.5714285714286,326.6136363636364,307.1304347826087,298.56250000000006,267.76000000000005,285.7115384615385,253.51851851851856,295.73214285714283,316.91379310344826,239.83333333333334]
    }]
}