{
    "vehicle_starting_positions": ["Amsterdam","Rotterdam","Den Haag","Utrecht","Eindhoven","Almere","Groningen","Nijmegen","Breda","Apeldoorn"],
    "task_distribution": {
        "distance_matrix": [
            [0,90.6,65.2,45.6,137.5,31.9,185.9,132,119.1,90.2],
            [90.6,0,25.4,62.3,110.8,105.6,259.6,112,48.6,129.3],
            [65.2,25.4,0,87.7,136.2,97.1,251.1,137.4,74,154.7],
            [45.6,62.3,87.7,0,91.9,43.3,197.3,86.4,73.5,67],
            [137.5,110.8,136.2,91.9,0,135.2,268.3,70.2,62.2,127.3],
            [31.9,105.6,97.1,43.3,135.2,0,154,129.7,116.8,80.1],
            [185.9,259.6,251.1,197.3,268.3,154,0,198.1,270.8,141],
            [132,112,137.4,86.4,70.2,129.7,198.1,0,96.2,57.1],
            [119.1,48.6,74,73.5,62.2,116.8,270.8,96.2,0,140.5],
            [90.2,129.3,154.7,67,127.3,80.1,141,57.1,140.5,0]
        ],
        "weight_matrix": [
            [0,3,3,3,3,3,3,3,3,3],
            [3,0,3,3,3,3,3,3,3,3],
            [3,3,0,3,3,3,3,3,3,3],
            [3,3,3,0,3,3,3,3,3,3],
            [3,3,3,3,0,3,3,3,3,3],
            [3,3,3,3,3,0,3,3,3,3],
            [3,3,3,3,3,3,0,3,3,3],
            [3,3,3,3,3,3,3,0,3,3],
            [3,3,3,3,3,3,3,3,0,3],
            [3,3,3,3,3,3,3,3,3,0]
        ],
        "probability_matrix": [
            [0,0.13938784014522457,0.12863288084931698,0.13431191075657617,0.07906052621524803,0.11534144450278004,0.08925219588068609,0.1433709399837017,0.03599676062145355,0.13464550104501277],
            [0.041173611450239,0,0.22324821944476556,0.09762478227094136,0.2373128876003878,0.06470584912586204,0.10094499257054813,0.008299400838469757,0.07176320935807287,0.15492704734071358],
            [0.12033055986779442,0.2157291743768967,0,0.16853207258273942,0.014817612732780547,0.06126365101697942,0.15911115366217107,0.1907603456874985,0.06358992619104732,0.005865503882092564],
            [0.11097259543011949,0.11248469048156554,0.16192217427339434,0,0.11361153210845672,0.031335340501474775,0.009532978692617622,0.14595266572347676,0.21040329907824412,0.10378472371065053],
            [0.04497379785679368,0.0028740179558047053,0.14101788047796143,0.05393843170916084,0,0.15866925862719158,0.15824129514790994,0.16783337149490674,0.1558988747021459,0.11655307202812519],
            [0.06690681092895608,0.13189480122461744,0.05893032645077573,0.11906891811797742,0.05403685662501069,0,0.09762722289369397,0.23382104490811254,0.06356402971847822,0.1741499891323779],
            [0.09380759999853873,0.03453248446879334,0.18136199956786414,0.05926082820485278,0.1708687855907431,0.035628739102540004,0,0.18825037745727521,0.10335147758783049,0.1329377080215623],
            [0.16373891663928636,0.09345247376098012,0.08180618086793894,0.1541848064408888,0.16305886457427338,0.17153791020954265,0.030273943102488397,0,0.13790276728567596,0.004044137118925399],
            [0.1529001737058247,0.13389023132745523,0.028882131190042837,0.09007945948866783,0.19295615107195419,0.08978011070880176,0.058749699831123346,0.11251136147218155,0,0.1402506812039487],
            [0.15309636818101632,0.19409788638162673,0.1397261411068044,0.09784556071067224,0.09459265733854677,0.05361744998730208,0.09586879111785827,0.13401958496207833,0.03713556021409472,0]
        ],
        "city_names": ["Amsterdam","Rotterdam","Den Haag","Utrecht","Eindhoven","Almere","Groningen","Nijmegen","Breda","Apeldoorn"],
        "reward_matrix": [
            [0,73456,83796,91775,54364,97352,34661,56603,61855,73619],
            [73456,0,99999,84977,65233,67350,4659,64745,90554,57702],
            [83796,99999,0,74637,54893,70810,8119,54405,80214,47362],
            [91775,84977,74637,0,72927,92712,30020,75166,80418,83064],
            [54364,65233,54893,72927,0,55300,1117,81761,85018,58516],
            [97352,67350,70810,92712,55300,0,47647,57539,62791,77731],
            [34661,4659,8119,30020,1117,47647,0,29695,100,52939],
            [56603,64745,54405,75166,81761,57539,29695,0,71177,87094],
            [61855,90554,80214,80418,85018,62791,100,71177,0,53143],
            [73619,57702,47362,83064,58516,77731,52939,87094,53143,0]
        ]
    },
    "vehicle_capacities": [10,10,25,25,25,30,30,30,30,30],
    "runs": [{
        "number_of_vehicles": 5,
        "avg_task_cost_vs_number_of_task": [670,612,461.1666666666667,630.875,592.4,493.6666666666667,506,472.93750000000006,477,429.3,420.8181818181818,414.5416666666667,381.15384615384613,310.82142857142856,438.93333333333334,288.5625,360.61764705882354,331.80555555555554,285.36842105263156,325.65,252.42857142857142,375.4318181818182,253.1739130434783,255.72916666666666,258.96000000000004,277.4807692307692,306.8888888888889,262.5714285714286,219.1034482758621,226.68333333333334]
    }]
}