{
    "vehicle_starting_positions": ["Amsterdam","Rotterdam","Den Haag","Utrecht","Eindhoven","Almere","Groningen","Nijmegen","Breda","Apeldoorn"],
    "task_distribution": {
        "distance_matrix": [
            [0,90.6,65.2,45.6,137.5,31.9,185.9,132,119.1,90.2],
            [90.6,0,25.4,62.3,110.8,105.6,259.6,112,48.6,129.3],
            [65.2,25.4,0,87.7,136.2,97.1,251.1,137.4,74,154.7],
            [45.6,62.3,87.7,0,91.9,43.3,197.3,86.4,73.5,67],
            [137.5,110.8,136.2,91.9,0,135.2,268.3,70.2,62.2,127.3],
            [31.9,105.6,97.1,43.3,135.2,0,154,129.7,116.8,80.1],
            [185.9,259.6,251.1,197.3,268.3,154,0,198.1,270.8,141],
            [132,112,137.4,86.4,70.2,129.7,198.1,0,96.2,57.1],
            [119.1,48.6,74,73.5,62.2,116.8,270.8,96.2,0,140.5],
            [90.2,129.3,154.7,67,127.3,80.1,141,57.1,140.5,0]
        ],
        "weight_matrix": [
            [0,3,3,3,3,3,3,3,3,3],
            [3,0,3,3,3,3,3,3,3,3],
            [3,3,0,3,3,3,3,3,3,3],
            [3,3,3,0,3,3,3,3,3,3],
            [3,3,3,3,0,3,3,3,3,3],
            [3,3,3,3,3,0,3,3,3,3],
            [3,3,3,3,3,3,0,3,3,3],
            [3,3,3,3,3,3,3,0,3,3],
            [3,3,3,3,3,3,3,3,0,3],
            [3,3,3,3,3,3,3,3,3,0]
        ],
        "probability_matrix": [
            [0,0.006613303089127235,0.001772957891496484,0.103362249191784,0.14784977252528525,0.13633302288489932,0.07249496545196689,0.3209322632792358,0.005509694722583492,0.20513177096362142],
            [0.13934717608176334,0,0.12712160865131641,0.15598171522666046,0.060569005778251465,0.06540836385231477,0.13776134073686908,0.1832653313033245,0.02664596676352068,0.10389949160597926],
            [0.1375777115955575,0.04640321753844522,0,0.05665363413004585,0.2059530675837902,0.14065370541221914,0.02451681323508189,0.16550358932758436,0.1523154337486229,0.070422827428653],
            [0.14338331388497064,0.09732317191905732,0.12905259836466357,0,0.02492501187573529,0.13730890593611345,0.12175309863524687,0.11887856143731955,0.11990435869932231,0.10747097924757094],
            [0.2002201812549307,0.049795953439446726,0.23774028963547342,0.06376025066931068,0,0.1849440485641043,0.1182983120103621,0.03268446101321162,0.004023664738625075,0.10853283867453559],
            [0.11572921436103036,0.011435449489036761,0.08808138038300425,0.005086940700055639,0.09233544027196769,0,0.07811417826029837,0.2519421403552687,0.17020885388123824,0.18706640229810015],
            [0.0019465349213190876,0.02918311218220865,0.10229907200072513,0.01838037456358171,0.03209769768218733,0.19482306448456288,0,0.21455326779162,0.18824767545367893,0.21846920092011632],
            [0.0861669953518488,0.23001873816578022,0.06618978530323069,0.07741324910106458,0.13260038066634278,0.13367286235049472,0.015826198038191866,0,0.208536423493829,0.04957536752921723],
            [0.003415312241422323,0.04487492888236196,0.11605075744512891,0.21299620785773984,0.13121454347049566,0.026521190294074966,0.11552881051597638,0.18608731437497608,0,0.1633109349178239],
            [0.1030883938610305,0.09767049489325705,0.1542221728531055,0.0927459726822453,0.061145851274824456,0.13575490681218258,0.1278591485419544,0.13087262426848464,0.09664043481291563,0]
        ],
        "city_names": ["Amsterdam","Rotterdam","Den Haag","Utrecht","Eindhoven","Almere","Groningen","Nijmegen","Breda","Apeldoorn"],
        "reward_matrix": [
            [0,73456,83796,91775,54364,97352,34661,56603,61855,73619],
            [73456,0,99999,84977,65233,67350,4659,64745,90554,57702],
            [83796,99999,0,74637,54893,70810,8119,54405,80214,47362],
            [91775,84977,74637,0,72927,92712,30020,75166,80418,83064],
            [54364,65233,54893,72927,0,55300,1117,81761,85018,58516],
            [97352,67350,70810,92712,55300,0,47647,57539,62791,77731],
            [34661,4659,8119,30020,1117,47647,0,29695,100,52939],
            [56603,64745,54405,75166,81761,57539,29695,0,71177,87094],
            [61855,90554,80214,80418,85018,62791,100,71177,0,53143],
            [73619,57702,47362,83064,58516,77731,52939,87094,53143,0]
        ]
    },
    "vehicle_capacities": [15,15,20,20,20,30,30,30,30,30],
    "runs": [{
        "number_of_vehicles": 5,
        "avg_task_cost_vs_number_of_task": [127,340.5,456,522.75,418.2,348.5,298.7142857142857,282.625,276.55555555555554,264.85,249.6818181818182,239.625,270.3076923076923,260.5357142857143,218.76666666666668,221.21875000000003,217.73529411764707,283.1111111111111,283.5263157894737,300.5,250.26190476190476,249.72727272727272,232.65217391304347,261.1041666666667,244.44,236.6346153846154,243.96296296296296,241.69642857142858,250.75862068965517,236.75]
    }]
}