{
    "vehicle_starting_positions": ["Amsterdam","Rotterdam","Den Haag","Utrecht","Eindhoven","Almere","Groningen","Nijmegen","Breda","Apeldoorn"],
    "task_distribution": {
        "distance_matrix": [
            [0,90.6,65.2,45.6,137.5,31.9,185.9,132,119.1,90.2],
            [90.6,0,25.4,62.3,110.8,105.6,259.6,112,48.6,129.3],
            [65.2,25.4,0,87.7,136.2,97.1,251.1,137.4,74,154.7],
            [45.6,62.3,87.7,0,91.9,43.3,197.3,86.4,73.5,67],
            [137.5,110.8,136.2,91.9,0,135.2,268.3,70.2,62.2,127.3],
            [31.9,105.6,97.1,43.3,135.2,0,154,129.7,116.8,80.1],
            [185.9,259.6,251.1,197.3,268.3,154,0,198.1,270.8,141],
            [132,112,137.4,86.4,70.2,129.7,198.1,0,96.2,57.1],
            [119.1,48.6,74,73.5,62.2,116.8,270.8,96.2,0,140.5],
            [90.2,129.3,154.7,67,127.3,80.1,141,57.1,140.5,0]
        ],
        "weight_matrix": [
            [0,3,3,3,3,3,3,3,3,3],
            [3,0,3,3,3,3,3,3,3,3],
            [3,3,0,3,3,3,3,3,3,3],
            [3,3,3,0,3,3,3,3,3,3],
            [3,3,3,3,0,3,3,3,3,3],
            [3,3,3,3,3,0,3,3,3,3],
            [3,3,3,3,3,3,0,3,3,3],
            [3,3,3,3,3,3,3,0,3,3],
            [3,3,3,3,3,3,3,3,0,3],
            [3,3,3,3,3,3,3,3,3,0]
        ],
        "probability_matrix": [
            [0,0.0821173794304655,0.07273937223793298,0.05571324040876007,0.09198840562739155,0.08695562203651964,0.18929281160762912,0.05595867246013306,0.09412799121902148,0.27110650497214656],
            [0.04935529581610727,0,0.12355770909006479,0.17112914686691455,0.12765827640619082,0.17129882703655647,0.08002693006698851,0.0291249375479476,0.13792317599032886,0.10992570117890109],
            [0.21126467125537274,0.039794444920708445,0,0.16971844970994507,0.037712290471498836,0.12644938633449393,0.09489482998798027,0.004402370964793032,0.2095940677692748,0.106169488585933],
            [0.07121841345330081,0.21254181613841502,0.0036133893917623407,0,0.14310497830962152,0.08208207607364212,0.22423563972032767,0.06070624903877507,0.176524615849303,0.025972822024852474],
            [0.01676423478939049,0.17911847314634757,0.10181226249091811,0.15062127474988965,0,0.1862012425566528,0.11653241334348048,0.14252147795511771,0.09283796620512151,0.013590654763081727],
            [0.16158173823139815,0.237038255224805,0.01587979814637325,0.07521004207895891,0.03572856210622442,0,0.057296023696773626,0.06628186710879175,0.26672043527660344,0.08426327813007156],
            [0.045291767946917284,0.2034918642151717,0.11518382734444695,0.07595780986786693,0.13059159254622713,0.16303386447931495,0,0.12567674276877344,0.0814590283714375,0.059313502459844084],
            [0.05630603361714804,0.1375440568589971,0.15581816379106486,0.15036038375455169,0.0692764758037826,0.1216075418574886,0.05550535461994183,0,0.15273956045617518,0.10084242924085023],
            [0.24218778794115123,0.105145125448619,0.0029191067975967715,0.09996627437708507,0.04701601893201986,0.03667795054026628,0.05747327354072227,0.2669105995950195,0,0.14170386282751987],
            [0.21736434635638802,0.10983795062800979,0.20994234004653195,0.027619327139461063,0.04320065965154999,0.01082395445424826,0.06022300560602625,0.22495669925735012,0.0960317168604347,0]
        ],
        "city_names": ["Amsterdam","Rotterdam","Den Haag","Utrecht","Eindhoven","Almere","Groningen","Nijmegen","Breda","Apeldoorn"],
        "reward_matrix": [
            [0,73456,83796,91775,54364,97352,34661,56603,61855,73619],
            [73456,0,99999,84977,65233,67350,4659,64745,90554,57702],
            [83796,99999,0,74637,54893,70810,8119,54405,80214,47362],
            [91775,84977,74637,0,72927,92712,30020,75166,80418,83064],
            [54364,65233,54893,72927,0,55300,1117,81761,85018,58516],
            [97352,67350,70810,92712,55300,0,47647,57539,62791,77731],
            [34661,4659,8119,30020,1117,47647,0,29695,100,52939],
            [56603,64745,54405,75166,81761,57539,29695,0,71177,87094],
            [61855,90554,80214,80418,85018,62791,100,71177,0,53143],
            [73619,57702,47362,83064,58516,77731,52939,87094,53143,0]
        ]
    },
    "vehicle_capacities": [5,15,20,25,25,30,30,30,30,30],
    "runs": [{
        "number_of_vehicles": 5,
        "avg_task_cost_vs_number_of_task": [929.5,937.5,773.5,782.6249999999999,626.0999999999999,574.9166666666666,514,473.5,468.44444444444446,407.44999999999993,379.3181818181818,330.5,334.2307692307692,304.39285714285717,322.03333333333336,307.375,299.79411764705884,308.44444444444446,231.3684210526316,266.85,270.4761904761905,276.97727272727275,255.97826086956522,214.58333333333334,251.96,238.69230769230768,253.3148148148148,266,232.0344827586207,216.35]
    }]
}