{
    "vehicle_starting_positions": ["Amsterdam","Rotterdam","Den Haag","Utrecht","Eindhoven","Almere","Groningen","Nijmegen","Breda","Apeldoorn"],
    "task_distribution": {
        "distance_matrix": [
            [0,90.6,65.2,45.6,137.5,31.9,185.9,132,119.1,90.2],
            [90.6,0,25.4,62.3,110.8,105.6,259.6,112,48.6,129.3],
            [65.2,25.4,0,87.7,136.2,97.1,251.1,137.4,74,154.7],
            [45.6,62.3,87.7,0,91.9,43.3,197.3,86.4,73.5,67],
            [137.5,110.8,136.2,91.9,0,135.2,268.3,70.2,62.2,127.3],
            [31.9,105.6,97.1,43.3,135.2,0,154,129.7,116.8,80.1],
            [185.9,259.6,251.1,197.3,268.3,154,0,198.1,270.8,141],
            [132,112,137.4,86.4,70.2,129.7,198.1,0,96.2,57.1],
            [119.1,48.6,74,73.5,62.2,116.8,270.8,96.2,0,140.5],
            [90.2,129.3,154.7,67,127.3,80.1,141,57.1,140.5,0]
        ],
        "weight_matrix": [
            [0,3,3,3,3,3,3,3,3,3],
            [3,0,3,3,3,3,3,3,3,3],
            [3,3,0,3,3,3,3,3,3,3],
            [3,3,3,0,3,3,3,3,3,3],
            [3,3,3,3,0,3,3,3,3,3],
            [3,3,3,3,3,0,3,3,3,3],
            [3,3,3,3,3,3,0,3,3,3],
            [3,3,3,3,3,3,3,0,3,3],
            [3,3,3,3,3,3,3,3,0,3],
            [3,3,3,3,3,3,3,3,3,0]
        ],
        "probability_matrix": [
            [0,0.03454937173752933,0.14016623140335652,0.18573400011671604,0.009973858628662348,0.20036112415931265,0.1373418409764222,0.020216044073141072,0.1945851530674815,0.07707237583737839],
            [0.16519031034720955,0,0.06638414059506988,0.07461892154717331,0.2056277414582415,0.030753424628544645,0.05739092517638703,0.20771718075098766,0.1601613624088383,0.032155993087548296],
            [0.15838067239392917,0.017936850635173963,0,0.1684217722229601,0.09865944162601038,0.11556661110018551,0.06864561541936791,0.195101872638393,0.016239571734312643,0.1610475922296674],
            [0.06265651454564013,0.14842158340414352,0.18889748189135402,0,0.03379787593067625,0.13674723275351716,0.17619850578460727,0.1380282816875212,0.11226724785624372,0.0029852761462965827],
            [0.07734784752160058,0.14518309517004427,0.03164211102983993,0.11383727365571616,0,0.22243405242324285,0.12345753673707224,0.09364565771765679,0.11288358757096865,0.07956883817385849],
            [0.242688574347472,0.08056786568015169,0.027087099773429584,0.01723169831648394,0.15496127815054267,0,0.23490376288457468,0.06166910372473293,0.11426784830599582,0.06662276881661669],
            [0.15743622563230034,0.1500552824774835,0.01574399812164725,0.18230649395060602,0.005016213777938551,0.12752396707952365,0,0.23285884499507414,0.11290412721601005,0.016154846749416495],
            [0.15921567824056582,0.13886235796579655,0.21411692655863948,0.09383888183391613,0.06508943325625315,0.036788819829575124,0.26352666287560217,0,0.019692200087305718,0.008869039352345764],
            [0.04894622613440797,0.1539270549143709,0.16561787487477805,0.15177083108638745,0.13259758337218894,0.06177413442320034,0.021084355857533873,0.1800361945415172,0,0.08424574479561539],
            [0.0514857015627496,0.14031209736995515,0.20687596244054995,0.09950645482730314,0.07806958019837382,0.010561551762071988,0.027733581103896385,0.17888096208197143,0.20657410865312859,0]
        ],
        "city_names": ["Amsterdam","Rotterdam","Den Haag","Utrecht","Eindhoven","Almere","Groningen","Nijmegen","Breda","Apeldoorn"],
        "reward_matrix": [
            [0,73456,83796,91775,54364,97352,34661,56603,61855,73619],
            [73456,0,99999,84977,65233,67350,4659,64745,90554,57702],
            [83796,99999,0,74637,54893,70810,8119,54405,80214,47362],
            [91775,84977,74637,0,72927,92712,30020,75166,80418,83064],
            [54364,65233,54893,72927,0,55300,1117,81761,85018,58516],
            [97352,67350,70810,92712,55300,0,47647,57539,62791,77731],
            [34661,4659,8119,30020,1117,47647,0,29695,100,52939],
            [56603,64745,54405,75166,81761,57539,29695,0,71177,87094],
            [61855,90554,80214,80418,85018,62791,100,71177,0,53143],
            [73619,57702,47362,83064,58516,77731,52939,87094,53143,0]
        ]
    },
    "vehicle_capacities": [10,15,15,15,30,30,30,30,30,30],
    "runs": [{
        "number_of_vehicles": 5,
        "avg_task_cost_vs_number_of_task": [2283.5,1141.75,995.3333333333334,886.1250000000001,708.9000000000001,590.7500000000001,538.9285714285714,473.875,447.6111111111111,445.65,419.1363636363636,366.625,391.34615384615387,322.67857142857144,287.53333333333336,356.65625,298.7647058823529,332.36111111111114,325.7105263157895,305.175,292.00000000000006,275.6363636363636,268.19565217391306,270.7291666666667,249.7,236.34615384615384,247.05555555555554,241.46428571428572,212.60344827586206,234.13333333333338]
    }]
}