{
    "vehicle_starting_positions": ["Amsterdam","Rotterdam","Den Haag","Utrecht","Eindhoven","Almere","Groningen","Nijmegen","Breda","Apeldoorn"],
    "task_distribution": {
        "distance_matrix": [
            [0,90.6,65.2,45.6,137.5,31.9,185.9,132,119.1,90.2],
            [90.6,0,25.4,62.3,110.8,105.6,259.6,112,48.6,129.3],
            [65.2,25.4,0,87.7,136.2,97.1,251.1,137.4,74,154.7],
            [45.6,62.3,87.7,0,91.9,43.3,197.3,86.4,73.5,67],
            [137.5,110.8,136.2,91.9,0,135.2,268.3,70.2,62.2,127.3],
            [31.9,105.6,97.1,43.3,135.2,0,154,129.7,116.8,80.1],
            [185.9,259.6,251.1,197.3,268.3,154,0,198.1,270.8,141],
            [132,112,137.4,86.4,70.2,129.7,198.1,0,96.2,57.1],
            [119.1,48.6,74,73.5,62.2,116.8,270.8,96.2,0,140.5],
            [90.2,129.3,154.7,67,127.3,80.1,141,57.1,140.5,0]
        ],
        "weight_matrix": [
            [0,3,3,3,3,3,3,3,3,3],
            [3,0,3,3,3,3,3,3,3,3],
            [3,3,0,3,3,3,3,3,3,3],
            [3,3,3,0,3,3,3,3,3,3],
            [3,3,3,3,0,3,3,3,3,3],
            [3,3,3,3,3,0,3,3,3,3],
            [3,3,3,3,3,3,0,3,3,3],
            [3,3,3,3,3,3,3,0,3,3],
            [3,3,3,3,3,3,3,3,0,3],
            [3,3,3,3,3,3,3,3,3,0]
        ],
        "probability_matrix": [
            [0,0.009626159805180796,0.2636594649288672,0.17314921631500949,0.04075658327123746,0.1758171734862309,0.11105462207669121,0.06247700948841095,0.005736148953700497,0.1577236216746716],
            [0.0910859386716028,0,0.17643315563087889,0.14664317377258446,0.15116308458973732,0.02577824953120181,0.08194655289127234,0.13335848369487668,0.03183711429838862,0.16175424691945725],
            [0.21132473089864043,0.13826871513429798,0,0.1435895851676875,0.002716955067252509,0.001161166566138075,0.0627921793367235,0.09124517287083564,0.05632098284923786,0.2925805121091866],
            [0.16147566220160608,0.13587573274721176,0.07197480634875479,0,0.0687051035752318,0.0664690904041843,0.18030874026307342,0.1052336205247593,0.1646369528996445,0.04532029103553387],
            [0.20473222214198447,0.17360542263579168,0.051970318657277956,0.14889403682342015,0,0.12450047503031246,0.01614323108939799,0.01710693986938975,0.1834868864591728,0.07956046729325253],
            [0.10791065262024908,0.16059583876124658,0.0592171361428915,0.05804553298719723,0.0674089901276877,0,0.12750690511637208,0.15418924704423412,0.034812520523782975,0.23031317667633885],
            [0.21042457591360106,0.19249301460361193,0.04599279617277402,3.70861811438646E-4,0.11956127290648423,0.1600939087642476,0,0.11646787909456775,0.13040387394401506,0.024191816789259697],
            [0.05306540880466346,0.16021594334603445,0.0065858101173423104,0.11515321072179452,0.06663736739635984,0.1567573493377793,0.182861346132975,0,0.16896086132349,0.0897627028195611],
            [0.03560258554084323,0.15018875940876159,0.064161961601976,0.12533520473503412,0.15492499975898436,0.10213637016634862,0.13938659307118817,0.16406836594878868,0,0.06419515976807512],
            [0.1385014986137623,0.024121013190320822,0.010467931972816225,0.03533072477261549,0.2801931693989131,0.23829855135921735,0.01229241570899614,0.19992111183041705,0.06087358315294139,0]
        ],
        "city_names": ["Amsterdam","Rotterdam","Den Haag","Utrecht","Eindhoven","Almere","Groningen","Nijmegen","Breda","Apeldoorn"],
        "reward_matrix": [
            [0,73456,83796,91775,54364,97352,34661,56603,61855,73619],
            [73456,0,99999,84977,65233,67350,4659,64745,90554,57702],
            [83796,99999,0,74637,54893,70810,8119,54405,80214,47362],
            [91775,84977,74637,0,72927,92712,30020,75166,80418,83064],
            [54364,65233,54893,72927,0,55300,1117,81761,85018,58516],
            [97352,67350,70810,92712,55300,0,47647,57539,62791,77731],
            [34661,4659,8119,30020,1117,47647,0,29695,100,52939],
            [56603,64745,54405,75166,81761,57539,29695,0,71177,87094],
            [61855,90554,80214,80418,85018,62791,100,71177,0,53143],
            [73619,57702,47362,83064,58516,77731,52939,87094,53143,0]
        ]
    },
    "vehicle_capacities": [5,25,25,30,30,30,30,30,30,30],
    "runs": [{
        "number_of_vehicles": 5,
        "avg_task_cost_vs_number_of_task": [646.5,706.5,808.8333333333334,691.7500000000001,594.6,542.5833333333333,509.57142857142856,474.125,468.77777777777777,408.85,373.18181818181824,383.0416666666667,344.34615384615387,298.4642857142857,299.3333333333333,280.625,282.6764705882353,266.69444444444446,255.6578947368421,245.95,251.5952380952381,269.5681818181818,236.02173913043478,247.08333333333334,225.42,238.07692307692312,229.962962962963,230.69642857142858,237.56896551724137,231.88333333333335]
    }]
}