{
    "vehicle_starting_positions": ["Amsterdam","Rotterdam","Den Haag","Utrecht","Eindhoven","Almere","Groningen","Nijmegen","Breda","Apeldoorn"],
    "task_distribution": {
        "distance_matrix": [
            [0,90.6,65.2,45.6,137.5,31.9,185.9,132,119.1,90.2],
            [90.6,0,25.4,62.3,110.8,105.6,259.6,112,48.6,129.3],
            [65.2,25.4,0,87.7,136.2,97.1,251.1,137.4,74,154.7],
            [45.6,62.3,87.7,0,91.9,43.3,197.3,86.4,73.5,67],
            [137.5,110.8,136.2,91.9,0,135.2,268.3,70.2,62.2,127.3],
            [31.9,105.6,97.1,43.3,135.2,0,154,129.7,116.8,80.1],
            [185.9,259.6,251.1,197.3,268.3,154,0,198.1,270.8,141],
            [132,112,137.4,86.4,70.2,129.7,198.1,0,96.2,57.1],
            [119.1,48.6,74,73.5,62.2,116.8,270.8,96.2,0,140.5],
            [90.2,129.3,154.7,67,127.3,80.1,141,57.1,140.5,0]
        ],
        "weight_matrix": [
            [0,3,3,3,3,3,3,3,3,3],
            [3,0,3,3,3,3,3,3,3,3],
            [3,3,0,3,3,3,3,3,3,3],
            [3,3,3,0,3,3,3,3,3,3],
            [3,3,3,3,0,3,3,3,3,3],
            [3,3,3,3,3,0,3,3,3,3],
            [3,3,3,3,3,3,0,3,3,3],
            [3,3,3,3,3,3,3,0,3,3],
            [3,3,3,3,3,3,3,3,0,3],
            [3,3,3,3,3,3,3,3,3,0]
        ],
        "probability_matrix": [
            [0,0.14641910303465236,0.20090776467321653,0.10277898044045274,0.20486357675292194,0.04494386290032904,0.0358564148611282,0.1233707547211323,0.06628113744864182,0.07457840516752509],
            [0.12260310301796737,0,0.169406656635522,0.19549961839043803,0.022023419901946947,0.2698594774883287,0.006325304430160966,0.1426748851711237,0.06254916600248457,0.009058368962027554],
            [0.08599784413322001,0.11228613022581757,0,0.10354512795462335,0.04498705771336861,0.2124945653160186,0.040596764271635666,0.019080035979576658,0.19880586749665588,0.1822066069090836],
            [0.028718951269809542,0.23924299947339972,0.027125343617521638,0,0.06570871126429724,0.10043277946355791,0.024048424904849687,0.07824777572100636,0.2098629687893394,0.22661204549621863],
            [0.06186001355749767,0.11232313435690171,0.14414500506249908,0.06141156255040463,0,0.10679587005909581,0.025410894368095772,0.22453112892170876,0.10446325279335296,0.15905913833044355],
            [0.0409802858398362,0.01241426242264938,0.17896953487756478,0.14147938778617586,0.1132755271254777,0,0.13138187671741722,0.17080025314972683,0.024806056741070965,0.18589281534008095],
            [0.0866525612632286,0.06818229779694984,0.1381240945797652,0.12648770132739748,0.19148196031932785,0.28297995501346984,0,0.013147335775281193,0.004918428088143331,0.08802566583643678],
            [0.10632925847501049,0.0053985942800535485,0.07571329126336915,0.10733315789944836,0.12259165251776181,0.14607043136671832,0.08677287804795752,0,0.14676399647302824,0.20302673967665263],
            [0.08433530161053414,0.0564598525031093,0.20780564158891957,0.03851350034468547,0.14503815523459643,0.04362054200967182,0.17340226485342314,0.22228535312424816,0,0.028539388730811896],
            [0.18116266339818266,0.09798858116976475,0.11471219077253514,0.005119303210771253,0.13184276640799464,0.11636690982161133,0.1881181713032047,0.11359986355056645,0.05108955036536916,0]
        ],
        "city_names": ["Amsterdam","Rotterdam","Den Haag","Utrecht","Eindhoven","Almere","Groningen","Nijmegen","Breda","Apeldoorn"],
        "reward_matrix": [
            [0,73456,83796,91775,54364,97352,34661,56603,61855,73619],
            [73456,0,99999,84977,65233,67350,4659,64745,90554,57702],
            [83796,99999,0,74637,54893,70810,8119,54405,80214,47362],
            [91775,84977,74637,0,72927,92712,30020,75166,80418,83064],
            [54364,65233,54893,72927,0,55300,1117,81761,85018,58516],
            [97352,67350,70810,92712,55300,0,47647,57539,62791,77731],
            [34661,4659,8119,30020,1117,47647,0,29695,100,52939],
            [56603,64745,54405,75166,81761,57539,29695,0,71177,87094],
            [61855,90554,80214,80418,85018,62791,100,71177,0,53143],
            [73619,57702,47362,83064,58516,77731,52939,87094,53143,0]
        ]
    },
    "vehicle_capacities": [5,5,15,30,30,30,30,30,30,30],
    "runs": [{
        "number_of_vehicles": 5,
        "avg_task_cost_vs_number_of_task": [999.4999999999999,598.25,672.3333333333334,504.25,470.6,427.1666666666666,366.14285714285705,363.375,341.22222222222223,307.1,289.09090909090907,320.75000000000006,328.03846153846155,317.32142857142856,339,307.65625,266.8235294117647,244.58333333333334,272.3421052631579,268.325,276.57142857142856,249.4090909090909,251.195652173913,236.70833333333334,229.98,233.78846153846158,251.14814814814815,248.58928571428572,198.12068965517244,219.08333333333334]
    }]
}