{
    "vehicle_starting_positions": ["Amsterdam","Rotterdam","Den Haag","Utrecht","Eindhoven","Almere","Groningen","Nijmegen","Breda","Apeldoorn"],
    "task_distribution": {
        "distance_matrix": [
            [0,90.6,65.2,45.6,137.5,31.9,185.9,132,119.1,90.2],
            [90.6,0,25.4,62.3,110.8,105.6,259.6,112,48.6,129.3],
            [65.2,25.4,0,87.7,136.2,97.1,251.1,137.4,74,154.7],
            [45.6,62.3,87.7,0,91.9,43.3,197.3,86.4,73.5,67],
            [137.5,110.8,136.2,91.9,0,135.2,268.3,70.2,62.2,127.3],
            [31.9,105.6,97.1,43.3,135.2,0,154,129.7,116.8,80.1],
            [185.9,259.6,251.1,197.3,268.3,154,0,198.1,270.8,141],
            [132,112,137.4,86.4,70.2,129.7,198.1,0,96.2,57.1],
            [119.1,48.6,74,73.5,62.2,116.8,270.8,96.2,0,140.5],
            [90.2,129.3,154.7,67,127.3,80.1,141,57.1,140.5,0]
        ],
        "weight_matrix": [
            [0,3,3,3,3,3,3,3,3,3],
            [3,0,3,3,3,3,3,3,3,3],
            [3,3,0,3,3,3,3,3,3,3],
            [3,3,3,0,3,3,3,3,3,3],
            [3,3,3,3,0,3,3,3,3,3],
            [3,3,3,3,3,0,3,3,3,3],
            [3,3,3,3,3,3,0,3,3,3],
            [3,3,3,3,3,3,3,0,3,3],
            [3,3,3,3,3,3,3,3,0,3],
            [3,3,3,3,3,3,3,3,3,0]
        ],
        "probability_matrix": [
            [0,0.15276182887426024,0.10857254870790634,0.10176799386599925,0.12075888428115941,0.0038319725879741406,0.17342895266247702,0.07830456871965902,0.1026712698351154,0.15790198046544923],
            [0.00797923843963505,0,0.004523155081813947,0.01219862607018469,0.1808830297056099,0.15382690151785333,0.1675518719380933,0.15975333645301862,0.11003641540463413,0.20324742538915702],
            [0.10318910349238256,0.2235385712255215,0,0.05515410343140851,0.20944071861407593,0.17016089858956854,0.06273782012405005,0.022982155906698522,0.1342752313843417,0.018521397231952747],
            [0.1066064304785891,0.02644303391216961,0.11734059124836925,0,0.013341215930460382,0.17173198187272867,0.07342286902196178,0.13796151653307218,0.18580454599672244,0.16734781500592658],
            [0.12612484049352368,0.03154398178375186,0.08749958170764756,0.14124634262294455,0,0.048918849375305676,0.12816561024304254,0.13335434267127103,0.16065351624357838,0.1424929348589346],
            [0.07318946092951277,0.04882560756087208,0.20585712901502826,0.21040158781343649,0.06244759072911749,0,0.1981783026027072,0.030569584433278174,0.13753894821575063,0.03299178870029688],
            [0.15573199753501216,0.09191446067066292,0.13841710359424547,0.13122408444187852,0.0444651936907992,0.05059992467763505,0,0.18941604531244854,0.05948883977365487,0.13874235030366322],
            [0.19644716448395938,0.02937450579088485,0.2281553435489894,0.10113776742157253,0.16210270435348456,0.010184037682078354,0.004128255021714742,0,0.019660279726480587,0.24880994197083547],
            [0.17674870594455805,0.0157359957416429,0.023944574313283246,0.18709434633400537,0.014029775848036375,0.1695353318289298,0.2171398387562652,0.014369449050042891,0,0.18140198218323603],
            [0.01394339726798104,0.22982584135597844,0.054502402241726554,0.057640219252063744,0.19847598620222512,0.05123483127398087,0.09588933250859748,0.08719451052304568,0.21129347937440107,0]
        ],
        "city_names": ["Amsterdam","Rotterdam","Den Haag","Utrecht","Eindhoven","Almere","Groningen","Nijmegen","Breda","Apeldoorn"],
        "reward_matrix": [
            [0,73456,83796,91775,54364,97352,34661,56603,61855,73619],
            [73456,0,99999,84977,65233,67350,4659,64745,90554,57702],
            [83796,99999,0,74637,54893,70810,8119,54405,80214,47362],
            [91775,84977,74637,0,72927,92712,30020,75166,80418,83064],
            [54364,65233,54893,72927,0,55300,1117,81761,85018,58516],
            [97352,67350,70810,92712,55300,0,47647,57539,62791,77731],
            [34661,4659,8119,30020,1117,47647,0,29695,100,52939],
            [56603,64745,54405,75166,81761,57539,29695,0,71177,87094],
            [61855,90554,80214,80418,85018,62791,100,71177,0,53143],
            [73619,57702,47362,83064,58516,77731,52939,87094,53143,0]
        ]
    },
    "vehicle_capacities": [5,5,20,20,20,30,30,30,30,30],
    "runs": [{
        "number_of_vehicles": 5,
        "avg_task_cost_vs_number_of_task": [687.5,580.75,522.5,542.1249999999999,720.8,600.6666666666667,548.3571428571428,512.4375,465.1111111111111,433.2,416.49999999999994,365.0833333333333,333.0769230769231,326.0357142857143,365.53333333333336,285.875,308.38235294117646,293.22222222222223,293.6842105263158,279.75,281.7380952380953,306.54545454545456,278.5869565217391,263.8958333333333,252.84,294.9807692307692,274.2962962962963,268.0892857142857,294.51724137931035,284.68333333333334]
    }]
}