{
    "vehicle_starting_positions": ["Amsterdam","Rotterdam","Den Haag","Utrecht","Eindhoven","Almere","Groningen","Nijmegen","Breda","Apeldoorn"],
    "task_distribution": {
        "distance_matrix": [
            [0,90.6,65.2,45.6,137.5,31.9,185.9,132,119.1,90.2],
            [90.6,0,25.4,62.3,110.8,105.6,259.6,112,48.6,129.3],
            [65.2,25.4,0,87.7,136.2,97.1,251.1,137.4,74,154.7],
            [45.6,62.3,87.7,0,91.9,43.3,197.3,86.4,73.5,67],
            [137.5,110.8,136.2,91.9,0,135.2,268.3,70.2,62.2,127.3],
            [31.9,105.6,97.1,43.3,135.2,0,154,129.7,116.8,80.1],
            [185.9,259.6,251.1,197.3,268.3,154,0,198.1,270.8,141],
            [132,112,137.4,86.4,70.2,129.7,198.1,0,96.2,57.1],
            [119.1,48.6,74,73.5,62.2,116.8,270.8,96.2,0,140.5],
            [90.2,129.3,154.7,67,127.3,80.1,141,57.1,140.5,0]
        ],
        "weight_matrix": [
            [0,3,3,3,3,3,3,3,3,3],
            [3,0,3,3,3,3,3,3,3,3],
            [3,3,0,3,3,3,3,3,3,3],
            [3,3,3,0,3,3,3,3,3,3],
            [3,3,3,3,0,3,3,3,3,3],
            [3,3,3,3,3,0,3,3,3,3],
            [3,3,3,3,3,3,0,3,3,3],
            [3,3,3,3,3,3,3,0,3,3],
            [3,3,3,3,3,3,3,3,0,3],
            [3,3,3,3,3,3,3,3,3,0]
        ],
        "probability_matrix": [
            [0,0.017870145035711278,0.11702899212317612,0.18581735220027487,0.13800785988938358,0.07139635669094957,0.17733036421913273,0.1655804776262162,0.06293893175600594,0.06402952045914972],
            [0.1315607670362719,0,0.11532340968476851,0.042789068507932924,0.12196969428059688,0.11495933556428614,0.06581506485393274,0.13536821645116567,0.12011303888402074,0.15210140473702433],
            [0.14045223465487885,0.1098986081538807,0,0.2205688232899451,0.2254989551233052,0.05144763300748257,0.05596656572284285,0.06122262105984659,0.010716894032082395,0.1242276649557359],
            [0.12384567192501286,0.2172027493347906,0.0693718161562415,0,0.13180428433719643,0.04492100389337187,0.1542518201797057,0.14582853319404399,0.06650544596809811,0.04626867501153888],
            [0.0736161320537709,0.13659441733530586,0.10904355839879624,0.17912441512381344,0,0.023095800208627178,0.17063824734159652,0.01953126477400484,0.15714195312578288,0.13121421163830221],
            [0.02463183575422342,0.15402431404431824,0.225726117098479,0.1038701530013973,0.21567135822216013,0,0.08762278494915458,0.05908159053881039,0.12494218891835646,0.004429657473100516],
            [0.10414421272576377,0.08193436266661663,0.18690946261966684,0.03435488145125458,0.22724585773336764,0.11441781895040493,0,0.07820084734895627,0.022438487764908036,0.15035406873906118],
            [0.07721945059437742,0.09915941646903018,0.019246434158420807,0.014164960491659807,0.07080318683650193,0.3728949658146053,0.01849100057007348,0,0.04376918887152987,0.2842513961938012],
            [0.11303033709606759,0.11928519725242225,0.12659077821363934,0.03677691990240388,0.09758865398026592,0.15542221812923865,0.15676524387000113,0.09884758932988001,0,0.09569306222608126],
            [0.023830625766747146,0.09964783918412073,0.12364961581087684,0.16390528927351952,0.10042907242545697,0.06106503721602369,0.04107581175556613,0.15312236002649485,0.23327434854119405,0]
        ],
        "city_names": ["Amsterdam","Rotterdam","Den Haag","Utrecht","Eindhoven","Almere","Groningen","Nijmegen","Breda","Apeldoorn"],
        "reward_matrix": [
            [0,73456,83796,91775,54364,97352,34661,56603,61855,73619],
            [73456,0,99999,84977,65233,67350,4659,64745,90554,57702],
            [83796,99999,0,74637,54893,70810,8119,54405,80214,47362],
            [91775,84977,74637,0,72927,92712,30020,75166,80418,83064],
            [54364,65233,54893,72927,0,55300,1117,81761,85018,58516],
            [97352,67350,70810,92712,55300,0,47647,57539,62791,77731],
            [34661,4659,8119,30020,1117,47647,0,29695,100,52939],
            [56603,64745,54405,75166,81761,57539,29695,0,71177,87094],
            [61855,90554,80214,80418,85018,62791,100,71177,0,53143],
            [73619,57702,47362,83064,58516,77731,52939,87094,53143,0]
        ]
    },
    "vehicle_capacities": [10,10,10,15,30,30,30,30,30,30],
    "runs": [{
        "number_of_vehicles": 5,
        "avg_task_cost_vs_number_of_task": [595.5,803.2499999999999,578.8333333333333,666.4999999999999,553.3,525.4166666666666,522.7142857142857,468.5,391.2222222222222,375.6,369.86363636363626,351.2916666666667,315.88461538461536,330.35714285714283,330.56666666666666,289.0625,292.2647058823529,262.80555555555554,248.97368421052633,240.00000000000006,228.9761904761905,231.13636363636368,268.7608695652174,234.91666666666666,233.08,235.92307692307693,254.12962962962962,246.26785714285714,229.10344827586206,233]
    }]
}