{
    "vehicle_starting_positions": ["Amsterdam","Rotterdam","Den Haag","Utrecht","Eindhoven","Almere","Groningen","Nijmegen","Breda","Apeldoorn"],
    "task_distribution": {
        "distance_matrix": [
            [0,90.6,65.2,45.6,137.5,31.9,185.9,132,119.1,90.2],
            [90.6,0,25.4,62.3,110.8,105.6,259.6,112,48.6,129.3],
            [65.2,25.4,0,87.7,136.2,97.1,251.1,137.4,74,154.7],
            [45.6,62.3,87.7,0,91.9,43.3,197.3,86.4,73.5,67],
            [137.5,110.8,136.2,91.9,0,135.2,268.3,70.2,62.2,127.3],
            [31.9,105.6,97.1,43.3,135.2,0,154,129.7,116.8,80.1],
            [185.9,259.6,251.1,197.3,268.3,154,0,198.1,270.8,141],
            [132,112,137.4,86.4,70.2,129.7,198.1,0,96.2,57.1],
            [119.1,48.6,74,73.5,62.2,116.8,270.8,96.2,0,140.5],
            [90.2,129.3,154.7,67,127.3,80.1,141,57.1,140.5,0]
        ],
        "weight_matrix": [
            [0,3,3,3,3,3,3,3,3,3],
            [3,0,3,3,3,3,3,3,3,3],
            [3,3,0,3,3,3,3,3,3,3],
            [3,3,3,0,3,3,3,3,3,3],
            [3,3,3,3,0,3,3,3,3,3],
            [3,3,3,3,3,0,3,3,3,3],
            [3,3,3,3,3,3,0,3,3,3],
            [3,3,3,3,3,3,3,0,3,3],
            [3,3,3,3,3,3,3,3,0,3],
            [3,3,3,3,3,3,3,3,3,0]
        ],
        "probability_matrix": [
            [0,0.20800767943527057,0.07991898038109142,0.1265607215012061,0.010172087776821987,0.026204662713028338,0.18173388069305735,0.16603165152610908,0.12351822706834518,0.07785210890507022],
            [0.06823957415149143,0,0.021995429873374352,0.029752597353961328,0.24480404848974288,0.20660138973402314,0.027624847171405963,0.10439612045033674,0.10100903117958109,0.19557696159608287],
            [0.09511970311741602,0.1800653444210585,0,0.02981633395630729,0.14416189957994976,0.04893550440070907,0.1901379840232155,0.0504594711976833,0.22796309180988852,0.033340667493772146],
            [0.12671296510322522,0.15165090934390787,0.16924814484063774,0,0.121991644825637,0.05823096263262499,0.10640370194603942,0.07263909465962262,0.13331622428067735,0.05980635236762787],
            [0.14271465858244226,0.17555175839452758,0.002069821041016446,0.09926561635847429,0,0.18472889216074226,0.18128291988818995,0.14177257179818709,0.0588058935634668,0.013807868212953368],
            [0.046311221490244595,0.10676300645157473,0.11178197827185637,0.15116516555666443,0.15295334214109002,0,0.10627326679948605,0.11596768699304184,0.07813381978091025,0.13065051251513163],
            [0.0858319852032499,0.022707098435636397,0.21271978755582996,0.05547677933857682,0.25654710892224303,0.12531770068127243,0,0.1682659906927464,0.05261757635915482,0.02051597281129011],
            [0.08453865919008503,0.11754242442746975,0.11105098674670699,0.04471119423306064,0.20404932039561552,0.07392620232906197,0.06866191173504946,0,0.16454208035834245,0.1309772205846082],
            [0.19841526718017236,0.06125864048879688,0.10661530032003314,0.10087540146178212,0.19261612196274622,0.003954600025843882,0.20080821556679723,0.00563515095951989,0,0.12982130203430836],
            [0.13744659621699304,0.19511318201797204,0.07232725267705778,0.04689106001685819,0.03934030230864292,0.19298855331818818,0.15177046221338902,0.11778087308177572,0.04634171814912332,0]
        ],
        "city_names": ["Amsterdam","Rotterdam","Den Haag","Utrecht","Eindhoven","Almere","Groningen","Nijmegen","Breda","Apeldoorn"],
        "reward_matrix": [
            [0,73456,83796,91775,54364,97352,34661,56603,61855,73619],
            [73456,0,99999,84977,65233,67350,4659,64745,90554,57702],
            [83796,99999,0,74637,54893,70810,8119,54405,80214,47362],
            [91775,84977,74637,0,72927,92712,30020,75166,80418,83064],
            [54364,65233,54893,72927,0,55300,1117,81761,85018,58516],
            [97352,67350,70810,92712,55300,0,47647,57539,62791,77731],
            [34661,4659,8119,30020,1117,47647,0,29695,100,52939],
            [56603,64745,54405,75166,81761,57539,29695,0,71177,87094],
            [61855,90554,80214,80418,85018,62791,100,71177,0,53143],
            [73619,57702,47362,83064,58516,77731,52939,87094,53143,0]
        ]
    },
    "vehicle_capacities": [10,10,15,30,30,30,30,30,30,30],
    "runs": [{
        "number_of_vehicles": 5,
        "avg_task_cost_vs_number_of_task": [432,432.5,475,593.625,585.7,509.25,469.07142857142856,487.375,433.22222222222223,445.8,388.27272727272725,356.7916666666667,363.15384615384613,325.17857142857144,298.56666666666666,280,308.7647058823529,307.80555555555554,279.94736842105266,289.2500000000001,269.0238095238095,254.72727272727272,258.82608695652175,268.0208333333333,256.74,262.46153846153845,250.72222222222226,229.03571428571428,223.56896551724137,241.69999999999996]
    }]
}