{
    "vehicle_starting_positions": ["Amsterdam","Rotterdam","Den Haag","Utrecht","Eindhoven","Almere","Groningen","Nijmegen","Breda","Apeldoorn"],
    "task_distribution": {
        "distance_matrix": [
            [0,90.6,65.2,45.6,137.5,31.9,185.9,132,119.1,90.2],
            [90.6,0,25.4,62.3,110.8,105.6,259.6,112,48.6,129.3],
            [65.2,25.4,0,87.7,136.2,97.1,251.1,137.4,74,154.7],
            [45.6,62.3,87.7,0,91.9,43.3,197.3,86.4,73.5,67],
            [137.5,110.8,136.2,91.9,0,135.2,268.3,70.2,62.2,127.3],
            [31.9,105.6,97.1,43.3,135.2,0,154,129.7,116.8,80.1],
            [185.9,259.6,251.1,197.3,268.3,154,0,198.1,270.8,141],
            [132,112,137.4,86.4,70.2,129.7,198.1,0,96.2,57.1],
            [119.1,48.6,74,73.5,62.2,116.8,270.8,96.2,0,140.5],
            [90.2,129.3,154.7,67,127.3,80.1,141,57.1,140.5,0]
        ],
        "weight_matrix": [
            [0,3,3,3,3,3,3,3,3,3],
            [3,0,3,3,3,3,3,3,3,3],
            [3,3,0,3,3,3,3,3,3,3],
            [3,3,3,0,3,3,3,3,3,3],
            [3,3,3,3,0,3,3,3,3,3],
            [3,3,3,3,3,0,3,3,3,3],
            [3,3,3,3,3,3,0,3,3,3],
            [3,3,3,3,3,3,3,0,3,3],
            [3,3,3,3,3,3,3,3,0,3],
            [3,3,3,3,3,3,3,3,3,0]
        ],
        "probability_matrix": [
            [0,0.059713882192543276,0.27307487459124075,0.031319927493419594,0.10248359295887216,0.08483074349980882,0.2524888254278006,0.020771012673168502,0.09533609582300386,0.0799810453401426],
            [0.18274341825039805,0,0.13262930731522435,0.22939549924400165,0.04646924067055274,0.10331087619546042,0.17211335672167627,0.030532857144682082,0.02160153485556591,0.08120390960243855],
            [0.12506669956897945,0.16409679629320303,0,0.1307574561870233,0.06119113020845798,0.04872652665344787,0.08833202943111355,0.1785507073053815,0.15234567356718273,0.05093298078521063],
            [0.12879786496854792,0.007503318363366406,0.15352327784600017,0,0.17648942353779223,0.026840057175943455,0.16855801323840874,0.09166774455265687,0.15798227554435088,0.0886380247729334],
            [0.16941141478096322,0.03396216722634747,0.14157297870236396,0.0739760410614273,0,0.13559191018844455,0.1375106485024867,0.09700798232571463,0.09591639662155356,0.11505046059069857],
            [0.1323238776532292,0.15237114483488434,0.008730949375600221,0.16930791058233643,0.0549608763663717,0,0.16916724199002706,0.08816528571437543,0.14028799423828905,0.08468471924488674],
            [0.2018641307473564,0.04220697815236325,0.20305819903821182,0.17489514353845553,0.03510432254091268,0.11636867546731895,0,0.0028084550637170803,0.15940450311921908,0.06428959233244506],
            [0.03202117431531893,0.16028503064736502,0.13257270770289675,0.02063821602789169,0.07540283070622852,0.08644574561183546,0.12293613030770476,0,0.18505395396135096,0.1846442107194079],
            [0.20528675327972914,0.12767747934441004,0.1882313997008287,0.06111891202697877,0.011600371832641248,0.027524142005767888,0.07585400807853408,0.14843038261727362,0,0.15427655111383673],
            [0.18511741229706904,0.1821640762280746,0.0021053548001054405,0.08190586103431798,0.17618808888492438,0.11537094856327364,0.05898056042554987,0.1495707904286668,0.04859690733801822,0]
        ],
        "city_names": ["Amsterdam","Rotterdam","Den Haag","Utrecht","Eindhoven","Almere","Groningen","Nijmegen","Breda","Apeldoorn"],
        "reward_matrix": [
            [0,73456,83796,91775,54364,97352,34661,56603,61855,73619],
            [73456,0,99999,84977,65233,67350,4659,64745,90554,57702],
            [83796,99999,0,74637,54893,70810,8119,54405,80214,47362],
            [91775,84977,74637,0,72927,92712,30020,75166,80418,83064],
            [54364,65233,54893,72927,0,55300,1117,81761,85018,58516],
            [97352,67350,70810,92712,55300,0,47647,57539,62791,77731],
            [34661,4659,8119,30020,1117,47647,0,29695,100,52939],
            [56603,64745,54405,75166,81761,57539,29695,0,71177,87094],
            [61855,90554,80214,80418,85018,62791,100,71177,0,53143],
            [73619,57702,47362,83064,58516,77731,52939,87094,53143,0]
        ]
    },
    "vehicle_capacities": [15,25,25,25,25,30,30,30,30,30],
    "runs": [{
        "number_of_vehicles": 5,
        "avg_task_cost_vs_number_of_task": [971.5,762.75,876,688.75,626.9,539,517.4285714285714,420.5625,424.8333333333333,390.35,404.27272727272725,391.37500000000006,315.11538461538464,307.89285714285717,308.1333333333333,349.75,350.1764705882353,319.0000000000001,305.0789473684211,416.2500000000001,295.9761904761905,243.06818181818187,268.60869565217394,283.7291666666667,267.7,295.8269230769231,231.16666666666666,250.57142857142858,208.4827586206897,256.5666666666667]
    }]
}